Handle,Title,Body (HTML),Vendor,Type,Tags,Published,Option1 Name,Option1 Value,Variant SKU,Variant Price,Variant Compare At Price,Variant Requires Shipping,Variant Taxable,Image Src,Image Alt Text,Gift Card,Status
neem-bodywash-new,Neem Bodywash,,Little Joys,,"kids, little-joys",TRUE,Title,Default Title,MWLJSKP.0009.B0_N,249.00,349.00,TRUE,TRUE,,Neem Bodywash,FALSE,active
nutrimix-nutrition-powder,NutriMix Nutrition Powder 3,"🌾<b>5g of protein </b>per serving of Nutrimix, essential for kids aged 2-6 for for overall health and development. <br><br>🥛 Can be had as morning milk or a yummy afternoon milkshake! <br><br>⬆️<b>Healthy nutrition </b> with plant-based protein sources like <b>moong dal, peas</B> and <b>brown rice</b>.<br><br>🛡️<b>Boosts immunity </b>with superfoods like <b>ragi & bajra</b> and <b>23 vitamins & minerals.</b><br><br>💪🏼 Ensures <b>healthy development</b> with the goodness of <b>almonds and walnuts</b>. <br><br>🦴 <b>Calcium </b>to help build <b>strong bones </b>and <b>DHA</b> (omega3) for healthy<b> brain development. </b><br><br>🚫<b> ZERO white sugar</b>. <b>Naturally sweetened</b> with <b>jaggery</b> and <b>dates</b>.<br><br>To be given only under medical advice by a physician or certified dietician or nutritionist for children 2–5 years.",Little Joys,milkmix,"milkmix, kids, little-joys",TRUE,Title,Default Title,MWLJNTP.0003.B0_N,549.00,649.00,TRUE,TRUE,https://i.mscwlns.co/media/misc/others/Nutrimix%20Chocolate%20Nutrition%20Powder_aknw9r.jpg?tr=w-600,NutriMix Nutrition Powder 3,FALSE,active
brain-booster-gummies,Brain Health Gummies,"► <b>For Ages 2+</b></br></br>

► Our <b>DHA Brain Gummies</b> boost memory, concentration and long term brain development!</br></br>

► Powered by <b>DHA & Choline</b> + with 8 nutrients and 4 delicious fruits and veggies.</br></br>

► <b>Bonus?</b> It has zero added sugar!</br></br>

<b>30 Gummies | 100% Safe | Pediatrician Recommended</b></br></br>To be given only under medical advice by a physician or certified dietician or nutritionist for children 2–5 years.",Little Joys,gummies,"gummies, kids, little-joys",TRUE,Title,Default Title,MWLJNTP.0007.B0_N,499.00,549.00,TRUE,TRUE,https://i.mscwlns.co/media/misc/others/DHA%20Omega3%20Brain%20Gummies%202%2B%20%2830N%29_47ta0n.jpg?tr=w-600,Brain Health Gummies,FALSE,active
multivitamin-gummies-pack-2,Multivitamin Gummies (60),"<b>For best results, use consistently for 3 months</b><br/><br/>✅ <b>11+ vitamins & minerals</b> for your little one's <b>daily nutritional needs</b>.<br><br>🍎 Contains <b>6 real fruits & vegetables</b>! Fulfills any nutrition gaps in diet due to fussy or picky eating.<br/><br/>🛡️ Contains <b>Vitamin C, Turmeric (Haldi), Vitamin B12 & Zinc</b> which are known to <b>boost immunity.</b><br/><br/>🚫 ZERO ADDED SUGAR - Uses a <b>prebiotic fibre chicory root</b> as its base. Along with gut health and immunity benefits it provides <b>natural sweetness</b> to the gummy.</br></br>🚫 <b>No artificial colours, flavours or preservatives</b>. Only the YUMMIEST, CLEANEST, HEALTHIEST gummy!<br><br><b>60 Gummies | 100% Safe | Paediatrician Recommended <br/><br/> <b>Contains ingredients that help : </b>",Little Joys,gummies,"gummies, kids, little-joys",TRUE,Title,Default Title,MWLJNTP.00023.B0_N,749.00,999.00,TRUE,TRUE,https://i.mscwlns.co/media/misc/pdp/multivitamin-gummies-pack-2/multivitamin-gummies%202%2B%2060N_j34v8y.png?tr=w-600,Multivitamin Gummies (60),FALSE,active
multivitamin-gummies,Multivitamin Gummies ,"<b>For best results, use consistently for 3 months</b><br/><br/>✅ <b>11+ vitamins & minerals</b> for your little one's <b>daily nutritional needs</b>.<br><br>🍎 Contains <b>6 real fruits & vegetables</b>! Fulfills any nutrition gaps in diet due to fussy or picky eating.<br/><br/>🛡️ Contains <b>Vitamin C, Turmeric (Haldi), Vitamin B12 & Zinc</b> which are known to <b>boost immunity.</b><br/><br/>🚫 ZERO ADDED SUGAR - Uses a <b>prebiotic fibre chicory root</b> as its base. Along with gut health and immunity benefits it provides <b>natural sweetness</b> to the gummy.</br></br>🚫 <b>No artificial colours, flavours or preservatives</b>. Only the YUMMIEST, CLEANEST, HEALTHIEST gummy!<br><br><b>30 Gummies | 100% Safe | Paediatrician Recommended <br/><br/>To be given only under medical advice by a physician or certified dietician or nutritionist for children 2–5 years.<br/><b>Contains ingredients that help : </b>",Little Joys,gummies,"gummies, kids, little-joys",TRUE,Title,Default Title,MWLJNTP.0002.B0_N,499.00,,TRUE,TRUE,https://i.mscwlns.co/media/misc/others/Multivitamin%20Gummies%202%2B%20%2830%20Days%20Pack%29_lwfoq5.jpg?tr=w-600,Multivitamin Gummies ,FALSE,active
brain-booster-gummies-pack-2,DHA Brain Health Gummies (60N),"► Our <b>DHA Brain Gummies</b> boost memory, concentration and long term brain development!<br/><br/>► Powered by DHA & Choline + with 8 nutrients and 4 delicious fruits and veggies.<br/><br/>► Bonus? It has zero added sugar!<br/><br/><b>60 Gummies | 100% Safe | Pediatrician Recommended</b><br/><br/>To be given only under medical advice by a physician or certified dietician or nutritionist for children 2–5 years.",Little Joys,gummies,"gummies, kids, little-joys",TRUE,Title,Default Title,MWLJNTP.00532.B0_N,899.00,999.00,TRUE,TRUE,https://i.mscwlns.co/media/misc/others/DHA%20Omega3%20Brain%20Gummies%202%2B%20%2860N%29_ivzdpg.jpg?tr=w-600,DHA Brain Health Gummies (60N),FALSE,active
nutrimix-nutrition-powder-pack-3,Nutrimix Chocolate (1kg),"🌾<b>6g of Protein </b>per serving of <b>Nutrimix</b>, essential for kids aged 2-6 for <b> healthy growth & development</b>.<br><br>⬆️ <b>Overall Health & Development</b> with plant-based protein sources like <b>moong dal, peas</B> and <b>brown rice</b>.<br><br>🛡️<b>Boosts immunity </b>with superfoods like <b>ragi & bajra</b> and <b>23+ vitamins & minerals.</b><br><br>💪🏼 Ensures <b>healthy weight gain</b> with the goodness of <b>almonds and walnuts</b>. <br><br>🦴 <b>Calcium </b>to help build <b>strong bones </b>and <b>DHA</b> (omega3) for healthy<b> brain development. </b><br><br>🚫<b> ZERO white sugar</b>.<b>Naturally sweetened</b> with <b>jaggery</b> and <b>dates</b>.<br><br>To be given only under medical advice by a physician or certified dietician or nutritionist for children 2–5 years.",Little Joys,milkmix,"milkmix, kids, little-joys",TRUE,Title,Default Title,MWLJNTP.00507.B0_N,1399.00,,TRUE,TRUE,https://i.mscwlns.co/media/misc/others/Nutrimix%202%2B%20Chocolate%20%281kg%29_kw9p7q.jpg?tr=w-600,Nutrimix Chocolate (1kg),FALSE,active
nutrimix-nutrition-powder-1,NutriMix Nutrition Powder(400g),"► Promotes natural height growth, strength & immunity<br/><br/>► Packed with protein, calcium and vitamin D3<br/><br/>► Protein content equivalent to 3 bowls of dal<br/><br/>► Contains Ragi, Bajra & Oats <br/><br/>► Includes almonds, walnuts, chia and flax seeds<br/><br/>► Naturally sweetened with jaggery & dates<br/><br/><b>No side effects | Paediatrician Recommended | 400 grams | Chocolate Flavoured | Gluten Free</b>",Little Joys,milkmix,"milkmix, kids, little-joys",TRUE,Title,Default Title,MWLJNTK.00022.B0_N,599.00,699.00,TRUE,TRUE,https://i.mscwlns.co/media/misc/pdp/nutrimix-nutrition-powder/Nutrimiz_WBG_5gjc5h.jpg?tr=w-600,NutriMix Nutrition Powder(400g),FALSE,active
peppa-body-lotion-for-kids,Moisturizing Body Lotion ,"Want to keep your child's skin feeling cotton-smooth?<br/><br/>Our moisturising lotion is enriched with aloe vera and extract for soothing, nourishing and hydrating dry skin.<br/><br/>This non-greasy formula is made safe certified and 100% free of harmful chemicals.",Little Joys,personal-care,"personal-care, kids, little-joys",TRUE,Title,Default Title,MWLJSKP.0002.B0_N,349.00,,TRUE,TRUE,https://i.mscwlns.co/media/misc/pdp/peppa-body-lotion-for-kids/2850%20Cr%206_5jxs82.jpg?tr=w-800,Moisturizing Body Lotion ,FALSE,active
peppa-shampoo-and-bodywash-for-kids,Tip - 2 - Toe: Shampoo + Body Wash,"Our <b>dermatologist approved, natural 2-in-1 cleanser</b> is packed with <b>Aloe Vera, Neem and Oat Extracts</b> for your little one's hair and skin.</br></br>
► <b>Natural & Organic wash</b> for your child's delicate body.</br></br>
► <b>Deep cleanses</b> and protects your skin and scalp.</br></br>
► Leaves skin feeling <b>fresh, soft, and moisturised</b>.</br></br>
► <b>Doctor-approved formulation - 100% Safe</b>.</br></br>
► Child-friendly formula made for <b>'tear-free' bath-time</b>.</br></br>
► Free of <b>paraben, sulphate, and toxins</b>.</br></br>
► <b>Smells nice!</b></br>",Little Joys,personal-care,"personal-care, kids, little-joys",TRUE,Title,Default Title,MWLJHYP.0001.B0_N,299.00,,TRUE,TRUE,https://i.mscwlns.co/media/misc/others/peppa-shampoo-and-bodywash-for-kids_61tapu.jpg?tr=w-600,Tip - 2 - Toe: Shampoo + Body Wash,FALSE,active
peppa-face-mask-for-kids,Face Mask,"<b>► For Ages 2-5</b><br/><br/> Not all superheroes wear capes, but they wear a mask! These 5 masks come with attractive Peppa Pig designs, which excite your kid and increase their desire to wear them everywhere!<br/><br/>This mask is perfect for long-time wear, is 100% breathable material is also reusable, making it a greener choice!<br/><br/>The adjustable straps make it easier for the mask to sit comfortably on their ears, causing no dents or rashes.<br/><br/>Made to fit girls and boys above the age of 3, these masks fit comfortably around the jawline and nose, making them perfect for daily wear.<br/><br/>Material used : Cotton and Polyester",Little Joys,personal-care,"personal-care, kids, little-joys",TRUE,Title,Default Title,MWLJPCP.0005.B0_N,499.00,,TRUE,TRUE,https://i.mscwlns.co/media/misc/pdp/peppa-face-mask-for-kids/Mask_F_3T9AM74.png?tr=w-600,Face Mask,FALSE,active
kids-boys-underwear-4-to-5-years,Boys Underwear (4-5 years),"All superheroes require a pair of briefs that fit and look good! Little Joys Briefs for Boys is just what your little hero needs. This pack of 3 briefs come in an attractive Peppa Pig design to add to the style quotient! <br/><br/> Each brief is made of <b>100% cotton</b> and is designed to give you full coverage without leaving elastic marks on your kid's waist and thighs. <br/><br/> Since these briefs are made of 100% cotton, they are <b>breathable</b>, giving your kid freedom from irritation, rashes and infections. It also helps <b>absorb sweat quickly!</b> <br/><br/> Made to fit boys <b>aged 2-6</b>, these briefs fit perfectly around your waist and legs for them to jump, run and relax comfortably.",Little Joys,personal-care,"personal-care, kids, little-joys",TRUE,Title,Default Title,MWLJPCP.0008.B0_N,629.00,,TRUE,TRUE,https://i.mscwlns.co/media/misc/pdp/kids-boys-underwear-4-to-5-years/27.12_Underwear_4-5_Years_BnIspoA3-.png?tr=w-600,Boys Underwear (4-5 years),FALSE,active
kids-girls-underwear-2-to-3-years,Girls Underwear (2-3 years),"► <b>NutriMix</b> : Naturally sweetened & packed with ragi, bajra, oats along with plant based protein like moong dal, brown rice & peas.<br/><br/>► <b>Multivitamin gummies</b> : For picky eaters with 0 added sugar, 12 essential vitamins & minerals & 6 fruits and veggies.<br/><br/>► <b>Eye Health Gummies</b> : To protect your little one's eyes from damage caused by screen time with 0 added sugar. Enriched with Amla & Vitamin C.<br/><br/>► <b>DHA Brain Gummies</b> :  To boost brain health, cognition, memory, mood & sleep quality<br/><br/><b>No Side Effects | Pediatrician Recommended</b>",Little Joys,nutrition,"nutrition, kids, little-joys",TRUE,Title,Default Title,MWLJPCP.0009.B0_N,629.00,,TRUE,TRUE,https://i.mscwlns.co/mosaic-wellness/image/upload/v1652434213/Little%20Joys/PDP/HBK/HBK1.jpg,Girls Underwear (2-3 years),FALSE,active
kids-boys-underwear-2-to-3-years,Boys Underwear (2-3 years),"All superheroes require a pair of briefs that fit and look good! Little Joys Briefs for Boys is just what your little hero needs. This pack of 3 briefs come in an attractive Peppa Pig design to add to the style quotient! <br/><br/> Each brief is made of <b>100% cotton</b> and is designed to give you full coverage without leaving elastic marks on your kid's waist and thighs. <br/><br/> Since these briefs are made of 100% cotton, they are <b>breathable</b>, giving your kid freedom from irritation, rashes and infections. It also helps <b>absorb sweat quickly!</b> <br/><br/> Made to fit boys <b>aged 2-6</b>, these briefs fit perfectly around your waist and legs for them to jump, run and relax comfortably.",Little Joys,personal-care,"personal-care, kids, little-joys",TRUE,Title,Default Title,MWLJPCP.0006.B0_N,629.00,,TRUE,TRUE,https://i.mscwlns.co/media/misc/pdp/kids-boys-underwear-2-to-3-years/1.1_yUtcXSUM6.jpg?tr=w-600,Boys Underwear (2-3 years),FALSE,active
kids-boys-underwear-3-to-4-years,Boys Underwear (3-4 years),"All superheroes require a pair of briefs that fit and look good! Little Joys Briefs for Boys is just what your little hero needs. This pack of 3 briefs come in an attractive Peppa Pig design to add to the style quotient! <br/><br/> Each brief is made of <b>100% cotton</b> and is designed to give you full coverage without leaving elastic marks on your kid's waist and thighs. <br/><br/> Since these briefs are made of 100% cotton, they are <b>breathable</b>, giving your kid freedom from irritation, rashes and infections. It also helps <b>absorb sweat quickly!</b> <br/><br/> Made to fit boys <b>aged 2-6</b>, these briefs fit perfectly around your waist and legs for them to jump, run and relax comfortably.",Little Joys,personal-care,"personal-care, kids, little-joys",TRUE,Title,Default Title,MWLJPCP.0007.B0_N,629.00,,TRUE,TRUE,https://i.mscwlns.co/media/misc/pdp/kids-boys-underwear-2-to-3-years/27.12_Underwear_3-4_Years_9Zuejb-qsY.png?tr=w-600,Boys Underwear (3-4 years),FALSE,active
kids-girls-underwear-3-to-4-years,Girls Underwear (3-4 years),"► <b>NutriMix</b> : Naturally sweetened & packed with ragi, bajra, oats along with plant based protein like moong dal, brown rice & peas.<br/><br/>► <b>Multivitamin gummies</b> : For picky eaters with 0 added sugar, 12 essential vitamins & minerals & 6 fruits and veggies.<br/><br/>► <b>Eye Health Gummies</b> : To protect your little one's eyes from damage caused by screen time with 0 added sugar. Enriched with Amla & Vitamin C.<br/><br/>► <b>DHA Brain Gummies</b> :  To boost brain health, cognition, memory, mood & sleep quality<br/><br/><b>No Side Effects | Pediatrician Recommended</b>",Little Joys,nutrition,"nutrition, kids, little-joys",TRUE,Title,Default Title,MWLJPCP.00010.B0_N,629.00,,TRUE,TRUE,https://i.mscwlns.co/mosaic-wellness/image/upload/v1652434213/Little%20Joys/PDP/HBK/HBK1.jpg,Girls Underwear (3-4 years),FALSE,active
hair-gummies,Hair Gummies (30),"<b>For best results, use consistently for 3 months</b><br/><br/><b>► For Ages 4-15</b><br/><br/> ► Zero added sugar multivitamin hair gummies with 8 vitamins and minerals & 6 fruits and veggies.<br/><br/>► Contains Zinc and SesZen-Bio for hair growth and repair.<br/><br/>► Bridges vitamin deficiencies and boosts overall hair health.<br/><br/>► Plant-based strawberry flavoured supplements.<br/><br/>► Perfect alternative for bitter hair pills and syrups.<br/><br/><b>30 Gummies | No side effects | Paediatrician Recommended</b>",Little Joys,gummies,"gummies, kids, little-joys",TRUE,Title,Default Title,MWLJNTK.00062.B0_N,499.00,,TRUE,TRUE,https://i.mscwlns.co/media/misc/pdp/hair-gummies/Hair-gummies_1000X750___1__Tx5NnxxbzN.jpg?tr=w-600,Hair Gummies (30),FALSE,active
nutrimix-nutrition-powder-700g-pouch,NutriMix Nutrition Powder (700g Pouch),"🌾 <b>6g of protein per serving of Nutrimix</b>, essential for kids aged 2-6 for overall health and development.</br></br>🥛 Can be had as <b>morning milk</b> or a <b>yummy afternoon milkshake</b>!</br></br>⬆️ Healthy nutrition with <b>plant-based protein sources</b> like moong dal, peas, and brown rice.</br></br>🛡️ Boosts immunity with <b>superfoods like ragi & bajra</b> and <b>23 vitamins & minerals</b>.</br></br>💪🏼 Ensures healthy development with the goodness of <b>almonds and walnuts</b>.</br></br>🦴 <b>Calcium</b> to help build strong bones and <b>DHA (omega3)</b> for healthy brain development.</br></br>🚫 <b>ZERO white sugar</b>. Naturally sweetened with <b>jaggery and dates</b>.</br></br>To be given only under medical advice by a physician or certified dietician or nutritionist for children 2–5 years.",Little Joys,milkmix,"milkmix, kids, little-joys",TRUE,Title,Default Title,MWLJNTP.00033.B0_N,999.00,1199.00,TRUE,TRUE,https://i.mscwlns.co/media/misc/others/Nutrimix%20Pouch%20%28700g%29_a9g1y2.jpg?tr=w-600,NutriMix Nutrition Powder (700g Pouch),FALSE,active
nutrimix-nutrition-powder-strawberry,NutriMix Nutrition Powder (Strawberry),"🌾<b>5g of Protein </b>per serving of <b>Nutrimix</b>, essential for kids aged 2-6 for <b>overall health and development.</b><br><br>⬆️ <b>Healthy nutrition </b> with plant-based protein sources like <b>moong dal, peas</B> and <b>brown rice</b>.<br><br>🛡️<b>Boosts immunity </b>with superfoods like <b>ragi & bajra</b> and <b>23 vitamins & minerals.</b><br><br>💪🏼 Ensures <b>healthy development</b> with the goodness of <b>almonds and walnuts</b>. <br><br>🦴 <b>Calcium </b>to help build <b>strong bones </b>and <b>DHA</b> (omega3) for healthy<b> brain development. </b><br><br>🚫<b> ZERO white sugar</b>. <b>Naturally sweetened</b> with <b>jaggery</b> and <b>dates</b>.<br><br>
<b>To be given only under medical advice by a physician or certified dietician or nutritionist for children 2–5 years.</b>
",Little Joys,milkmix,"milkmix, kids, little-joys",TRUE,Title,Default Title,MWLJNTP.00034.B0_N,699.00,,TRUE,TRUE,https://i.mscwlns.co/media/misc/others/Nutrimix%20Strawberry%20Nutrition%20Powder_3yhb0p.jpg?tr=w-600,NutriMix Nutrition Powder (Strawberry),FALSE,active
lip-balm-for-kids-non-tinted,Natural Lip Balm,"Keep your kid's delicate lips moisture-filled for 12+ hours with Little Joys 100% Natural Lip Balm.<br/><br/>We've formulated this lip balm with child-friendly waxes and ingredients like Shea Butter, Milk Protein and Castor Seed Oil to lock in moisture without worrying about any side effects.<br/><br/>A perfect solution when you want to heal and soothe chapped lips with a bit of tint!",Little Joys,personal-care,"personal-care, kids, little-joys",TRUE,Title,Default Title,MWLJSKP.0003.B0_N,349.00,,TRUE,TRUE,https://i.mscwlns.co/media/misc/others/Natural%20Lip%20Balm_f33jk4.jpg?tr=w-600,Natural Lip Balm,FALSE,active
multivitamin-gummies-pack-3pouch,Multivitamin Gummies (90),"<b>For best results, use consistently for 3 months</b><br/><br/>✅ <b>11+ vitamins & minerals</b> for your little one's <b>daily nutritional needs</b>.<br><br>🍎 Contains <b>6 real fruits & vegetables</b>! Fulfills any nutrition gaps in diet due to fussy or picky eating.<br/><br/>🛡️ Contains <b>Vitamin C, Turmeric (Haldi), Vitamin B12 & Zinc</b> which are known to <b>boost immunity.</b><br/><br/>🚫 ZERO ADDED SUGAR - Uses a <b>prebiotic fibre chicory root</b> as its base. Along with gut health and immunity benefits it provides <b>natural sweetness</b> to the gummy.</br></br>🚫 <b>No artificial colours, flavours or preservatives</b>. Only the YUMMIEST, CLEANEST, HEALTHIEST gummy!<br><br><b>90 Gummies | 100% Safe | Paediatrician Recommended <br/><br/>To be given only under medical advice by a physician or certified dietician or nutritionist for children 2–5 years.<br/><br/><b>Contains ingredients that help : </b>",Little Joys,gummies,"gummies, kids, little-joys",TRUE,Title,Default Title,MWLJNTP.00056.B0_N,999.00,1449.00,TRUE,TRUE,https://i.mscwlns.co/media/misc/pdp/multivitamin-gummies-pack-3pouch/multivitamin-gummies-pack-3pouch_wat2yx.jpg?tr=w-600,Multivitamin Gummies (90),FALSE,active
nutritionist-consult,Expert Nutritionist Consult,► <b>Expert Guidance on Immunity & Growth Concerns</b><br/><br/>► <b>Unlimited follow-ups<br/><br/></b>► <b>Customised diet plan to keep your kid healthy</b>,Little Joys,others,"others, kids, little-joys",TRUE,Title,Default Title,MWLJGNP.0004.B1_N,199.00,,TRUE,TRUE,https://i.mscwlns.co/media/misc/consult/Untitled_design__16__hXQ9wb1-O.png,Expert Nutritionist Consult,FALSE,active
nutrimix-nutrition-powder-and-consult,Nutrimix & Nutritionist Consult,"Our bundle includes:<br/><br/>► Unlimited consultations with a certified child nutritionist👩‍⚕️<br/>► Nutrimix Nutrition Powder(400g)<br/>► Personalised health plan🍱 for your child<br/>► Ongoing support from a personal health coach to help your child stay on track. <br/><br/><b>Nutrimix Nutrition Powder</b><br/><br/>► Promotes natural height growth, strength & immunity<br/>► Packed with protein, calcium and vitamin D3<br/>► Contains Ragi, Bajra & Oats <br/>► Includes almonds, walnuts, chia and flax seeds<br/>► Naturally sweetened with jaggery & dates<br/><br/><b>How to use Nutrimix nutrition powder:</b> For 2 years and older, mix 2 scoops (30 grams) of the nutrition powder with 200 ml milk or water daily. Then shake things up! <br/><br/><b>No side effects | Paediatrician Recommended | 400 grams | Chocolate Flavoured | Gluten Free</b><br/><br/>",Little Joys,milkmix,"milkmix, kids, little-joys",TRUE,Title,Default Title,MWLJNTK.00063.B0_N,699.00,899.00,TRUE,TRUE,https://i.mscwlns.co/media/misc/consult/Untitled_design__8__3Ym42m8pj.png,Nutrimix & Nutritionist Consult,FALSE,active
nutrimix-nutrition-powder-and-shaker-for-kids,Nutrimix + Shaker,"<b>For best results, use consistently for 3 months</b><br/><br/> ► <b>For Ages 2-9</b><br/><br/>► Naturally sweetened with jaggery and dates<br/><br/>► Contains Ragi, Bajra & Oats for digestive health<br/><br/>► Combination of Moong Dal, Brown Rice & Peas (plant based natural protein) to fuel a child’s growing body<br/><br/>► Protein content equivalent to 3 bowls of dal <br/><br/>► Includes almonds, walnuts, chia and flax seeds<br/><br/>► Boosts immunity, strength & height growth<br/><br/><b>No side effects | Paediatrician Recommended |  Chocolate Flavoured | Gluten Free</b>",Little Joys,milkmix,"milkmix, kids, little-joys",TRUE,Title,Default Title,MWLJNTK.00066.B0_N,849.00,948.00,TRUE,TRUE,https://i.mscwlns.co/media/misc/pdp/nutrimix-nutrition-powder-and-shaker-for-kids/Shaker_2dYoFt61Q.png?tr=w-600,Nutrimix + Shaker,FALSE,active
multivitamin-chocolate-gift,Multivitamin Chocolate (30),"🎁 Our special gifting pack for <b>kids who love chocolates and parents who love health!</b> <br/><br/>🍫Who said chocolate has to be unhealthy? This multivitamin chocolate is <b>naturally sweetened by jaggery and contains 11 vitamins & minerals.</b><br/><br/> 💪🏼 Contains <b>Zinc</b> for immunity, <b>Vitamin D</b> to improve bone health and <b>Vitamin A</b> for better eyesight. <br/><br/><b> 6 Bars | No refined sugar | Paediatrician Recommended</b>",Little Joys,healthysnacks,"healthysnacks, kids, little-joys",TRUE,Title,Default Title,MWLJNTP.00068.B0_N,399.00,499.00,TRUE,TRUE,https://i.mscwlns.co/media/misc/pdp/multivitamin-chocolate/MV_Chocolate_kOyl4e7E8.jpg?tr=w-600,Multivitamin Chocolate (30),FALSE,active
joy-notes-collectible,Joy notes (100) + Collectible Note,<b>Push Pop It Bubble Fidget Toy</b><br/><br/>► Color Name: Colour Round,Little Joys,others,"others, kids, little-joys",TRUE,Title,Default Title,MWLJGNP.00013.B0_N,101.00,,TRUE,TRUE,https://i.mscwlns.co/media/misc/pdp/joy-notes/1__3__wgXKSbdXN.png?tr=w-600,Joy notes (100) + Collectible Note,FALSE,active
pediatric-consult,Expert Pediatric Consultation,► <b>Expert Guidance on Immunity & Growth Concerns</b><br/><br/>► <b>Unlimited follow-ups<br/><br/></b>► <b>Customised diet plan to keep your kid healthy</b>,Little Joys,others,"others, kids, little-joys",TRUE,Title,Default Title,MWLJGNP.00014.B0_N,499.00,,TRUE,TRUE,https://i.mscwlns.co/media/misc/consult/Untitled_design__16__hXQ9wb1-O.png,Expert Pediatric Consultation,FALSE,active
multivitamin-gummies-7,MV Gummies 7+,"For best results, use consistently for 3 months.<br/><br/>

✅ <b>11+ vitamins &amp; minerals</b> for your child's daily nutritional needs.<br/><br/>

🍎 Contains <b>6 real fruits &amp; vegetables</b>! Helps fill nutrition gaps caused by fussy or picky eating.<br/><br/>

🚫 <b>ZERO ADDED SUGAR</b> – Uses a plant-derived fiber base for natural sweetness.<br/><br/>

🛡️ Contains <b>Vitamin C, Turmeric (Haldi), Vitamin B12 &amp; Zinc</b> – known to support immunity.<br/><br/>

💪🏼 Supports antibody production and strengthens the immune system with 
<b>Vitamin B9, Vitamin D &amp; Vitamin A</b>.<br/><br/>

🚫 No artificial colours, flavours, or preservatives.<br/>
Only the <b>yummiest, cleanest, healthiest gummy!</b><br/><br/>

<b>30 Gummies | 100% Safe | Paediatrician Recommended</b><br/><br/>

<b>Contains ingredients that help:</b>",Little Joys,gummies,"gummies, kids, little-joys",TRUE,Title,Default Title,MWLJNTP.00051.B0_N,499.00,,TRUE,TRUE,https://i.mscwlns.co/media/misc/others/Multivitamin%20Gummies%207%2B%20%2830N%29_5nkqy8.jpg?tr=w-600,MV Gummies 7+,FALSE,active
nutrimix-nutrition-powder-7,ProteinMix Nutrition Powder (300g),,Little Joys,milkmix,"milkmix, kids, little-joys",TRUE,Title,Default Title,MWLJNTP.00059.B0_N,649.00,,TRUE,TRUE,https://i.mscwlns.co/media/misc/others/Nutrimix%207%2B%20Chocolate%20Nutrition%20Powder_11lndz.jpg?tr=w-600,ProteinMix Nutrition Powder (300g),FALSE,active
mvgummies-7-packof2,Multivitamin Gummies 7+ (60N),"<b>For best results, use consistently for 3 months</b><br/><br/>✅ <b>11+ vitamins & minerals</b> for your child's <b>daily nutritional needs</b>.<br><br>🍎 Contains <b>6 real fruits & vegetables</b>! Fulfills any nutrition gaps in diet due to fussy or picky eating.<br/><br/>🚫 ZERO ADDED SUGAR - Uses a <b>plant derived fiber base</b> for sweetness.</br></br>🛡️ Contains <b>Vitamin C, Turmeric (Haldi), Vitamin B12 & Zinc</b> which are known to <b>boost immunity.</b><br/><br/>💪🏼 Supports <b>antibody production</b> and <b>strengthens the immune system</b> with Vitamin B9, Vitamin D & Vitamin A.<br/><br/><b>🚫 No artificial colours, flavours or preservatives</b>. Only the YUMMIEST, CLEANEST, HEALTHIEST gummy!<br><br><b>60 Gummies | 100% Safe | Paediatrician Recommended <br/><br/> <b>Contains ingredients that help : </b>",Little Joys,gummies,"gummies, kids, little-joys",TRUE,Title,Default Title,MWLJNTP.00534.B0_N,849.00,1049.00,TRUE,TRUE,https://i.mscwlns.co/media/misc/others/Multivitamin%20Gummies%207%2B%20%2860N%29_1d2zgc.jpg?tr=w-600,Multivitamin Gummies 7+ (60N),FALSE,active
amla-shampoo,Amla Shampoo (250ml),"<b> Antibacterial and herbal goodness of Amla protects your kid's hair from bacteria and infection! </b><br/><br/>►Deep cleanses the scalp<br/><br/>►Amla and Shikakai's antifungal properties protect the skin from common infections<br/><br/>► Neem helps strengthen hair follicles<br/><br/>►Brahmi helps improve hair health<br/><br/>►Zero parabens, sulfates and toxins, making in 100% safe",Little Joys,personal-care,"personal-care, kids, little-joys",TRUE,Title,Default Title,MWLJHYP.0007.B0_N,399.00,,TRUE,TRUE,https://i.mscwlns.co/media/misc/pdp/amla-shampoo/2901_CR__1__BGa9EDsCC.jpg?tr=w-600,Amla Shampoo (250ml),FALSE,active
nutrimix-nutrition-powder-vanilla,Nutrimix Nutrition Powder (Vanilla),"🌾<b>5g of Protein </b>per serving of <b>Nutrimix</b>, essential for kids aged 2-6 for <b>overall health and development.</b><br><br>⬆️ <b>Healthy nutrition </b> with plant-based protein sources like <b>moong dal, peas</B> and <b>brown rice</b>.<br><br>🛡️<b>Boosts immunity </b>with superfoods like <b>ragi & bajra</b> and <b>23 vitamins & minerals.</b><br><br>💪🏼 Ensures <b>healthy development</b> with the goodness of <b>almonds and walnuts</b>. <br><br>🦴 <b>Calcium </b>to help build <b>strong bones </b>and <b>DHA</b> (omega3) for healthy<b> brain development. </b><br><br>🚫<b> ZERO white sugar</b>. <b>Naturally sweetened</b> with <b>jaggery</b> and <b>dates</b>.<br><br>To be given only under medical advice by a physician or certified dietician or nutritionist for children 2–5 years.",Little Joys,milkmix,"milkmix, kids, little-joys",TRUE,Title,Default Title,MWLJNTP.00122.B0_N,649.00,699.00,TRUE,TRUE,https://i.mscwlns.co/media/misc/others/Nutrimix%20Vanilla%20Nutrition%20Powder%202%2B%20%28350g%29_e90omx.jpg?tr=w-600,Nutrimix Nutrition Powder (Vanilla),FALSE,active
activemix-nutrition-powder,ActiveMix Nutrition Powder (300g),"<span style='line-height: 1.5;'><span style='font-size: 20px; font-weight: 600;'>💪 Protein powder for teens that a mom can actually trust.</span><br/><br/><b>Nutrimix 13+</b> gives your teenager 12g of high-quality protein per glass, from a blend of dairy and whole-food sources including almonds, walnuts, brown rice, ragi, and moong dal.<br><br>No refined sugar, lab-tested, and vegetarian.<br/><br/><b>What’s inside?</b><br/>✅ <b>12gm Protein - </b> Supports daily protein needs for growing teens (which can be 22g+ per day!). Fuels energy, focus, and strong bones, not just muscles. <br/>✅ <b>23 Vitamins & Minerals - </b>Covers immunity, energy, brain development, and overall health.<br/>✅ <b>Natural Ingredients - </b>Brown Rice, Almonds, Walnuts, Moong Dal, Ragi, Oats, and Bajra.<br/>✅ <b>No Refined Sugar - </b>Sweetened with Jaggery Powder, Dates Powder, Monk Fruit, and Stevia. Great taste, no guilt.<br/><br/><b>Approved by Moms, Loved by Teens 💛</b><br/>Whether they're in sports, studying long hours, or just growing fast with a packed schedule, two scoops a day helps keep their energy, bone health, and brain development on track.</br></br>Just mix 2 scoops with 200ml of milk or water. Hot or cold. ✨</span></br>",Little Joys,milkmix,"milkmix, kids, little-joys",TRUE,Title,Default Title,MWLJNTP.00126.B0_N,699.00,749.00,TRUE,TRUE,https://i.mscwlns.co/media/misc/others/Nutrimix%2013%2B%20Nutrition%20Powder%20%28350g%29_eidzyn.jpg?tr=w-600,ActiveMix Nutrition Powder (300g),FALSE,active
activemix-shaker,ActiveMix Shaker Bottle,"<b>► For Ages 2-5</b><br/><br/> Keeping your kids hydrated just became Peppa-fied! Keep your kids asking for more water/juices with Little Joys Water Bottle. With 300 ml capacity, it will keep your little one healthy and hydrated.<br/><br/>This stainless steel bottle is tough on the outside and inside! Hard to break and 100% leak proof, making it your kid's long-lasting partner.<br/><br/>Since the bottle is BPA-free, it will never leave behind an odour - fill anything without worrying about the bottle stinking post-wash!<br/><br/>This straw-sipper makes drinking easy for kids without worrying about spillage.<br/><br/>On the inside, it is double-walled and insulated, i.e. your drinks can stay how they were poured (hot or cold) for 10+ hours.",Little Joys,others,"others, kids, little-joys",TRUE,Title,Default Title,MWLJGNP.00021.B0_N,249.00,,TRUE,TRUE,https://i.mscwlns.co/media/misc/pdp/activemix-shaker/shaker%20bottel%20LJ%20new-min_496u7e.png?tr=w-600,ActiveMix Shaker Bottle,FALSE,active
proteinmix-strawberry,Proteinmix 7+ - Strawberry,"The most nutrient packed milk mix in India for overall health & development, made especially to fill nutritional gaps in kids aged 7-12 years.
<br><br>
Fills more than <b>40% of kids' daily protein requirement</b> with 1 glass of milk. 
<br><br>
Zero preservative & refined sugar (like Maltodextrin). Naturally sweetened with <b>dates</b> & <b>jaggery</b>.
<br><br>
Contains 5x more Vitamin D3 to help <b>absorb more nutrients from milk</b>.
<br><br>
Made with natural superfoods like <b>Ragi, Bajra, Almonds, & Walnuts</b>.
<br><br>
Formulated by nutritionists & pediatricians.
<br><br>


",Little Joys,milkmix,"milkmix, kids, little-joys",TRUE,Title,Default Title,MWLJNTP.00177.B0_N,699.00,,TRUE,TRUE,https://i.mscwlns.co/media/misc/others/Nutrimix%207%2B%20Strawberry%20Nutrition%20Powder%20%28350g%29_2qbthh.jpg?tr=w-600,Proteinmix 7+ - Strawberry,FALSE,active
proteinmix-700,Proteinmix Powder 7+ (700g),"🌟The most nutrient-packed milk mix in India for overall health & development, made especially to fill nutritional gaps in kids aged 7-12 years.</br></br>

Each serving delivers:</br>
- Fills more than <b>40% of kids' daily protein requirement</b> with 1 glass of milk</br>
- <b>Zero preservatives & refined sugar</b> (like Maltodextrin), naturally sweetened with dates & jaggery</br>
- Contains <b>5x more Vitamin D3</b> to help absorb more nutrients from milk</br>
- Made with natural superfoods like <b>Ragi, Bajra, Almonds, & Walnuts</b></br>
- Formulated by <b>nutritionists & pediatricians</b></br></br>

<b>💛 Perfect for growing kids:</b></br>
Supports <b>energy, growth, immunity, and overall wellness</b> in children aged 7-12, helping them stay active, healthy, and strong every day.",Little Joys,milkmix,"milkmix, kids, little-joys",TRUE,Title,Default Title,MWLJNTP.00169.B0_N,1049.00,1199.00,TRUE,TRUE,https://i.mscwlns.co/media/misc/others/Nutrimix%207%2B%20Pouch%20%28700g%29_ibf9dq.jpg?tr=w-600,Proteinmix Powder 7+ (700g),FALSE,active
calcium-gummies,Calcium Gummies (30N),"For best results, use consistently for <b>3 months</b>.</br></br>🦴 For <b>strong bones & teeth</b> in growing kids.</br></br>🥛 <b>1 gummy = Half a glass of milk</b>.</br></br>😄 These <b>Calcium Gummies</b> have <b>no added sugar</b>.</br></br>🦷 Contains <b>Vitamin D3</b> for better absorption of calcium in the body.</br></br>🌱 Uses a <b>Prebiotic Fiber base</b>, which improves gut health.</br></br>🥭 Its tasty <b>mango flavour</b> makes it easier & tastier to consume than chalky tablets.</br></br>✅ No artificial colours, flavours, GMOs, and gelatin.</br></br><b>30 Gummies | 100% Safe</b></br></br>To be given only under medical advice by a physician or certified dietician or nutritionist for children 2–5 years.</br></br><b>Contains ingredients that help:</b></br>",Little Joys,gummies,"gummies, kids, little-joys",TRUE,Title,Default Title,MWLJNTP.00241.B0_N,499.00,549.00,TRUE,TRUE,https://i.mscwlns.co/media/misc/others/Calcium%20Gummies%20Mango%20%2830N%29_cv3gye.jpg?tr=w-600,Calcium Gummies (30N),FALSE,active
proteinmix-nutrition-powder-strawberry-min,Proteinmix Nutrition Powder - Strawberry (300g),"🌾<b>9g of Protein </b>per serving of ProteinMix, essential for kids aged 7-12 for <b> healthy growth & development</b>.<br><br>⬆️ <b>Height growth</b> with plant-based protein sources like <b>moong dal, peas</B> and <b>brown rice</b>.<br><br>🛡️<b>Boosts immunity </b>with superfoods like <b>ragi & bajra</b> and <b>24+ vitamins & minerals.</b><br><br>💪🏼 Ensures <b>healthy weight gain</b> with the goodness of <b>almonds and walnuts</b>. <br><br>☀️ Makes a Healthy & yummy milkshake for kids that are fussy about drinking milk in summers.<br><br>🦴 <b>Calcium </b>to help build <b>strong bones </b>and <b>DHA</b> (omega3) for healthy<b> brain development. </b><br><br>🚫<b> ZERO white sugar</b>. <b>Naturally sweetened</b> with <b>jaggery</b> and <b>dates</b>.<br><br>",Little Joys,milkmix,"milkmix, kids, little-joys",TRUE,Title,Default Title,MWLJNTP.00025.B0_N,649.00,699.00,TRUE,TRUE,https://i.mscwlns.co/media/misc/pdp/proteinmix-strawberry/Protein-Mix-Hero-image-strawberry-flavour_aw9byn.jpg?tr=w-600,Proteinmix Nutrition Powder - Strawberry (300g),FALSE,active
proteinmix-nutrition-powder-min,Proteinmix Nutrition Powder (300g),"🌾<b>9g of Protein </b>per serving of ProteinMix, essential for kids aged 7-12 for <b> healthy growth & development</b>.<br><br>⬆️ <b>Height growth</b> with plant-based protein sources like <b>moong dal, peas</B> and <b>brown rice</b>.<br><br>🛡️<b>Boosts immunity </b>with superfoods like <b>ragi & bajra</b> and <b>24+ vitamins & minerals.</b><br><br>💪🏼 Ensures <b>healthy weight gain</b> with the goodness of <b>almonds and walnuts</b>. <br><br>☀️ Makes a Healthy & yummy milkshake for kids that are fussy about drinking milk in summers.<br><br>🦴 <b>Calcium </b>to help build <b>strong bones </b>and <b>DHA</b> (omega3) for healthy<b> brain development. </b><br><br>🚫<b> ZERO white sugar</b>. <b>Naturally sweetened</b> with <b>jaggery</b> and <b>dates</b>.<br><br>",Little Joys,milkmix,"milkmix, kids, little-joys",TRUE,Title,Default Title,MWLJNTP.00021.B0_N,649.00,699.00,TRUE,TRUE,https://i.mscwlns.co/media/misc/pdp/nutrimix-nutrition-powder-7/Slide-1%20%282%29_43vys2.jpg?tr=w-600,Proteinmix Nutrition Powder (300g),FALSE,active
nutrimix-nutrition-powder-min,NutriMix Nutrition Powder (350g),"🌾<b>6g of Protein </b>per serving of <b>Nutrimix</b>, essential for kids aged 2-6 for <b> healthy growth & development</b>.<br><br>⬆️ <b>Height growth</b> with plant-based protein sources like <b>moong dal, peas</B> and <b>brown rice</b>.<br><br>🛡️<b>Boosts immunity </b>with superfoods like <b>ragi & bajra</b> and <b>24+ vitamins & minerals.</b><br><br>💪🏼 Ensures <b>healthy weight gain</b> with the goodness of <b>almonds and walnuts</b>. <br><br>🦴 <b>Calcium </b>to help build <b>strong bones </b>and <b>DHA</b> (omega3) for healthy<b> brain development. </b><br><br>☀️ Makes a <b>Healthy & yummy milkshake</b> for kids that are fussy about drinking milk in summers.<br><br>🚫<b> ZERO white sugar</b>. <b>Naturally sweetened</b> with <b>jaggery</b> and <b>dates</b>.<br><br> 
",Little Joys,milkmix,"milkmix, kids, little-joys",TRUE,Title,Default Title,MWLJNTP.00020.B0_N,599.00,699.00,TRUE,TRUE,https://i.mscwlns.co/media/misc/pdp/nutrimix-nutrition-powder/Nutrimiz_WBG_5gjc5h.jpg?tr=w-600,NutriMix Nutrition Powder (350g),FALSE,active
mamamix-nutrition-powder,Nutrimix for Moms- Chocolate (400 g),"<span style='line-height: 1.5;'><span style='font-size: 20px; font-weight: 600;'>🌟 Strength & Recovery, Made Simple For Moms</span><br/><br/>Motherhood is beautiful, but it can take a toll on you. Constant fatigue, aching bones, and hormonal dips aren’t just “being tired.”They’re signs your body, as a mother, needs more than what a regular diet can offer.<br/><br/>This clean, daily nutrition drink is designed just for moms, to <b>rebuild strength</b>, <b>restore energy</b>, and help you feel more like you.<br/><br/><b>What’s inside 2 scoops?</b><br/>✅ <b>12gm Protein - </b> Rebuilds strength, supports recovery<br/>✅ <b>24 Essential Vitamins & Minerals - </b> Helps bridge nutrient gaps<br/>✅ <b>Calcium + Vitamin D3 - </b> Supports bone strength<br/>✅ <b>DHA (Omega-3) - </b> Supports memory & focus<br/>✅ <b>Prebiotics + Probiotics Fibre - </b> Good for gut & metabolism <br/><br/><b>The Clean Label Promise 🌱</b><br/>✔️ No added sugar • No maltodextrin or fillers<br/>✔️ No artificials • No side effects<br/>✔️ Lab-tested • Nutritionist-approved<br/><br/><b>Made for Moms 💛</b><br/>Just add 2 scoops in 200 ml of milk, water or blend into your favourite smoothie and enjoy !<br/><br/>Two scoops won’t change everything. But two scoops, every day? That’s the magic ✨</span>",Little Joys,milkmix,"milkmix, kids, little-joys",TRUE,Title,Default Title,MWLJNTP.00339.B0_N,599.00,,TRUE,TRUE,https://i.mscwlns.co/media/misc/pdp/mamamix-nutrition-powder/thumbnail_3xxd8i.png?tr=w-600,Nutrimix for Moms- Chocolate (400 g),FALSE,active
tomato-sauce,Healthy Tomato Sauce – 200 ml,"🍅 Parents, stop the sugar-loaded ketchup and try this <b>yummy, better alternative instead!</b><br/><br/>💯 Made with <b>28% Tomato Paste and Sweetened with Jaggery.<b> <br/><br/>🚫 <b>Zero</b> preservatives, artificial color, and 0 MSG! Contains onion & garlic <br/><br/> 🍽️ Our Sauce has a shelf life of 9 months <br/><br/>",Little Joys,healthysnacks,"healthysnacks, kids, little-joys",TRUE,Title,Default Title,MWLJNTP.00018.B0_N,249.00,,TRUE,TRUE,https://i.mscwlns.co/media/misc/pdp/sauce-squeezy-bottle/Sauce%201%20%281%29_57qup8.jpg?tr=w-600,Healthy Tomato Sauce – 200 ml,FALSE,active
chocolate-spread,Healthy Chocolate Spread,"🌰 Switch from sugary chocolate spreads to our <b>rich hazelnut and cocoa spread</b> for kids!<br/><br/>🚫 It contains <b>no white or refined sugar of any kind</b> and is sweetened only with jaggery!<br/><br/>🌾 Also has <b>ragi and bajra</b> to promote immunity in kids = what more can a healthy spread have!<br/><br/>🍫 <b>NO</b> preservatives, <b>NO</b> added chemicals, artificial colour and <b>NO</b> palm oil! <br/><br/><b>",Little Joys,healthysnacks,"healthysnacks, kids, little-joys",TRUE,Title,Default Title,MWLJNTP.00019.B0_N,449.00,499.00,TRUE,TRUE,https://i.mscwlns.co/media/misc/others/Chocolate%20Hazelnut%20Spread%20%28300g%29_c2dcg7.jpg?tr=w-600,Healthy Chocolate Spread,FALSE,active
nutrimix-lite-350,Nutrimix Lite (350g),"► <b>Naturally sweetened</b> with <b>jaggery and dates</b>. Zero white or brown sugar.<br><br>► Contains <b>5 billion CFU</b>, these <b>probiotics</b> help your child have a better <b>gut health</b><br><br>► Contains <b>Ragi, Bajra & Oats</b> for digestive health<br><br>► Combination of <b>plant based natural protein</b> like Moong Dal, Brown Rice & Peas to fuel a child’s growing body<br><br>► Includes <b>almonds, walnuts, chia</b> and <b>flax seeds</b><br><br>► <b>Boosts immunity</b>, strength & <b>overall development</b><br><br>► 1 jar = 1 month's supply<br><br><b>No side effects | Paediatrician Recommended | Gluten Free </b><br><br>To be given only under medical advice by a physician or certified dietician or nutritionist for children 2–5 years.",Little Joys,milkmix,"milkmix, kids, little-joys",TRUE,Title,Default Title,MWLJNTK.00367.B0_N,549.00,,TRUE,TRUE,https://i.mscwlns.co/media/misc/pdp/nutrimix-lite-350/Nutrimix%20lite%202%2B%20350gm%20Bottle%20Chocolate__lzlxu2.png?tr=w-600,Nutrimix Lite (350g),FALSE,active
nutrishake-milkshake,NutriShake (150g),"🌾<b>6g of protein </b>per serving of Nutrimix, essential for kids aged 2-6 for healthy growth & development.<br><br>🥛 Can be had as morning milk or a yummy afternoon milkshake! <br><br>⬆️ Height growth with plant-based protein sources like <b>moong dal, peas & brown rice</b>.<br><br>🛡️Boosts immunity with superfoods like <b>ragi & bajra</b> and <b>23 vitamins & minerals.</b><br><br>💪🏼 Ensures healthy weight gain with the goodness of <b>almonds and walnuts</b>. <br><br>🦴 <b>Calcium </b>to help build strong bones and <b>DHA</b> (Omega3) for brain development.<br><br>🚫<b> No refined sugar or maltodextrin</b>. Naturally sweetened with <b>dates</b> and <b>jaggery</b>.<br><br>
<b>To be given only under medical advice by a physician or certified dietician or nutritionist for children 2–5 years.</b>",Little Joys,milkmix,"milkmix, kids, little-joys",TRUE,Title,Default Title,MWLJNTP.00017.B0_N,399.00,,TRUE,TRUE,https://i.mscwlns.co/media/misc/pdp/nutrishake-milkshake/Revised-Mango-Fv-Hero-img_g9cp7m.jpg?tr=w-600,NutriShake (150g),FALSE,active
multivitamin-toothpaste,Multivitamin Toothpaste (Fluoride) - 80 g,"<b> 🦷 India's 1st Multivitamin Toothpaste for kids </b><br/><b> 5️⃣ For Ages 5+</b><br/><br/>🍓 Our Strawberry flavoured Multivitamin Toothpaste makes brushing teeth fun for your little one!<br/><br/>🌱 Made with natural vitamins like Vitamin B, Vitamin D3 and Vitamin E that protect gums and increase shine! <br/><br/>💯 Improves gum health and reduces the chances of cavities.<br/><br/>💨Leaves a refreshing taste in your child's mouth!<br/><br/><b>100% safe | Mineral Free | SLS Free</b> ",Little Joys,personal-care,"personal-care, kids, little-joys",TRUE,Title,Default Title,MWLJDCP.00011.B0_N,199.00,,TRUE,TRUE,https://i.mscwlns.co/media/misc/others/Multivitamin%20Toothpaste%205%2B_eefdgc.jpg?tr=w-600,Multivitamin Toothpaste (Fluoride) - 80 g,FALSE,active
ne-nutrimix-nutrition-powder-strawberry,NutriMix Nutrition Powder Strawberry,"⬆️ Designed <b>for healthy height & weight gain</b>.<br><br>🌾 100% natural ingredients like <b>Moong Dal, Almonds, Walnuts</b> and <b>Brown Rice</b>.<br><br>🚫<b> ZERO Refined Sugar</b>. Naturally sweetened with Jaggery & Date Powder.<br><br>💪🏼 <b>Boosts immunity</b> with superfoods like Ragi Millets and 24+ vitamins & minerals.<br><br>🦴 Calcium to build <b>strong bones</b> and DHA (Omega 3) for <b>brain development</b>.<br><br>",Little Joys,milkmix,"milkmix, kids, little-joys",TRUE,Title,Default Title,MWLJNTK.00400.B0_N,599.00,699.00,TRUE,TRUE,https://i.mscwlns.co/media/misc/pdp/ne-nutrimix-nutrition-powder-strawberry/Nutrimix-Strawberry_e2buo6.jpg?tr=w-600,NutriMix Nutrition Powder Strawberry,FALSE,active
ne-nutrimix-nutrition-powder-vanilla,NutriMix Nutrition Powder Vanilla (350g),"⬆️ Designed <b>for healthy height & weight gain</b>.<br><br>🌾 100% natural ingredients like <b>Moong Dal, Almonds, Walnuts</b> and <b>Brown Rice</b>.<br><br>🚫<b> ZERO Refined Sugar</b>. Naturally sweetened with Jaggery & Date Powder.<br><br>💪🏼 <b>Boosts immunity</b> with superfoods like Ragi Millets and 24+ vitamins & minerals.<br><br>🦴 Calcium to build <b>strong bones</b> and DHA (Omega 3) for <b>brain development</b>.<br><br>",Little Joys,milkmix,"milkmix, kids, little-joys",TRUE,Title,Default Title,MWLJNTK.00401.B0_N,599.00,699.00,TRUE,TRUE,https://i.mscwlns.co/media/misc/pdp/ne-nutrimix-nutrition-powder-vanilla/Nutrimix-Vanilla_lneira.jpg?tr=w-600,NutriMix Nutrition Powder Vanilla (350g),FALSE,active
core-nutrimix-nutrition-powder,NutriMix Nutrition Powder (350g),"🌾<b>6g of protein </b>per serving of Nutrimix, essential for kids aged 2-6 for healthy growth & development.<br><br>🥛 Can be had as morning milk or a yummy afternoon milkshake! <br><br>⬆️ Height growth with plant-based protein sources like <b>moong dal, peas & brown rice</b>.<br><br>🛡️Boosts immunity with superfoods like <b>ragi & bajra</b> and <b>23 vitamins & minerals.</b><br><br>💪🏼 Ensures healthy weight gain with the goodness of <b>almonds and walnuts</b>. <br><br>🦴 <b>Calcium </b>to help build strong bones and <b>DHA</b> (Omega3) for brain development.<br><br>🚫<b> No refined sugar or maltodextrin</b>. Naturally sweetened with <b>dates</b> and <b>jaggery</b>.<br><br>",Little Joys,milkmix,"milkmix, kids, little-joys",TRUE,Title,Default Title,MWLJNTK.00385.B0_N,599.00,699.00,TRUE,TRUE,https://i.mscwlns.co/media/misc/pdp/nutrimix-nutrition-powder/chocolate_5vavcx.jpg?tr=w-600,NutriMix Nutrition Powder (350g),FALSE,active
nutrimix-no-sugar-350-pouch,Nutrimix Nutrition Powder No Sugar (350g),"🌾 <b>6g of protein per serving</b> of Nutrimix, essential for kids aged <b>2-6</b> for overall health and development.</br></br>🥛 Can be had as <b>morning milk</b> or a yummy <b>afternoon milkshake</b>!</br></br>⬆️ Healthy nutrition with <b>plant-based protein sources</b> like moong dal, peas and brown rice.</br></br>🛡️ Boosts immunity with <b>superfoods like ragi & bajra</b> and <b>23 vitamins & minerals</b>.</br></br>💪🏼 Ensures healthy development with the goodness of <b>almonds and walnuts</b>.</br></br>🦴 <b>Calcium</b> to help build strong bones and <b>DHA (Omega 3)</b> for healthy brain development.</br></br>🚫 <b>ZERO white sugar</b>. Naturally sweetened with <b>jaggery and dates</b>.</br></br>To be given only under medical advice by a physician or certified dietician or nutritionist for children 2–5 years.",Little Joys,milkmix,"milkmix, kids, little-joys",TRUE,Title,Default Title,MWLJNTP.00027.B0_N,599.00,,TRUE,TRUE,https://i.mscwlns.co/media/misc/pdp/nutrimix-no-sugar-350-pouch/nutrimix-no-sugar-350-pouch_73zm2o.jpg?tr=w-600,Nutrimix Nutrition Powder No Sugar (350g),FALSE,active
playing-cards,Playing Cards for Kids,🏁 Here's some edutainment for your kid!<br><br>🍎 A fun guessing game with 25 cards about Fruits and Vegetables to boost your child's intellectual curiosity!<br><br>👭🏽 A perfect parent-child or sibling activity or 2 team activity.<br><br>2️⃣ Ideal for kids 2+ age.,Little Joys,others,"others, kids, little-joys",TRUE,Title,Default Title,MWLJGNP.00051.B0_N,299.00,,TRUE,TRUE,https://i.mscwlns.co/media/misc/others/Guess.%20Set.%20Go%20-%20Fruits%20%26%20Veggies%20Edition_7ork9c.jpg?tr=w-600,Playing Cards for Kids,FALSE,active
ne-nutrimix-nutrition-powder,NutriMix Nutrition Powder (350g),"⬆️ Designed <b>for healthy height & weight gain</b>.<br><br>🌾 100% natural ingredients like <b>Moong Dal, Almonds, Walnuts</b> and <b>Brown Rice</b>.<br><br>🚫<b> ZERO Refined Sugar</b>. Naturally sweetened with Jaggery & Date Powder.<br><br>💪🏼 <b>Boosts immunity</b> with superfoods like Ragi Millets and 24+ vitamins & minerals.<br><br>🦴 Calcium to build <b>strong bones</b> and DHA (Omega 3) for <b>brain development</b>.<br><br>",Little Joys,milkmix,"milkmix, kids, little-joys",TRUE,Title,Default Title,MWLJNTK.00396.B0_N,599.00,699.00,TRUE,TRUE,https://i.mscwlns.co/media/misc/pdp/ne-nutrimix-nutrition-powder/Nutrimix-Chocolate_959v11.jpg?tr=w-600,NutriMix Nutrition Powder (350g),FALSE,active
ne-nutrimix-nutrition-powder-350g-pouch,No Sugar NutriMix Nutrition Powder (350g),"🚫<b> ZERO white, brown </b>or any kind of processed sugar. <b>🌱 Naturally sweetened</b> with <b>jaggery</b> and <b>dates</b>.<br><br>🌾<b>6g of Protein </b>per serving of <b>Nutrimix</b>, essential for kids aged 2-6 for <b> healthy growth & development</b>.<br><br>⬆️ <b>Height growth</b> with plant-based protein sources like <b>moong dal, peas</B> and <b>brown rice</b>.<br><br>🛡️<b>Boosts immunity </b>with superfoods like <b>ragi & bajra</b> and <b>24+ vitamins & minerals.</b><br><br>💪🏼 Ensures <b>healthy weight gain</b> with the goodness of <b>almonds and walnuts</b>. <br><br>🦴 <b>Calcium </b>to help build <b>strong bones </b>and <b>DHA</b> (omega3) for healthy<b> brain development. </b><br><br>
",Little Joys,milkmix,"milkmix, kids, little-joys",TRUE,Title,Default Title,MWLJNTK.00397.B0_N,549.00,599.00,TRUE,TRUE,https://i.mscwlns.co/media/misc/pdp/nutrimix-no-sugar-350-pouch/1.1_hfbjt7.jpg?tr=w-600,No Sugar NutriMix Nutrition Powder (350g),FALSE,active
ne-nutrimix-nutrition-powder-7,ProteinMix 7+ Nutrition Powder (300g),"🚫 <b>ZERO white sugar</b> makes Nutrimix the <b>cleanest</b> nutrition powder in the market for growing children. It is <b>naturally sweetened</b> with <b>jaggery</b> and <b>dates</b>.<br><br>🌾<b>9g of Protein </b>per serving of Nutrimix essential for kids aged 7-12 for <b> healthy growth & development</b>.<br><br>⬆️ <b>Height growth</b> with plant-based protein sources like <b>moong dal, peas</B> and <b>brown rice</b>.<br><br>🛡️<b>Boosts immunity </b>with superfoods like <b>ragi & bajra</b> and <b>24+ vitamins & minerals.</b><br><br>💪🏼 Ensures <b>healthy weight gain</b> with the goodness of <b>almonds and walnuts</b>. <br><br>🦴 <b>Calcium </b>to help build <b>strong bones </b>and <b>DHA</b> (omega3) for healthy<b> brain development. </b><br><br>",Little Joys,milkmix,"milkmix, kids, little-joys",TRUE,Title,Default Title,MWLJNTK.00402.B0_N,664.00,699.00,TRUE,TRUE,https://i.mscwlns.co/media/misc/pdp/nutrimix-nutrition-powder-7/Chocolate_pqxyrj.jpg?tr=w-600,ProteinMix 7+ Nutrition Powder (300g),FALSE,active
ne-nutrimix-nutrition-powder-700g-pouch,NutriMix Refill Pouch (700gm),"⬆️ Designed <b>for healthy height & weight gain</b>.<br><br>🌾 100% natural ingredients like <b>Moong Dal, Almonds, Walnuts</b> and <b>Brown Rice</b>.<br><br>🚫<b> ZERO Refined Sugar</b>. Naturally sweetened with Jaggery & Date Powder.<br><br>💪🏼 <b>Boosts immunity</b> with superfoods like Ragi Millets and 24+ vitamins & minerals.<br><br>🦴 Calcium to build <b>strong bones</b> and DHA (Omega 3) for <b>brain development</b>.<br><br>",Little Joys,milkmix,"milkmix, kids, little-joys",TRUE,Title,Default Title,MWLJNTK.00398.B0_N,999.00,1199.00,TRUE,TRUE,https://i.mscwlns.co/media/misc/pdp/nutrimix-nutrition-powder-700g-pouch/NM%202%2B%20%28700g%20pouch%29_2yjgy4.jpg?tr=w-600,NutriMix Refill Pouch (700gm),FALSE,active
core-nutrimix-nutrition-powder-7,ProteinMix 7+ Nutrition Powder (300g),"The most nutrient packed milk mix in India for growth & immunity, made especially to fill nutritional gaps in kids aged 7-12 years.
<br><br>
Fills more than <b>40% of kids' daily protein requirement</b> with 1 glass of milk. 
<br><br>
Zero preservative & refined sugar (like Maltodextrin). Naturally sweetened with <b>dates</b> & <b>jaggery</b>.
<br><br>
Contains 5x more Vitamin D3 to help <b>absorb more nutrients from milk</b>.
<br><br>
Made with natural superfoods like <b>Ragi, Bajra, Almonds, & Walnuts</b>.
<br><br>
Formulated by nutritionists & pediatricians.
<br><br>


",Little Joys,milkmix,"milkmix, kids, little-joys",TRUE,Title,Default Title,MWLJNTK.00391.B0_N,664.00,699.00,TRUE,TRUE,https://i.mscwlns.co/media/misc/pdp/nutrimix-nutrition-powder-7/7%2B%20years_6umf2j.jpg?tr=w-600,ProteinMix 7+ Nutrition Powder (300g),FALSE,active
core-proteinmix-strawberry,ProteinMix Nutrition Powder (Strawberry),"The most nutrient packed milk mix in India for growth & immunity, made especially to fill nutritional gaps in kids aged 7-12 years.
<br><br>
Fills more than <b>40% of kids' daily protein requirement</b> with 1 glass of milk. 
<br><br>
Zero preservative & refined sugar (like Maltodextrin). Naturally sweetened with <b>dates</b> & <b>jaggery</b>.
<br><br>
Contains 5x more Vitamin D3 to help <b>absorb more nutrients from milk</b>.
<br><br>
Made with natural superfoods like <b>Ragi, Bajra, Almonds, & Walnuts</b>.
<br><br>
Formulated by nutritionists & pediatricians.
<br><br>


",Little Joys,milkmix,"milkmix, kids, little-joys",TRUE,Title,Default Title,MWLJNTK.00392.B0_N,649.00,699.00,TRUE,TRUE,https://i.mscwlns.co/media/misc/pdp/proteinmix-strawberry/strawberry%207%2B_jlt04h.png?tr=w-600,ProteinMix Nutrition Powder (Strawberry),FALSE,active
core-nutrimix-nutrition-powder-700g-pouch,NutriMix Refill Pouch (700gm),"⬆️ <b>Healthy height & weight growth</b> with plant proteins like moong dal, peas & brown rice. <br><br> 💪🏼 6g protein in one serving or 2 scoops of Nutrimix. <br><br>🛡️ Ragi and bajra <b>strengthen immunity. </b><br/><br/>🌱 Vitamins & seeds that boost <b>brain health, bone health & overall stamina.</b><br><br>🌴 <b>Naturally sweetened</b> with jaggery and dates <br/><br/>🚫 No white sugar <br><br><b>Contains ingredients that help :</b>",Little Joys,milkmix,"milkmix, kids, little-joys",TRUE,Title,Default Title,MWLJNTK.00387.B0_N,999.00,1199.00,TRUE,TRUE,https://i.mscwlns.co/media/misc/pdp/nutrimix-nutrition-powder-700g-pouch/NM%202%2B%20%28700g%20pouch%29_2yjgy4.jpg?tr=w-600,NutriMix Refill Pouch (700gm),FALSE,active
core-nutrimix-nutrition-powder-350g-pouch,No Sugar NutriMix Nutrition Powder (350g),"🚫<b> ZERO white, brown </b>or any kind of processed sugar. <b>🌱 Naturally sweetened</b> with <b>jaggery</b> and <b>dates</b>.<br><br>🌾<b>6g of Protein </b>per serving of <b>Nutrimix</b>, essential for kids aged 2-6 for <b> healthy growth & development</b>.<br><br>⬆️ <b>Height growth</b> with plant-based protein sources like <b>moong dal, peas</B> and <b>brown rice</b>.<br><br>🛡️<b>Boosts immunity </b>with superfoods like <b>ragi & bajra</b> and <b>23 vitamins & minerals.</b><br><br>💪🏼 Ensures <b>healthy weight gain</b> with the goodness of <b>almonds and walnuts</b>. <br><br>🦴 <b>Calcium </b>to help build <b>strong bones </b>and <b>DHA</b> (omega3) for healthy<b> brain development. </b><br><br>
",Little Joys,milkmix,"milkmix, kids, little-joys",TRUE,Title,Default Title,MWLJNTK.00386.B0_N,549.00,599.00,TRUE,TRUE,https://i.mscwlns.co/media/misc/pdp/nutrimix-no-sugar-350-pouch/1.1_hfbjt7.jpg?tr=w-600,No Sugar NutriMix Nutrition Powder (350g),FALSE,active
ne-proteinmix-700,ProteinMix Nutrition Powder (700g),"🚫 <b>ZERO white sugar</b> makes nutrimix  the <b>cleanest</b> nutrition powder in the market for growing children. It is <b>naturally sweetened</b> with <b>jaggery</b> and <b>dates</b>.<br><br>🌾<b>9g of Protein </b>per serving of nutrimix, essential for kids aged 7-12 for <b> healthy growth & development</b>.<br><br>⬆️ <b>Height growth</b> with plant-based protein sources like <b>moong dal, peas</B> and <b>brown rice</b>.<br><br>🛡️<b>Boosts immunity </b>with superfoods like <b>ragi & bajra</b> and <b>24+ vitamins & minerals.</b><br><br>💪🏼 Ensures <b>healthy weight gain</b> with the goodness of <b>almonds and walnuts</b>. <br><br>🦴 <b>Calcium </b>to help build <b>strong bones </b>and <b>DHA</b> (omega3) for healthy<b> brain development. </b><br><br>",Little Joys,milkmix,"milkmix, kids, little-joys",TRUE,Title,Default Title,MWLJNTK.00404.B0_N,1049.00,1199.00,TRUE,TRUE,https://i.mscwlns.co/media/misc/pdp/proteinmix-700/NM%207%2B%20%28700g%20pouch%29_kp2at4.jpg?tr=w-600,ProteinMix Nutrition Powder (700g),FALSE,active
core-nutrimix-300-pack-of-4,Nutrimix Chocolate (1kg),"🌾<b>6g of Protein </b>per serving of <b>Nutrimix</b>, essential for kids aged 2-6 for <b> healthy growth & development</b>.<br><br>⬆️ <b>Height growth</b> with plant-based protein sources like <b>moong dal, peas</B> and <b>brown rice</b>.<br><br>🛡️<b>Boosts immunity </b>with superfoods like <b>ragi & bajra</b> and <b>24+ vitamins & minerals.</b><br><br>💪🏼 Ensures <b>healthy weight gain</b> with the goodness of <b>almonds and walnuts</b>. <br><br>🦴 <b>Calcium </b>to help build <b>strong bones </b>and <b>DHA</b> (omega3) for healthy<b> brain development. </b><br><br>🚫<b> ZERO white sugar</b>. <b>Naturally sweetened</b> with <b>jaggery</b> and <b>dates</b>.<br><br>
",Little Joys,milkmix,"milkmix, kids, little-joys",TRUE,Title,Default Title,MWLJNTK.00388.B0_N,1399.00,,TRUE,TRUE,https://i.mscwlns.co/media/misc/pdp/nutrimix-nutrition-powder-pack-3/Nutrimix%201kg%202%2B%20%282%29_kmvo7j.jpg?tr=w-600,Nutrimix Chocolate (1kg),FALSE,active
core-nutrimix-nutrition-powder-strawberry,NutriMix Nutrition Powder Strawberry,"🌾<b>6g of Protein </b>per serving of <b>Nutrimix</b>, essential for kids aged 2-6 for <b> healthy growth & development</b>.<br><br>⬆️ <b>Height growth</b> with plant-based protein sources like <b>moong dal, peas</B> and <b>brown rice</b>.<br><br>🛡️<b>Boosts immunity </b>with superfoods like <b>ragi & bajra</b> and <b>23 vitamins & minerals.</b><br><br>💪🏼 Ensures <b>healthy weight gain</b> with the goodness of <b>almonds and walnuts</b>. <br><br>🦴 <b>Calcium </b>to help build <b>strong bones </b>and <b>DHA</b> (omega3) for healthy<b> brain development. </b><br><br>🚫<b> ZERO white sugar</b>. <b>Naturally sweetened</b> with <b>jaggery</b> and <b>dates</b>.<br><br>
",Little Joys,milkmix,"milkmix, kids, little-joys",TRUE,Title,Default Title,MWLJNTK.00389.B0_N,599.00,699.00,TRUE,TRUE,https://i.mscwlns.co/media/misc/pdp/nutrimix-nutrition-powder-strawberry/Strawberry_il3wcq.jpg?tr=w-600,NutriMix Nutrition Powder Strawberry,FALSE,active
ne-proteinmix-strawberry,ProteinMix Nutrition Powder (Strawberry),"🚫 <b>ZERO white sugar</b> makes proteinmix the <b>cleanest</b> nutrition powder in the market for growing children. It is <b>naturally sweetened</b> with <b>jaggery</b> and <b>dates</b>.<br><br>🌾<b>9g of Protein </b>per serving of ProteinMix, essential for kids aged 7-12 for <b> healthy growth & development</b>.<br><br>⬆️ <b>Height growth</b> with plant-based protein sources like <b>moong dal, peas</B> and <b>brown rice</b>.<br><br>🛡️<b>Boosts immunity </b>with superfoods like <b>ragi & bajra</b> and <b>24+ vitamins & minerals.</b><br><br>💪🏼 Ensures <b>healthy weight gain</b> with the goodness of <b>almonds and walnuts</b>. <br><br>🦴 <b>Calcium </b>to help build <b>strong bones </b>and <b>DHA</b> (omega3) for healthy<b> brain development. </b><br><br>",Little Joys,milkmix,"milkmix, kids, little-joys",TRUE,Title,Default Title,MWLJNTK.00403.B0_N,649.00,699.00,TRUE,TRUE,"https://i.mscwlns.co/media/misc/pdp/proteinmix-strawberry/Protein-Mix-Hero-image-strawberry-flavour_aw9byn.jpg?tr=w-500,c-at_max",ProteinMix Nutrition Powder (Strawberry),FALSE,active
core-proteinmix-700,ProteinMix Nutrition Powder (700g),"The most nutrient packed milk mix in India for growth & immunity, made especially to fill nutritional gaps in kids aged 7-12 years.
<br><br>
Fills more than <b>40% of kids' daily protein requirement</b> with 1 glass of milk. 
<br><br>
Zero preservative & refined sugar (like Maltodextrin). Naturally sweetened with <b>dates</b> & <b>jaggery</b>.
<br><br>
Contains 5x more Vitamin D3 to help <b>absorb more nutrients from milk</b>.
<br><br>
Made with natural superfoods like <b>Ragi, Bajra, Almonds, & Walnuts</b>.
<br><br>
Formulated by nutritionists & pediatricians.
<br><br>


",Little Joys,milkmix,"milkmix, kids, little-joys",TRUE,Title,Default Title,MWLJNTK.00393.B0_N,1049.00,1199.00,TRUE,TRUE,https://i.mscwlns.co/media/misc/pdp/proteinmix-700/NM%207%2B%20%28700g%20pouch%29_kp2at4.jpg?tr=w-600,ProteinMix Nutrition Powder (700g),FALSE,active
core-nutrimix-nutrition-powder-vanilla,NutriMix Nutrition Powder Vanilla (350g),"🌾<b>6g of Protein </b>per serving of <b>Nutrimix</b>, essential for kids aged 2-6 for <b> healthy growth & development</b>.<br><br>⬆️ <b>Height growth</b> with plant-based protein sources like <b>moong dal, peas</B> and <b>brown rice</b>.<br><br>🛡️<b>Boosts immunity </b>with superfoods like <b>ragi & bajra</b> and <b>23 vitamins & minerals.</b><br><br>💪🏼 Ensures <b>healthy weight gain</b> with the goodness of <b>almonds and walnuts</b>. <br><br>🦴 <b>Calcium </b>to help build <b>strong bones </b>and <b>DHA</b> (omega3) for healthy<b> brain development. </b><br><br>🚫<b> ZERO white sugar</b>. <b>Naturally sweetened</b> with <b>jaggery</b> and <b>dates</b>.<br><br>
",Little Joys,milkmix,"milkmix, kids, little-joys",TRUE,Title,Default Title,MWLJNTK.00390.B0_N,599.00,699.00,TRUE,TRUE,https://i.mscwlns.co/media/misc/pdp/nutrimix-nutrition-powder-vanilla/Vanilla_8px5rb.jpg?tr=w-600,NutriMix Nutrition Powder Vanilla (350g),FALSE,active
multivitamin-gummies-2plus-30,Multivitamin Gummies (30N),"<b>For best results, use consistently for 3 months</b><br/><br/> 🍊 <b>11+ vitamins</b> for your little one's daily nutritional intake<br/><br/>🛡️ Contains <b>Vitamin C, Turmeric (Haldi), Vitamin B12 & Zinc</b> which are known to <b>boost immunity</b><br/><br/> 💪🏼 Supports <b>antibody production</b> and <b>strengthens the immune system</b> with Vitamin B9 and Vitamin D<br/><br/> 🚫 Contains <b>no added sugar</b><br/><br/><b>30 Gummies | 100% Safe | Paediatrician Recommended <br/><br/> <b>Contains ingredients that help : </b>",Little Joys,gummies,"gummies, kids, little-joys",TRUE,Title,Default Title,MWLJNTK.00420.B0_N,499.00,549.00,TRUE,TRUE,https://i.mscwlns.co/media/misc/pdp/multivitamin-gummies/MVG7%2B_WBG_5nli98.jpg?tr=w-600,Multivitamin Gummies (30N),FALSE,active
multivitamin-gummies-7plus-30,Multivitamin Gummies 7+ (30N),"<b>For best results, use consistently for 3 months</b><br/><br/><b>► For Ages 7-12</b><br/><br/> Immunity boosting gummies!<br/><br/>► Zero added sugar Multivitamin gummies with 11+ vitamins and minerals & 6 fruits and veggies.<br/><br/>► Contains turmeric (haldi), vitamin C for immunity.<br/><br/>► Bridges vitamin deficiencies and boosts overall wellbeing.<br/><br/>► Plant-based strawberry flavoured supplements.<br/><br/>► Perfect alternative for bitter vitamin syrups.<br/><br/><b>60 Gummies | No side effects | Paediatrician Recommended</b><br/><br/>

",Little Joys,gummies,"gummies, kids, little-joys",TRUE,Title,Default Title,MWLJNTK.00421.B0_N,499.00,549.00,TRUE,TRUE,https://i.mscwlns.co/media/misc/pdp/multivitamin-gummies-7/MVG7%2B_WBG_9y4hy9.jpg?tr=w-600,Multivitamin Gummies 7+ (30N),FALSE,active
calcium-gummies-strawberry,Calcium Gummies - Strawberry (30N),"Calcium is an important mineral for bones and teeth, and Vitamin D3 helps support better absorption of calcium in the body.</br></br>Little Joys Calcium Gummies are thoughtfully made to add calcium into a kids daily routine.</br></br>🦴 For <b>strong bones & teeth</b> in growing kids.</br></br>🥛 <b>1 gummy = Half a glass of milk</b>.</br></br>

😄 These <b>Calcium Gummies</b> have <b>no added sugar</b>.</br></br>🦷 Contains <b>Vitamin D3</b> for better absorption of calcium in the body.</br></br>🌱 Uses a <b>Prebiotic Fiber base</b>, which improves gut health.</br></br>🍓 Its tasty <b>strawberry flavour</b> makes it easier to consume than chalky tablets.</br></br>

✅No artificial colours, flavours, GMOs, and gelatin.</br></br><b>30 Gummies | 100% Safe</b></br></br>To be given only under medical advice by a physician or certified dietician or nutritionist for children 2–5 years.</br></br><b>Contains ingredients that help:</b></br>",Little Joys,gummies,"gummies, kids, little-joys",TRUE,Title,Default Title,MWLJNTP.00380.B0_N,499.00,549.00,TRUE,TRUE,https://i.mscwlns.co/media/misc/others/Calcium%20Gummies%20Strawberry%20%2830N%29%20%282%2B%29_a8j96x.jpg?tr=w-600,Calcium Gummies - Strawberry (30N),FALSE,active
multivitamin-gummies-elderberry,Multivitamin Gummies Elderberry (30N),"<b>For best results, use consistently for 3 months</b><br><br>🍇 Kid suffering from Cold? Cough? Fever? Elderberry's <b>anti viral properties</b> help your kid's immune system to fight all!<br/><br/>✅ <b>11+ vitamins & minerals</b> for your little one's <b>daily nutritional needs</b>.<br><br>🍎 Contains <b>7 real fruits & vegetables</b>! Fulfills any nutrition gaps in diet due to fussy or picky eating.<br/><br/>💪🏼 Supports <b>antibody production</b> and <b>strengthens the immune system</b> with Vitamin B9, Vitamin D & Vitamin A.<br/><br/>🚫 Contains <b>no added sugar</b> and <b>no artificial colours, flavours or preservatives</b>. Only the YUMMIEST, CLEANEST, HEALTHIEST gummy!<br><br><b>30 Gummies | 100% Safe | Paediatrician Recommended </b><br/><br/>To be given only under medical advice by a physician or certified dietician or nutritionist for children 2–5 years.<br/><br/><b>Contains ingredients that help : </b>",Little Joys,gummies,"gummies, kids, little-joys",TRUE,Title,Default Title,MWLJNTP.00406.B0_N,499.00,549.00,TRUE,TRUE,https://i.mscwlns.co/media/misc/others/Multivitamin%20Gummies%20Elderberry%20%2830N%29_a3h1gt.jpg?tr=w-600,Multivitamin Gummies Elderberry (30N),FALSE,active
nutrimix-nutrition-powder-vanilla-rc,Nutrimix Nutrition Powder Vanilla (350g),"⬆️ Designed <b>for healthy height & weight gain</b>.<br><br>🌾 100% natural ingredients like <b>Moong Dal, Almonds, Walnuts</b> and <b>Brown Rice</b>.<br><br>🚫<b> ZERO Refined Sugar</b>. Naturally sweetened with Jaggery & Date Powder.<br><br>💪🏼 <b>Boosts immunity</b> with superfoods like Ragi Millets and 24+ vitamins & minerals.<br><br>🦴 Calcium to build <b>strong bones</b> and DHA (Omega 3) for <b>brain development</b>.<br><br>",Little Joys,milkmix,"milkmix, kids, little-joys",TRUE,Title,Default Title,MWLJNTK.00499.B0_N,599.00,649.00,TRUE,TRUE,https://i.mscwlns.co/media/misc/pdp/ne-nutrimix-nutrition-powder-vanilla/Nutrimix-Vanilla_lneira.jpg?tr=w-600,Nutrimix Nutrition Powder Vanilla (350g),FALSE,active
dakshin-nutrimix-nutrition-powder,Nutrimix Nutrition Powder (350g),"<br>🌾 Made with <b> Ragi, Almonds, & Walnuts</b> – everything a mom would use.<br><br>
🚫<b> No artificial sugar</b>. Naturally sweetened with <b>jaggery</b>& <b>dates</b>.<br><br> 
👶 Ideal for<b> fussy eaters</b>.<br><br>  
✅ Only lab-tested kids' milk mix brand in the world. <br><br>   
👩🏻‍⚕️ Designed by pediatricians for <b>kids aged 2-6 years</b>.
<br><br>🔬 Clinically proven nutrients for<b> overall growth & development</b><br>
🛡️ Vitamin C for immunity<br>
🦴 Calcium & Vitamin D for bones<br>
🧠 DHA (Omega3) for brain health<br>",Little Joys,milkmix,"milkmix, kids, little-joys",TRUE,Title,Default Title,MWLJNTK.00502.B0_N,599.00,649.00,TRUE,TRUE,https://i.mscwlns.co/media/misc/pdp/nutrimix-nutrition-powder/Nutrimiz_WBG_5gjc5h.jpg?tr=w-600,Nutrimix Nutrition Powder (350g),FALSE,active
dakshin-nutrimix-nutrition-powder-7,Nutrimix 7+ Nutrition Powder (350g),"🚫 <b>ZERO refined sugar</b> makes Nutrimix 7+ the <b>cleanest</b> nutrition powder in the market for growing children. It is <b>naturally sweetened</b> with <b>jaggery</b> and <b>dates</b>.<br><br>🌾<b>9g of Protein </b>per serving of Nutrimix 7+, essential for <b> height growth & healthy gain</b>.<br><br>🛡️<b>Boosts immunity </b>with superfoods like <b>ragi & bajra</b> and <b>24+ vitamins & minerals.</b><br><br>🦴 <b>Calcium </b>to help build <b>strong bones </b>and <b>DHA</b> (omega3) for healthy<b> brain development. </b><br><br>",Little Joys,milkmix,"milkmix, kids, little-joys",TRUE,Title,Default Title,MWLJNTK.00503.B0_N,664.00,699.00,TRUE,TRUE,https://i.mscwlns.co/media/misc/pdp/nutrimix-nutrition-powder-7/Chocolate_pqxyrj.jpg?tr=w-600,Nutrimix 7+ Nutrition Powder (350g),FALSE,active
nutrimix-nutrition-powder-rc,NutriMix Nutrition Powder (350g),"⬆️ Designed <b>for healthy height & weight gain</b>.<br><br>🌾 100% natural ingredients like <b>Moong Dal, Almonds, Walnuts</b> and <b>Brown Rice</b>.<br><br>🚫<b> ZERO Refined Sugar</b>. Naturally sweetened with Jaggery & Date Powder.<br><br>💪🏼 <b>Boosts immunity</b> with superfoods like Ragi Millets and 24+ vitamins & minerals.<br><br>🦴 Calcium to build <b>strong bones</b> and DHA (Omega 3) for <b>brain development</b>.<br><br>",Little Joys,milkmix,"milkmix, kids, little-joys",TRUE,Title,Default Title,MWLJNTK.00496.B0_N,599.00,649.00,TRUE,TRUE,https://i.mscwlns.co/media/misc/pdp/ne-nutrimix-nutrition-powder/Nutrimix-Chocolate_959v11.jpg?tr=w-600,NutriMix Nutrition Powder (350g),FALSE,active
nutrimix-nutrition-powder-pack-3-rc,Nutrimix Chocolate (1kg),"⬆️ Designed <b>for healthy height & weight gain</b>.<br><br>🌾 100% natural ingredients like <b>Moong Dal, Almonds, Walnuts</b> and <b>Brown Rice</b>.<br><br>🚫<b> ZERO Refined Sugar</b>. Naturally sweetened with Jaggery & Date Powder.<br><br>💪🏼 <b>Boosts immunity</b> with superfoods like Ragi Millets and 24+ vitamins & minerals.<br><br>🦴 Calcium to build <b>strong bones</b> and DHA (Omega 3) for <b>brain development</b>.<br><br>",Little Joys,milkmix,"milkmix, kids, little-joys",TRUE,Title,Default Title,MWLJNTK.00504.B0_N,1399.00,,TRUE,TRUE,https://i.mscwlns.co/media/misc/pdp/nutrimix-nutrition-powder-pack-3-rc/Nutrimix%201kg%202%2B%20%282%29_eobwdi.jpg?tr=w-600,Nutrimix Chocolate (1kg),FALSE,active
nutrimix-nutrition-powder-700g-pouch-rc,Nutrimix Refill Pouch (700g Pouch),"⬆️ Designed <b>for healthy height & weight gain</b>.<br><br>🌾 100% natural ingredients like <b>Moong Dal, Almonds, Walnuts</b> and <b>Brown Rice</b>.<br><br>🚫<b> ZERO Refined Sugar</b>. Naturally sweetened with Jaggery & Date Powder.<br><br>💪🏼 <b>Boosts immunity</b> with superfoods like Ragi Millets and 24+ vitamins & minerals.<br><br>🦴 Calcium to build <b>strong bones</b> and DHA (Omega 3) for <b>brain development</b>.<br><br>",Little Joys,milkmix,"milkmix, kids, little-joys",TRUE,Title,Default Title,MWLJNTK.00505.B0_N,999.00,1199.00,TRUE,TRUE,https://i.mscwlns.co/media/misc/pdp/nutrimix-nutrition-powder-700g-pouch/NM%202%2B%20%28700g%20pouch%29_2yjgy4.jpg?tr=w-600,Nutrimix Refill Pouch (700g Pouch),FALSE,active
millet-pancake,Millet Pancake,"No fussy breakfast behavior with <b>Millet Pancake Mix!</b><br/><br/>💪 Millet-based pancakes with <b>8g protein</b> in kids' favorite chocolate flavor! <br/><br/>🥞 We bet the pancakes are not only tasty but filled with all <b>healthy ingredients</b> <br/><br/>🍯 Sweetened with <b>JAGGERY only, no white sugar or brown sugar</b> <br/><br/>❌ <b>No Maida | No Preservatives | No Artificial Flavour| No Refined Sugar </b>",Little Joys,healthysnacks,"healthysnacks, kids, little-joys",TRUE,Title,Default Title,MWLJNTP.00481.B0_N,199.00,,TRUE,TRUE,https://i.mscwlns.co/media/misc/pdp/millet-pancake/Slide%201.1_2v686j.jpg?tr=w-600,Millet Pancake,FALSE,active
nm7-350g-pouch,NutriMix 7+ (350g Pouch),"The most nutrient packed milk mix in India for overall health & development, made especially to fill nutritional gaps in kids aged 7-12 years.
<br><br>
Fills more than <b>40% of kids' daily protein requirement</b> with 1 glass of milk. 
<br><br>
Zero preservative & refined sugar (like Maltodextrin). Naturally sweetened with <b>dates</b> & <b>jaggery</b>.
<br><br>
Contains 5x more Vitamin D3 to help <b>absorb more nutrients from milk</b>.
<br><br>
Made with natural superfoods like <b>Ragi, Bajra, Almonds, & Walnuts</b>.
<br><br>
Formulated by nutritionists & pediatricians.
<br><br>


",Little Joys,milkmix,"milkmix, kids, little-joys",TRUE,Title,Default Title,MWLJNTP.00423.B0_N,649.00,,TRUE,TRUE,https://i.mscwlns.co/media/misc/others/Nutrimix%207%2B%20Chocolate%20Refill%20Pouch%20%28350g%29_4vxrh8.jpg?tr=w-600,NutriMix 7+ (350g Pouch),FALSE,active
multivitamin-gummies-mothers,Multivitamin Gummies for Mothers (30N),"<span style='line-height: 1.5;'><span style='font-size: 20px; font-weight: 600;'> 🌸 Mom’s Daily Boost for Energy</span><br/><br/>Motherhood takes a lot out of you. These <b>Multivitamin Gummies</b> are crafted specially for mothers .</br></br>A simple, daily ritual to <b>fill nutrient gaps</b> and keep your energy, focus, and mood on track.<br/><br/><b>Here’s what’s inside</b><br/>✅ <b>Iron & B12 - </b> Supports all-day energy & fights fatigue<br/>✅ <b>Vitamin C & D3 - </b> Immunity & bone support<br/>✅ <b>Biotin - </b>For healthy hair & skin<br/>✅ <b>Chicory Root Fibre - </b> Gentle on digestion<br/>✅ <b>Zero added sugar </b>• 100% vegan • No preservatives <br/><br/><b>Loved by Moms 💛</b><br>Made to fuel your strength and lift your mood. Because when moms thrive, everyone thrives.<br/></br>Enjoy 1 gummy daily (post-meals), and feel the difference. ✨</span>",Little Joys,gummies,"gummies, kids, little-joys",TRUE,Title,Default Title,MWLJNTP.00480.B0_N,549.00,,TRUE,TRUE,https://i.mscwlns.co/media/misc/pdp/multivitamin-gummies-mothers/Thumbnail%20Images%20Mom%20MVG_282xiv.png?tr=w-600,Multivitamin Gummies for Mothers (30N),FALSE,active
nutrimix-nutrition-powder-belgian-chocolate,Nutrimix Nutrition Powder Belgian Chocolate (350g),"🌾<b>6g of Protein </b>per serving of <b>Nutrimix</b>, essential for kids aged 2-6 for <b>overall health and development.</b><br><br>⬆️<b>Healthy nutrition </b> with plant-based protein sources like <b>moong dal, peas</B> and <b>brown rice</b>.<br><br>🛡️<b>Boosts immunity </b>with superfoods like <b>ragi & bajra</b> and <b>23 vitamins & minerals.</b><br><br>💪🏼 Ensures <b>healthy development</b> with the goodness of <b>almonds and walnuts</b>. <br><br>🦴 <b>Calcium </b>to help build <b>strong bones </b>and <b>DHA</b> (omega3) for healthy<b> brain development. </b><br><br>🚫<b> ZERO white sugar</b>. <b>Naturally sweetened</b> with <b>jaggery</b> and <b>dates</b>.<br><br>To be given only under medical advice by a physician or certified dietician or nutritionist for children 2–5 years.",Little Joys,milkmix,"milkmix, kids, little-joys",TRUE,Title,Default Title,MWLJNTP.00483.B0_N,599.00,649.00,TRUE,TRUE,https://i.mscwlns.co/media/misc/others/Nutrimix%20Belgian%20Chocolate%20Nutrition%20Powder%20%28350g%29%20%282%2B%29_8tn2pd.jpg?tr=w-600,Nutrimix Nutrition Powder Belgian Chocolate (350g),FALSE,active
calcium-gummies-strawberry-7,Calcium Gummies 7+ - Strawberry (30N),"Calcium is an important mineral for bones and teeth, and Vitamin D3 helps support better absorption of calcium in the body.</br></br>Little Joys Calcium Gummies are thoughtfully made to add calcium into a kids daily routine.</br></br>🦴 For <b>strong bones & teeth</b> in growing kids.</br></br>🥛 <b>1 gummy = Half a glass of milk</b>.</br></br>

😄 These <b>Calcium Gummies</b> have <b>no added sugar</b>.</br></br>🦷 Contains <b>Vitamin D3</b> for better absorption of calcium in the body.</br></br>🌱 Uses a <b>Prebiotic Fiber base</b>, which improves gut health.</br></br>🍓 Its tasty <b>strawberry flavour</b> makes it easier to consume than chalky tablets.</br></br>

✅No artificial colours, flavours, GMOs, and gelatin.</br></br><b>30 Gummies | 100% Safe</b></br></br><b>Contains ingredients that help:",Little Joys,gummies,"gummies, kids, little-joys",TRUE,Title,Default Title,MWLJNTK.00550.B0_N,499.00,549.00,TRUE,TRUE,https://i.mscwlns.co/media/misc/pdp/calcium-gummies-strawberry-7/Calcium-Gummies-WBG%20%281%29_gjt9se.jpg?tr=w-600,Calcium Gummies 7+ - Strawberry (30N),FALSE,active
millet-chocos,Millet Choco Crunch - 250 g,"<b>✅ Fuss free breakfast</b> for kids is here!<br/><br/>🥣 <b>Millet Choco Crunch</b> - Start the day with a fun choco crunch! <br/><br/>🌾Healthiness of <b>multi-millets</b> in every bite. <br/><br/>❌ <b>No Refined Sugar</b> , only sweetened with Jaggery  <br/><br/><b>💪 Multigrain Energy</b> and Chocolatey<br/><br/>❌<b>No Maida | No Preservatives | No Refined Sugar  | No Artificial Flavours</b> ",Little Joys,healthysnacks,"healthysnacks, kids, little-joys",TRUE,Title,Default Title,MWLJNTP.00536.B0_N,299.00,,TRUE,TRUE,https://i.mscwlns.co/media/misc/pdp/millet-chocos/Millet%20Chocos_j0d2yj.jpg?tr=w-600,Millet Choco Crunch - 250 g,FALSE,active
chocolate-spread-750g,Chocolate Spread - 750 g,"🌰 Switch from sugary chocolate spreads to our <b>rich hazelnut and cocoa spread</b> for kids!<br/><br/>💯 Our spread is made with 100% natural ingredients like natural hazelnut paste <br/><br/>🚫 It contains <b>no white or refined sugar of any kind</b> and is sweetened only with jaggery!<br/><br/>🌾 Also has <b>ragi and bajra</b> to promote immunity in kids = what more can a healthy spread have!<br/><br/>🍫<b>NO</b> preservatives, <b>NO</b> added chemicals, artificial colour and <b>NO</b> palm oil! <br/><br/><b>🤤 Moms and kids LOVE this new gooey, healthy alternative. Try it now!<br/><br/> A layer of oil on top? No worries! That’s just proof that we keep it real with no artificial mixers. Stir and serve!</b>",Little Joys,healthysnacks,"healthysnacks, kids, little-joys",TRUE,Title,Default Title,MWLJNTP.00535.BO_N,899.00,,TRUE,TRUE,https://i.mscwlns.co/media/misc/others/Chocolate%20Spread%20-%20750%20g_3anx01.jpg?tr=w-600,Chocolate Spread - 750 g,FALSE,active
peanut-butter-chocolate,Chocolate Peanut Butter - 500 g,"🥜 Made with <b>72% Peanuts </b> and healthy ingredients.<br/><br/>✅ <b>Sweetened with Jaggery </b>, we believe in NO REFINED SUGAR<br/><br/>🌴 <b>NO PALM OIL! </b> We know it's unhealthy and we keep away from it.<br/><br/>❌ Not made with, <b>Preservatives or any Refined Sugar</b><br/><br/><b>No Palm Oil| No Preservatives | No Refined Sugar  | No Artificial Flavours</b>",Little Joys,healthysnacks,"healthysnacks, kids, little-joys",TRUE,Title,Default Title,MWLJNTP.00571.B0_N,399.00,,TRUE,TRUE,https://i.mscwlns.co/media/misc/others/Chocolate%20Peanut%20Butter%20-%20500%20g_ao9euh.jpg?tr=w-600,Chocolate Peanut Butter - 500 g,FALSE,active
macaroni-pasta,Macaroni Pasta ,"

🍝 Your regular pasta, now healthier!<br/><br/>🌟 Packed with <b>dietary fiber, Vitamin B, and protein </b>this pasta is like a treasure of nutrients <br/><br/>🎉A <b>multi millet blend</b> for your multi-talented kid! <br/><br/>🥳Every bowl of pasta is making sure your kid has tasty but healthy meals that have <b>No Maida, No Trans Fat, No Preservatives 🚫</b>

",Little Joys,healthysnacks,"healthysnacks, kids, little-joys",TRUE,Title,Default Title,MWLJNTP.00560.B0_N,249.00,,TRUE,TRUE,https://i.mscwlns.co/media/misc/others/Multi%20Millet%20Macaroni%20Pasta%20-%20400g_f8uc74.jpg?tr=w-600,Macaroni Pasta ,FALSE,active
chocolate-spread-brownie-350,Chocolate Spread Brownie - 350 g,"🌰 Switch from sugary chocolate spreads to our <b>healthy chocolate spread brownie</b> for kids! <br/><br/>🚫 It contains <b>no white or refined sugar of any kind</b> and is sweetened only with jaggery!<br/><br/>🌾 Also has <b>ragi and bajra</b> to promote immunity in kids = what more can a healthy spread have!<br/><br/>🍫 <b>NO</b> preservatives, <b>NO</b> added chemicals , artificial colour and <b>NO</b> palm oil! <br/><br/><b>",Little Joys,healthysnacks,"healthysnacks, kids, little-joys",TRUE,Title,Default Title,MWLJNTP.00561.B0_N,499.00,,TRUE,TRUE,https://i.mscwlns.co/media/misc/others/Chocolate%20Spread%20%28Brownie%20Flavour%29%20-%20300g_j3cd5m.jpg?tr=w-600,Chocolate Spread Brownie - 350 g,FALSE,active
diwali-kit-3,Festive Bites for Kids,"This Festive Treats Box contains single pack of <b>Chocolate Hazelnut Spread, Multivitamin Chocolates, Millet Cookies, Dryfruit Powder, Millet Pancake Mix, Protein Milkshake</b><br/><br/>🌰 Switch from sugary treats to healthy treats <b>made with millets </b>for kids!<br/><br/>🚫 It contains <b>no white or refined sugar of any kind</b> and is sweetened only with jaggery!<br/><br/>🌾 Also has <b>ragi and bajra</b> to promote immunity in kids<br/><br/>🤤 Its time to make your kids diwali fun with <b>healthy habits</b><br/><br/>🚫 <b> NO Maida, No Palm Oil or any Preservatives or Chemicals</b> ",Little Joys,healthysnacks,"healthysnacks, kids, little-joys",TRUE,Title,Default Title,MWLJNTK.00592.B0_N,1299.00,1904.00,TRUE,TRUE,https://i.mscwlns.co/media/misc/pdp/diwali-kit-3/Healthy-Festive-Treats-Box_661nhz.jpg?tr=w-600,Festive Bites for Kids,FALSE,active
diwali-kit-1,Diwali Delight Box,"This Diwali Delight Box contains single pack of <b>Multivitamin Chocolates & Millet Cookies</b><br/><br/>🌰 Switch from sugary chocolates to <b>Multivitamin chocolates </b>for kids!<br/><br/>🚫 It contains <b>no white or refined sugar of any kind</b> and is sweetened only with jaggery!<br/><br/>🌾 Also has <b>ragi and bajra</b> to promote immunity in kids<br/><br/>🙅🏻‍♀️ <b>NO MAIDA</b>, yes our cookies are purely made of millets!</b><br/><br/>🚫 <b> NO preservatives, chemicals, artificial colours </b>

 ",Little Joys,healthysnacks,"healthysnacks, kids, little-joys",TRUE,Title,Default Title,MWLJNTK.00590.B0_N,499.00,648.00,TRUE,TRUE,https://i.mscwlns.co/media/misc/pdp/diwali-kit-1/Diwali-DElight-Box_et2hsv.jpg?tr=w-600,Diwali Delight Box,FALSE,active
diwali-kit-2,Healthy Festive Treats,"This Festive Treats Box contains single pack of <b>Chocolate Hazelnut Spread, Multivitamin Chocolates, Millet Cookies, Millet Pancake Mix, Protein Milkshake</b><br/><br/>🌰 Switch from sugary treats to healthy treats <b>made with millets </b>for kids!<br/><br/>🚫 It contains <b>no white or refined sugar of any kind</b> and is sweetened only with jaggery!<br/><br/>🌾 Also has <b>ragi and bajra</b> to promote immunity in kids<br/><br/>🤤 Its time to make your kids diwali fun with <b>healthy habits</b><br/><br/>🚫 <b> NO Maida, No Palm Oil or any Preservatives or Chemicals</b> ",Little Joys,healthysnacks,"healthysnacks, kids, little-joys",TRUE,Title,Default Title,MWLJNTK.00591.B0_N,999.00,1565.00,TRUE,TRUE,https://i.mscwlns.co/media/misc/pdp/diwali-kit-2/Festive-Bites-Box_les6wu.jpg?tr=w-600,Healthy Festive Treats,FALSE,active
fruit-jam,Strawberry Honey Jam,"🍓 <b> Made with Whole Strawberries, 0% Added Sugar </b>– Enjoy the pure taste of ripe strawberries without any refined sugar.<br/><br/>✅ <b>Sweetened with FOS & Honey </b>– We believe in keeping it natural and delicious, with <b>no artificial sweeteners</b>.<br/><br/>❌ <b>No Preservatives, No Artificial Flavors </b>– Just real strawberries, bursting with flavor and nutrition.",Little Joys,healthysnacks,"healthysnacks, kids, little-joys",TRUE,Title,Default Title,MWLJNTP.00548.B0_N,249.00,,TRUE,TRUE,https://i.mscwlns.co/media/misc/pdp/jam-glass/Strawberry%20Honey%20Jam%20Glass%20Jar%20copy_2v2sy1.jpg?tr=w-600,Strawberry Honey Jam,FALSE,active
nutrimix-nutrition-powder-7-hazelnut-chocolate,Nutrimix 7+ Nutrition Powder Hazelnut Chocolate (350g),"The most nutrient packed milk mix in India for overall health & development, made especially to fill nutritional gaps in kids aged 7-12 years.
<br><br>
Fills more than <b>40% of kids' daily protein requirement</b> with 1 glass of milk. 
<br><br>
Zero preservative & refined sugar (like Maltodextrin). Naturally sweetened with <b>dates</b> & <b>jaggery</b>.
<br><br>
Contains 5x more Vitamin D3 to help <b>absorb more nutrients from milk</b>.
<br><br>
Made with natural superfoods like <b>Ragi, Bajra, Almonds, & Walnuts</b>.
<br><br>
Formulated by nutritionists & pediatricians.
<br><br>",Little Joys,milkmix,"milkmix, kids, little-joys",TRUE,Title,Default Title,MWLJNTP.00529.B0_N,679.00,699.00,TRUE,TRUE,https://i.mscwlns.co/media/misc/pdp/nutrimix-nutrition-powder-7-hazelnut-chocolate/nutrimix-nutrition-powder-7-hazelnut-chocolate_3e688f.jpg?tr=w-600,Nutrimix 7+ Nutrition Powder Hazelnut Chocolate (350g),FALSE,active
unsweetened-nutrimix-nutrition-powder,Unsweetened Nutrimix Nutrition Powder (200g),"• Absolutely No Added Sugar! Unsweetened version of our bestseller, Nutrimix.<br><br>
• <b> 6g of Protein</b> per serving. <br><br>
• Plant-based protein sources like <b>moong dal, peas</B> and <b>brown rice</b>.<br><br>
• Developed by pediatricians & nutritionists. <br><br>
• 23 vitamins & minerals & superfoods like <b>ragi, bajra, almonds & walnuts</b>. <br><br>
",Little Joys,milkmix,"milkmix, kids, little-joys",TRUE,Title,Default Title,MWLJNTP.00582.B0_N,449.00,499.00,TRUE,TRUE,https://i.mscwlns.co/media/misc/pdp/unsweetened-nutrimix-nutrition-powder/1_j7r9nd.jpg?tr=w-600,Unsweetened Nutrimix Nutrition Powder (200g),FALSE,active
steel-glass,Steel Glass Merch ,"Unbreakable, kid-friendly steel glass – safe sips for little hands",Little Joys,others,"others, kids, little-joys",TRUE,Title,Default Title,MWLJGNP.00059.B0_N,149.00,,TRUE,TRUE,https://i.mscwlns.co/media/misc/pdp/steel-glass/steel-glass_1vbnbi.jpg?tr=w-600,Steel Glass Merch ,FALSE,active
nutrimix-nutrition-powder-7-kulfi-badam,Nutrimix 7+ Nutrition Powder Badam Kulfi (350g),"The most nutrient packed milk mix in India for overall health & immunity, made especially to fill nutritional gaps in kids aged 7-12 years.
<br><br>
Fills more than <b>40% of kids' daily protein requirement</b> with 1 glass of milk. 
<br><br>
Zero preservative & refined sugar (like Maltodextrin). Naturally sweetened with <b>dates</b> & <b>jaggery</b>.
<br><br>
Contains 5x more Vitamin D3 to help <b>absorb more nutrients from milk</b>.
<br><br>
Made with natural superfoods like <b>Ragi, Bajra, Almonds, & Walnuts</b>.
<br><br>
Formulated by nutritionists & pediatricians.
<br><br>


",Little Joys,milkmix,"milkmix, kids, little-joys",TRUE,Title,Default Title,MWLJNTP.00530.B0_N,679.00,699.00,TRUE,TRUE,https://i.mscwlns.co/media/misc/pdp/nutrimix-nutrition-powder-7-kulfi-badam/nutrimix-nutrition-powder-7-kulfi-badam_4df9j6.jpg?tr=w-600,Nutrimix 7+ Nutrition Powder Badam Kulfi (350g),FALSE,active
nutrimix-nutrition-powder-7-cookie-cream,Nutrimix 7+ Nutrition Powder Cookies & Cream (350g),"The most nutrient packed milk mix in India for growth & immunity, made especially to fill nutritional gaps in kids aged 7-12 years.
<br><br>
Fills more than <b>40% of kids' daily protein requirement</b> with 1 glass of milk. 
<br><br>
Zero preservative & refined sugar (like Maltodextrin). Naturally sweetened with <b>dates</b> & <b>jaggery</b>.
<br><br>
Contains 5x more Vitamin D3 to help <b>absorb more nutrients from milk</b>.
<br><br>
Made with natural superfoods like <b>Ragi, Bajra, Almonds, & Walnuts</b>.
<br><br>
Formulated by nutritionists & pediatricians.
<br><br>


",Little Joys,milkmix,"milkmix, kids, little-joys",TRUE,Title,Default Title,MWLJNTP.00531.B0_N,679.00,699.00,TRUE,TRUE,https://i.mscwlns.co/media/misc/pdp/nutrimix-nutrition-powder-7-cookie-cream/nutrimix-nutrition-powder-7-cookie-cream_cwc0p4.jpg?tr=w-600,Nutrimix 7+ Nutrition Powder Cookies & Cream (350g),FALSE,active
green-mug,Joy Cup,,Little Joys,others,"others, kids, little-joys",TRUE,Title,Default Title,MWLJGNP.00069.B0_N,249.00,,TRUE,TRUE,https://i.mscwlns.co/media/misc/pdp/green-mug/PDP%201_141n60.jpg?tr=w-600,Joy Cup,FALSE,active
aloe-shampoo-new,Aloe Vera Shampoo (200ml),"Aloe-Ha parent, we're here to make your kid's bathing time cry-free, fun, and refreshing!<br/><br/>Little Joys Aloe Vera Shampoo deep cleanses your baby's scalp without causing any damage to its pH. A balanced pH =  irritation-free scalp!<br/><br/>This gentle formula also contains natural Oat, Sitaphal, Shea Butter, Papaya, Coconut, and Honey Extract, which help deep condition hair, improve texture and boost hair health.<br/><br/>All this for an ALOE-some bathing time!",Little Joys,personal-care,"personal-care, kids, little-joys",TRUE,Title,Default Title,MWLJHYP.0006.B0_N,324.00,399.00,TRUE,TRUE,https://i.mscwlns.co/media/misc/others/Aloe%20Vera%20Shampoo%20%28250ml%29_jyp0ok.jpg?tr=w-600,Aloe Vera Shampoo (200ml),FALSE,active
brain-gummies-7-packof60,LJ Brain Gummies 7+ (60s),"► <b>For Ages 7+</b></br></br>

► Our <b>DHA Brain Gummies</b> boost memory, concentration and long term brain development!</br></br>

► Powered by <b>DHA & Choline</b> + with 8 nutrients and 4 delicious fruits and veggies.</br></br>

► <b>Bonus?</b> It has zero added sugar!</br></br>

<b>60 Gummies | 100% Safe | Pediatrician Recommended</b>",Little Joys,gummies,"gummies, kids, little-joys",TRUE,Title,Default Title,MWLJNTP.00533.B0_N,849.00,1049.00,TRUE,TRUE,https://i.mscwlns.co/media/misc/pdp/brain-gummies-7-packof60/brain-gummies-7-packof60_ld8bii.jpg?tr=w-600,LJ Brain Gummies 7+ (60s),FALSE,active
chocolate-spread-xp-1,Chocolate Hazelnut Spread (300g),"🌰 Switch from sugary chocolate spreads to our <b>rich hazelnut and cocoa spread</b> for kids!<br/><br/>🚫 It contains <b>no white or refined sugar of any kind</b> and is sweetened only with jaggery!<br/><br/>🌾 Also has <b>ragi and bajra</b> to promote immunity in kids = what more can a healthy spread have!<br/><br/>🍫 <b>NO</b> preservatives, <b>NO</b> added chemicals, artificial colour and <b>NO</b> palm oil! <br/><br/><b>",Little Joys,healthysnacks,"healthysnacks, kids, little-joys",TRUE,Title,Default Title,MWLJNTK.00665.B0_N,459.00,499.00,TRUE,TRUE,https://i.mscwlns.co/media/misc/pdp/chocolate-spread/Spread_7hnfi6.jpg?tr=w-600,Chocolate Hazelnut Spread (300g),FALSE,active
nutrimix-nutrition-powder-7-vanilla,Nutrimix 7+ Nutrition Powder Vanilla (350g),"🌟The most nutrient packed milk mix in India for overall health & development, made especially to fill nutritional gaps in kids aged 7-12 years.</br></br>

Fills more than <b>40% of kids' daily protein requirement</b> with 1 glass of milk.</br></br>

<b>Zero preservative & refined sugar</b> (like Maltodextrin). Naturally sweetened with <b>dates & jaggery</b>.</br></br>

Contains <b>5x more Vitamin D3</b> to help absorb more nutrients from milk.</br></br>

Made with natural superfoods like <b>Ragi, Bajra, Almonds, & Walnuts</b>.</br></br>

Formulated by <b>nutritionists & pediatricians</b>.",Little Joys,milkmix,"milkmix, kids, little-joys",TRUE,Title,Default Title,MWLJNTP.00636.B0_N,679.00,699.00,TRUE,TRUE,https://i.mscwlns.co/media/misc/pdp/nutrimix-nutrition-powder-7-vanilla/nutrimix-nutrition-powder-7-vanilla_900xdl.jpg?tr=w-600,Nutrimix 7+ Nutrition Powder Vanilla (350g),FALSE,active
chocolate-spread-xp-2,Chocolate Hazelnut Spread (300g),"🌰 Switch from sugary chocolate spreads to our <b>rich hazelnut and cocoa spread</b> for kids!<br/><br/>🚫 It contains <b>no white or refined sugar of any kind</b> and is sweetened only with jaggery!<br/><br/>🌾 Also has <b>ragi and bajra</b> to promote immunity in kids = what more can a healthy spread have!<br/><br/>🍫 <b>NO</b> preservatives, <b>NO</b> added chemicals, artificial colour and <b>NO</b> palm oil! <br/><br/><b>",Little Joys,healthysnacks,"healthysnacks, kids, little-joys",TRUE,Title,Default Title,MWLJNTK.000694.B0_N,459.00,499.00,TRUE,TRUE,https://i.mscwlns.co/media/misc/pdp/chocolate-spread/Spread_7hnfi6.jpg?tr=w-600,Chocolate Hazelnut Spread (300g),FALSE,active
multivitamin-gummies-llp,Multivitamin Multivitamin Gummies 2+ (30 Days Pack),"<b>For best results, use consistently for 3 months</b><br/><br/>✅ <b>12+ vitamins & minerals</b> for your little one's <b>daily nutritional needs</b>.<br><br>🍎 Contains <b>6 real fruits & vegetables</b>! Fulfills any nutrition gaps in diet due to fussy or picky eating.<br/><br/>🛡️ Contains <b>Vitamin C, Turmeric (Haldi), Vitamin B12 & Zinc</b> which are known to <b>boost immunity.</b><br/><br/>💪🏼 Supports <b>antibody production</b> and <b>strengthens the immune system</b> with Vitamin B9, Vitamin D & Vitamin A.<br/><br/>🚫 Contains <b>no added sugar</b> and <b>no artificial colours, flavours or preservatives</b>. Only the YUMMIEST, CLEANEST, HEALTHIEST gummy!<br><br><b>30 Gummies | 100% Safe | Paediatrician Recommended <br/><br/> <b>Contains ingredients that help : </b>",Little Joys,gummies,"gummies, kids, little-joys",TRUE,Title,Default Title,MWLJNTK.000696.B0_N,549.00,,TRUE,TRUE,https://i.mscwlns.co/media/misc/pdp/multivitamin-gummies/MVG7%2B_WBG_5nli98.jpg?tr=w-600,Multivitamin Multivitamin Gummies 2+ (30 Days Pack),FALSE,active
core-nutrimix-nutrition-powder-belgian-chocolate,Nutrimix Nutrition Powder Belgian Chocolate (350g),"🌾<b>6g of Protein </b>per serving of <b>Nutrimix</b>, essential for kids aged 2-6 for <b> healthy growth & development</b>. <br><br>⬆️ <b>Height growth</b> with plant-based protein sources like <b>moong dal, peas</B> and <b>brown rice</b>.<br><br>🛡️<b>Boosts immunity </b>with superfoods like <b>ragi & bajra</b> and <b>23 vitamins & minerals.</b><br><br>💪🏼 Ensures <b>healthy weight gain</b> with the goodness of <b>almonds and walnuts</b>. <br><br>🦴 <b>Calcium </b>to help build <b>strong bones </b>and <b>DHA</b> (Omega 3) for healthy<b> brain development. </b><br><br>🚫<b> ZERO white sugar</b>. <b>Naturally sweetened</b> with <b>jaggery</b> and <b>dates</b>.<br><br>",Little Joys,milkmix,"milkmix, kids, little-joys",TRUE,Title,Default Title,MWLJNTK.000710.B0_N,599.00,649.00,TRUE,TRUE,https://i.mscwlns.co/media/misc/pdp/nutrimix-nutrition-powder-belgian-chocolate/Belgian%20chocolate_5wonjr.jpg?tr=w-600,Nutrimix Nutrition Powder Belgian Chocolate (350g),FALSE,active
core-nutrimix-nutrition-powder-7-vanilla,Nutrimix 7+ Nutrition Powder Vanilla (350g),"The most nutrient packed milk mix in India for growth & immunity, made especially to fill nutritional gaps in kids aged 7-12 years.
<br><br>
Fills more than <b>40% of kids' daily protein requirement</b> with 1 glass of milk. 
<br><br>
Zero preservative & refined sugar (like Maltodextrin). Naturally sweetened with <b>dates</b> & <b>jaggery</b>.
<br><br>
Contains 5x more Vitamin D3 to help <b>absorb more nutrients from milk</b>.
<br><br>
Made with natural superfoods like <b>Ragi, Bajra, Almonds, & Walnuts</b>.
<br><br>
Formulated by nutritionists & pediatricians.
<br><br>


",Little Joys,milkmix,"milkmix, kids, little-joys",TRUE,Title,Default Title,MWLJNTK.000715.B0_N,649.00,699.00,TRUE,TRUE,https://i.mscwlns.co/media/misc/pdp/nutrimix-nutrition-powder-7-vanilla/Nutrimix-Vanilla_c1wg1v.jpg?tr=w-600,Nutrimix 7+ Nutrition Powder Vanilla (350g),FALSE,active
core-nutrimix-nutrition-powder-7-kulfi-badam,Nutrimix 7+ Nutrition Powder Badam Kulfi (350g),"The most nutrient packed milk mix in India for growth & immunity, made especially to fill nutritional gaps in kids aged 7-12 years.
<br><br>
Fills more than <b>40% of kids' daily protein requirement</b> with 1 glass of milk. 
<br><br>
Zero preservative & refined sugar (like Maltodextrin). Naturally sweetened with <b>dates</b> & <b>jaggery</b>.
<br><br>
Contains 5x more Vitamin D3 to help <b>absorb more nutrients from milk</b>.
<br><br>
Made with natural superfoods like <b>Ragi, Bajra, Almonds, & Walnuts</b>.
<br><br>
Formulated by nutritionists & pediatricians.
<br><br>


",Little Joys,milkmix,"milkmix, kids, little-joys",TRUE,Title,Default Title,MWLJNTK.000719.B0_N,649.00,699.00,TRUE,TRUE,https://i.mscwlns.co/media/misc/pdp/nutrimix-nutrition-powder-7-kulfi-badam/1.1_gjpbqu.jpg?tr=w-600,Nutrimix 7+ Nutrition Powder Badam Kulfi (350g),FALSE,active
core-nutrimix-nutrition-powder-7-hazelnut-chocolate,Nutrimix 7+ Nutrition Powder Hazelnut Chocolate (350g),"The most nutrient packed milk mix in India for growth & immunity, made especially to fill nutritional gaps in kids aged 7-12 years.
<br><br>
Fills more than <b>40% of kids' daily protein requirement</b> with 1 glass of milk. 
<br><br>
Zero preservative & refined sugar (like Maltodextrin). Naturally sweetened with <b>dates</b> & <b>jaggery</b>.
<br><br>
Contains 5x more Vitamin D3 to help <b>absorb more nutrients from milk</b>.
<br><br>
Made with natural superfoods like <b>Ragi, Bajra, Almonds, & Walnuts</b>.
<br><br>
Formulated by nutritionists & pediatricians.
<br><br>


",Little Joys,milkmix,"milkmix, kids, little-joys",TRUE,Title,Default Title,MWLJNTK.000717.B0_N,649.00,699.00,TRUE,TRUE,https://i.mscwlns.co/media/misc/pdp/nutrimix-nutrition-powder-7-hazelnut-chocolate/HAzelnut_f1u41v.jpg?tr=w-600,Nutrimix 7+ Nutrition Powder Hazelnut Chocolate (350g),FALSE,active
nutrimix-nutrition-powder-vanilla-1kg,Nutrimix Vanilla (1kg),"🌾<b>6g of protein </b>per serving of Nutrimix, essential for kids aged 2-6 for for overall health and development. <br><br>🥛 Can be had as morning milk or a yummy afternoon milkshake! <br><br>⬆️<b>Healthy nutrition </b> with plant-based protein sources like <b>moong dal, peas</b> and <b>brown rice</b>.<br><br>🛡️<b>Boosts immunity </b>with superfoods like <b>ragi & bajra</b> and <b>23 vitamins & minerals.</b><br><br>💪🏼 Ensures <b>healthy development</b> with the goodness of <b>almonds and walnuts</b>. <br><br>🦴 <b>Calcium </b>to help build <b>strong bones </b>and <b>DHA</b> (omega3) for healthy<b> brain development. </b><br><br>🚫<b> ZERO white sugar</b>. <b>Naturally sweetened</b> with <b>jaggery</b> and <b>dates</b>.<br><br>To be given only under medical advice by a physician or certified dietician or nutritionist for children 2–5 years.",Little Joys,milkmix,"milkmix, kids, little-joys",TRUE,Title,Default Title,MWLJNTP.00668.B0_N,1399.00,,TRUE,TRUE,https://i.mscwlns.co/media/misc/pdp/nutrimix-nutrition-powder-vanilla-1kg/Nutrimix-Vanilla-WBG_3kz446.jpg?tr=w-600,Nutrimix Vanilla (1kg),FALSE,active
core-nutrimix-nutrition-powder-7-cookie-cream,Nutrimix 7+ Nutrition Powder Cookies & Cream (350g),"The most nutrient packed milk mix in India for growth & immunity, made especially to fill nutritional gaps in kids aged 7-12 years.
<br><br>
Fills more than <b>40% of kids' daily protein requirement</b> with 1 glass of milk. 
<br><br>
Zero preservative & refined sugar (like Maltodextrin). Naturally sweetened with <b>dates</b> & <b>jaggery</b>.
<br><br>
Contains 5x more Vitamin D3 to help <b>absorb more nutrients from milk</b>.
<br><br>
Made with natural superfoods like <b>Ragi, Bajra, Almonds, & Walnuts</b>.
<br><br>
Formulated by nutritionists & pediatricians.
<br><br>


",Little Joys,milkmix,"milkmix, kids, little-joys",TRUE,Title,Default Title,MWLJNTK.000718.B0_N,649.00,699.00,TRUE,TRUE,https://i.mscwlns.co/media/misc/pdp/nutrimix-nutrition-powder-7-cookie-cream/1.1_1czv6i.jpg?tr=w-600,Nutrimix 7+ Nutrition Powder Cookies & Cream (350g),FALSE,active
nutrimix-nutrition-powder-strawberry-1kg,Nutrimix Strawberry (1kg),"🌾<b>6g of protein </b>per serving of Nutrimix, essential for kids aged 2-6 for for overall health and development. <br><br>🥛 Can be had as morning milk or a yummy afternoon milkshake! <br><br>⬆️<b>Healthy nutrition </b> with plant-based protein sources like <b>moong dal, peas</B> and <b>brown rice</b>.<br><br>🛡️<b>Boosts immunity </b>with superfoods like <b>ragi & bajra</b> and <b>23 vitamins & minerals.</b><br><br>💪🏼 Ensures <b>healthy development</b> with the goodness of <b>almonds and walnuts</b>. <br><br>🦴 <b>Calcium </b>to help build <b>strong bones </b>and <b>DHA</b> (omega3) for healthy<b> brain development. </b><br><br>🚫<b> ZERO white sugar</b>. <b>Naturally sweetened</b> with <b>jaggery</b> and <b>dates</b>.<br><br>To be given only under medical advice by a physician or certified dietician or nutritionist for children 2–5 years.",Little Joys,milkmix,"milkmix, kids, little-joys",TRUE,Title,Default Title,MWLJNTP.00667.B0_N,1399.00,,TRUE,TRUE,https://i.mscwlns.co/media/misc/pdp/nutrimix-nutrition-powder-strawberry-1kg/Nutrimix-Strawberry-WBG_3ezuv4.jpg?tr=w-600,Nutrimix Strawberry (1kg),FALSE,active
chocolate-spread-xp-3,Chocolate Hazelnut Spread (300g),"🌰 Switch from sugary chocolate spreads to our <b>rich hazelnut and cocoa spread</b> for kids!<br/><br/>🚫 It contains <b>no white or refined sugar of any kind</b> and is sweetened only with jaggery!<br/><br/>🌾 Also has <b>ragi and bajra</b> to promote immunity in kids = what more can a healthy spread have!<br/><br/>🍫 <b>NO</b> preservatives, <b>NO</b> added chemicals, artificial colour and <b>NO</b> palm oil! <br/><br/><b>",Little Joys,healthysnacks,"healthysnacks, kids, little-joys",TRUE,Title,Default Title,MWLJNTK.000744.B0_N,459.00,499.00,TRUE,TRUE,https://i.mscwlns.co/media/misc/pdp/chocolate-spread/Spread_7hnfi6.jpg?tr=w-600,Chocolate Hazelnut Spread (300g),FALSE,active
unsweetened-nutrimix-nutrition-powder-7,Unsweetened NutriMix 7+ Nutrition Powder (350g),"• Absolutely No Added Sugar! Unsweetened version of our bestseller, Nutrimix.<br><br>
• <b> 9g of Protein</b> per serving. <br><br>
• Plant-based protein sources like <b>moong dal, peas</B> and <b>brown rice</b>.<br><br>
• Developed by pediatricians & nutritionists. <br><br>
• 23 vitamins & minerals & superfoods like <b>ragi, bajra, almonds & walnuts</b>. <br><br>
",Little Joys,milkmix,"milkmix, kids, little-joys",TRUE,Title,Default Title,MWLJNTP.00700.B0_N,799.00,,TRUE,TRUE,https://i.mscwlns.co/media/misc/pdp/unsweetened-nutrimix-nutrition-powder-7/unsweetened-nutrimix-nutrition-powder-7_lhxl35.jpg?tr=w-600,Unsweetened NutriMix 7+ Nutrition Powder (350g),FALSE,active
unsweetened-nutrimix-nutrition-powder-350g,Unsweetened NutriMix 2+ Nutrition Powder (350g),"• Absolutely No Added Sugar! Unsweetened version of our bestseller, Nutrimix.<br><br>
• <b> 6g of Protein</b> per serving. <br><br>
• Plant-based protein sources like <b>moong dal, peas</B> and <b>brown rice</b>.<br><br>
• Developed by pediatricians & nutritionists. <br><br>
• 23 vitamins & minerals & superfoods like <b>ragi, bajra, almonds & walnuts</b>. <br><br>To be given only under medical advice by a physician or certified dietician or nutritionist for children 2–5 years.",Little Joys,milkmix,"milkmix, kids, little-joys",TRUE,Title,Default Title,MWLJNTP.00699.B0_N,749.00,,TRUE,TRUE,https://i.mscwlns.co/media/misc/pdp/unsweetened-nutrimix-nutrition-powder-350g/unsweetened-nutrimix-nutrition-powder-350g_cil4hj.jpg?tr=w-600,Unsweetened NutriMix 2+ Nutrition Powder (350g),FALSE,active
chocolate-spread-xp-4,Chocolate Hazelnut Spread (300g),"🌰 Switch from sugary chocolate spreads to our <b>rich hazelnut and cocoa spread</b> for kids!<br/><br/>🚫 It contains <b>no white or refined sugar of any kind</b> and is sweetened only with jaggery!<br/><br/>🌾 Also has <b>ragi and bajra</b> to promote immunity in kids = what more can a healthy spread have!<br/><br/>🍫<b>NO</b> preservatives, <b>NO</b> added chemicals, artificial colour and <b>NO</b> palm oil! <br/><br/><b>",Little Joys,healthysnacks,"healthysnacks, kids, little-joys",TRUE,Title,Default Title,MWLJNTK.000764.B0_N,459.00,499.00,TRUE,TRUE,https://i.mscwlns.co/media/misc/pdp/chocolate-spread/Spread_7hnfi6.jpg?tr=w-600,Chocolate Hazelnut Spread (300g),FALSE,active
nutrimix-nutrition-powder-7-energy,Nutrimix 7+ Chocolate Nutrition Powder (350g),"Energy PDP . The most nutrient packed milk mix in India for energy, growth & immunity, made especially to fill nutritional gaps in kids aged 7-12 years.
<br><br>
Each glass delivers over <b>40% of kids' daily protein requirement</b> fueling them with long-lasting energy for school, play, and everything in between. 
<br><br>
Zero preservative & refined sugar (like Maltodextrin). Naturally sweetened with <b>dates</b> & <b>jaggery</b>.
<br><br>
Contains 5x more Vitamin D3 to help <b>absorb more nutrients from milk</b>.
<br><br>
Made with natural superfoods like <b>Ragi, Bajra, Almonds, & Walnuts</b>.
<br><br>
Formulated by nutritionists & pediatricians.
<br><br>


",Little Joys,milkmix,"milkmix, kids, little-joys",TRUE,Title,Default Title,MWLJNTK.000793.B0_N,664.00,699.00,TRUE,TRUE,https://i.mscwlns.co/media/misc/pdp/nutrimix-nutrition-powder-7/7%2B%20years_6umf2j.jpg?tr=w-600,Nutrimix 7+ Chocolate Nutrition Powder (350g),FALSE,active
multivitamin-gummies-chicory,Multivitamin Gummies 2+ (30 Days Pack),"<b>Build their natural defenses daily. For best immunity results, use consistently for 3 months.</b><br/><br/>✅ <b>Strengthens immunity</b> with <b>11+ essential vitamins & minerals</b> for your child's daily protective needs.<br><br>🌿 Contains <b>natural prebiotic chicory root</b> to <b>support gut health</b>. A healthy gut means <b>better nutrient absorption</b>, critical for robust immunity.<br/><br/>🍎 With <b>6 real fruits & vegetables</b>! Helps fill nutritional gaps, ensuring they get goodness even if they're picky eaters.<br/><br/>🛡️ Fortified with <b>Vitamin C, Turmeric (Haldi), Vitamin B12 & Zinc</b> to actively <b>boost their immune response.</b><br/><br/>💪🏼 Aids <b>antibody production</b> and reinforces the immune system with Vitamin B9, Vitamin D & Vitamin A.<br/><br/><b>🚫 No artificial colours, flavours or preservatives</b>. Just the YUMMIEST, CLEANEST, HEALTHIEST gummy for their daily wellness ritual!<br><br><b> 100% Safe Paediatrician Recommended <br/><br/> <b>Contains ingredients that help : </b>",Little Joys,gummies,"gummies, kids, little-joys",TRUE,Title,Default Title,MWLJNTK.000802.B0_N,499.00,549.00,TRUE,TRUE,https://i.mscwlns.co/media/misc/pdp/multivitamin-gummies/MVG7%2B_WBG_5nli98.jpg?tr=w-600,Multivitamin Gummies 2+ (30 Days Pack),FALSE,active
tomato-sauce-600g,Tomato Sauce Squeeze - 600 g,"🍅 Parents, stop the sugar-loaded ketchup and try this <b>yummy, better alternative instead!</b><br/><br/>💯 Made with <b>28% Tomato Paste and Sweetened with Jaggery.<b> <br/><br/>🚫 <b>Zero</b> preservatives, artificial color, and 0 MSG! Contains onion & garlic <br/><br/> ",Little Joys,healthysnacks,"healthysnacks, kids, little-joys",TRUE,Title,Default Title,MWLJNTP.000748.B0_N,549.00,599.00,TRUE,TRUE,https://i.mscwlns.co/media/misc/pdp/tomato-sauce-600g/Tomato%20Sauce_8bja3m.jpg?tr=w-600,Tomato Sauce Squeeze - 600 g,FALSE,active
magnesium-gummies-60n-bb,Magnesium Gummies for Moms,"<b>We teamed up with Be Bodywise to bring our moms clean, expert-backed care for better sleep and calmer days.</b><br/><br/><b>Stressed, Anxious OR Struggling to Sleep? </b><br/> It might be time to embrace the calming power of magnesium! <br/><br/>Life as a mom can be demanding, and these <b>Magnesium Gummies</b> are designed to support your well-being, helping you with relaxed nights & a peaceful mind 😊 💤 <br/><br/> Here's what makes them special:<br/><b>💤 Supports melatonin production</b> – your sleep hormone <br/>🌿<b> Lowers cortisol</b> – relieving stress <br/>🧠<b> Supports GABA</b> neurotransmitter – reducing anxiety <br/>💪<b> Relaxes muscles</b> & maintains cardiac rhythm <br/>✅<b> 8x better absorption</b> than other salts<br/><br/>Non-Habit Forming | Safe for daily use | No Added Sugar</b><br/><br/>1 Pack = <b>60 gummies</b> for better sleep, less stress & a calmer mind!<br/><br/>",Little Joys,gummies,"gummies, kids, little-joys",TRUE,Title,Default Title,MWLJNTK.00530.BO_N,1099.00,1199.00,TRUE,TRUE,https://i.mscwlns.co/media/misc/pdp/magnesium-gummies-moms-bb-60n/Magnesium%20gummy%20thumbnail_j8593p.jpg?tr=w-600,Magnesium Gummies for Moms,FALSE,active
calcium-gummies-moms,Calcium Gummies,"<b>Support for Strong Bones & Stamina<br/><br/>⚠️ Calcium deficiency often goes unnoticed </b> until the joint aches, low energy, and sluggish days begin.<br/>Between the school runs and housework, your body deserves a little backup.<br/><br/><b>These Calcium Gummies </b>are made for every mother who carries the weight of the home and still keep moving. Reclaim your strength from within.<br/><br/><b>Here’s what’s inside:</b><br/>✅ <b>Calcium + Vegan D3 + B12</b> supports strong bones, steady energy, and daily stamina<br/>✅<b> Chicory Root Prebiotic </b> helps your body absorb calcium better<br/>✅<b> No chalky pills, no sugar crash</b> just clean, effective support in a yummy strawberry gummy<br/>✅ Nutritionists-approved formula. Vegan. No added sugar. No junk.<br/><br/><b>Loved by Moms.</b><br/>Made to move with your day not slow you down.</b><br/><br/>Take <b>2 gummies </b>daily for 3 months to feel the difference✨",Little Joys,gummies,"gummies, kids, little-joys",TRUE,Title,Default Title,MWLJNTP.00518.B0_N,549.00,,TRUE,TRUE,https://i.mscwlns.co/media/misc/pdp/calcium-gummies-moms/Thumbnail%20Images%20Calcium_49gd2x.png?tr=w-600,Calcium Gummies,FALSE,active
hair-health-gummies-moms, Biotin Gummies,"<b>Bring Back Your Hair. And the Confidence That Came With It.</b><br/><br/>
⚠️<b>A daily self-care win</b> in a gummy made for mothers.<br/>
Formulated with <b>100% RDA Biotin,</b> a key nutrient that supports the natural production of keratin the protein that keeps hair, skin, and nails healthy.<br/>
Because being a mom shouldn’t mean putting yourself last.<br/>
These <b>Biotin Gummies </b>are your guilt-free ritual to reclaim stronger hair, glowing skin and a little joy for yourself.<br/><br/>
<b>Here’s what’s inside:</b><br/>
✅ 100% RDA Biotin (B7) — supports stronger, fuller hair<br/>
✅ Vitamin E — nourishes skin from within<br/>
✅10 essential nutrients — for everyday energy and glow<br/>
✅ Chicory Root (Prebiotic) — supports gut health, because beauty starts inside.<br/>
✅<b>No added sugar. No gelatin. No artificial colors.</b><br/>
Loved by Moms.<br/>
Expert-approved formulation that's honest, clean, guilt-free.<br/><br/>
Take one gummy daily for 3 months to feel the difference✨",Little Joys,gummies,"gummies, kids, little-joys",TRUE,Title,Default Title,MWLJNTP.00520.B0_N,499.00,549.00,TRUE,TRUE,https://i.mscwlns.co/media/misc/pdp/hair-health-gummies-moms/Thumbnail%20Images%20Biotin_2g6fj6.png?tr=w-600, Biotin Gummies,FALSE,active
magnesium-gummies-30,Magnesium Gummies for Kids,"<b>Magnesium Gummies for Kids above 4 years</b><br/><br/>
Some days, kids are extra cranky, restless, or just can't seem to settle down at bedtime. And as parents, it's hard not to wonder: ""Are they getting everything they need?""<br/><br/>
Magnesium is an important mineral that plays an important role in muscle and nerve function. Since many kids can be picky eaters, getting enough through everyday foods isn't always easy.<br/><br/>
<b>Signs your child may not be getting enough magnesium:</b><br/>
• Restless or uneasy sleep<br/>
• Fussiness or cranky moods<br/>
• Muscle discomfort after active play<br/>
• Low intake of nuts, seeds, greens, or whole foods<br/><br/>
Little Joys Magnesium Gummies are thoughtfully made for busy families who want something clean, simple, and easy to say yes to.<br/><br/>
🌿 <b>19 mg elemental magnesium</b> for normal muscle and nerve function, along with Vitamin B6 & Vegan D3<br/><br/>
🌾 <b>Made with fibre</b> (prebiotic from chicory root)<br/><br/>
🚫 <b>ZERO Added Sugar</b><br/><br/>
🎨 <b>No artificial colours, flavours, or preservatives</b><br/><br/>
<b>30 Gummies | Clean Label | Approved by Moms. Loved by Kids.</b></b>",Little Joys,gummies,"gummies, kids, little-joys",TRUE,Title,Default Title,MWLJNTP.000801.B0_N,499.00,549.00,TRUE,TRUE,https://i.mscwlns.co/media/misc/pdp/magnesium-gummies-30/Website-Thumbnail%20%281%29_fk6xic.jpg?tr=w-600,Magnesium Gummies for Kids,FALSE,active
millet-choco-fills,Millet Choco Fills,"<b>One of the first</b> to introduce <b>choco fills with a jaggery-sweetened chocolate center</b> with <b>no refined sugar</b>.<br/><br/>🥣 Millet-rich crunchy cereal shells with a jaggery-sweetened cocoa filling.<br/><br/>❌ No Refined Sugar, No Palm Oil, No Preservatives, No Artificial Colour.<br/><br/>Designed as a ready-to-eat cereal/snack for kids ",Little Joys,healthysnacks,"healthysnacks, kids, little-joys",TRUE,Title,Default Title,MWLJNTP.000810.B0_N,399.00,,TRUE,TRUE,https://i.mscwlns.co/media/misc/pdp/millet-choco-fills/millet-choco-fills_2d1e1k.png?tr=w-600,Millet Choco Fills,FALSE,active
hand-frother-blue,Little Joys Milk Frother ,"We know mixing Nutrimix can be difficult sometimes. We wish dry fruits would dissolve in milk like sugar but it doesn't. But we promised healthy and easy nutrition so we bring to you Little Joys Milk Frother to make mixing Nutrimix easy and fun that even kids can do it. <br/><br/>

Batteries included :)

",Little Joys,personal-care,"personal-care, kids, little-joys",TRUE,Title,Default Title,MWLJGNP.00531.BO_N,199.00,299.00,TRUE,TRUE,https://i.mscwlns.co/media/misc/pdp/hand-frother-blue/IMG_3050_11zon_fzg5xj.jpg?tr=w-600,Little Joys Milk Frother ,FALSE,active
mixed-nut-spread-250g,MIxed Nut Spread,"🍫🥜 Switch from sugary chocolate spreads to our <b>wholesome Mixed Nut & Cocoa Spread</b> for kids!<br/><br/>

🚫 Made without white or refined sugar - sweetened only with jaggery.<br/><br/>

🌰 Loaded with the goodness of <b>almonds, cashews, and hazelnuts</b> – a natural source of protein, healthy fats, and energy.<br/><br/>

✅ NO preservatives, NO palm oil, NO artificial flavours or colours -  just clean, honest ingredients!",Little Joys,healthysnacks,"healthysnacks, kids, little-joys",TRUE,Title,Default Title,MWLJNTP.000813.B0_N,499.00,,TRUE,TRUE,https://i.mscwlns.co/media/misc/pdp/mixed-nut-spread-250g/Mixed%20Nut%20Spread_7r7jo0.jpg?tr=w-600,MIxed Nut Spread,FALSE,active
mixed-berry-jam-250g,Mixed Berry Jam,"🍓 <b>Whole Mixed Berries (Strawberry, Blueberry & Raspberry) , 0% Added Sugar </b>– : Enjoy the taste of juicy berries without any refined sugar.<br/><br/>✅ <b>Sweetened with FOS & Honey:</b>Made delicious with no artificial sweeteners<br/><br/>❌ <b>No Preservatives, No Artificial Flavors </b>– Just whole juicy berries, bursting with flavor and nutrition.",Little Joys,healthysnacks,"healthysnacks, kids, little-joys",TRUE,Title,Default Title,MWLJNTP.000814.B0_N,349.00,,TRUE,TRUE,https://i.mscwlns.co/media/misc/pdp/jam-glass/hero%20imageJAM_imd7wn.jpg?tr=w-600,Mixed Berry Jam,FALSE,active
multpurpose-nutrimix,Multipurpose Nutrimix,"Make everyday rotis &amp; dosas high in protein<br/><br/>Getting picky eater kids to eat enough protein is tough — but changing what they eat isn’t.<br/>Just upgrade what they already love.<br/><br/><b>12g protein per scoop</b><br/>An easy daily protein boost for growing kids.<br/><br/><b>100% plant-based protein (no whey)</b><br/>Gentle on digestion, light on the stomach — ideal for kids and everyday family use.<br/><br/><b>Mix into your daily atta or batter</b><br/>Chapati, paratha, dosa, cheela, even baking — no new recipes, no extra effort.<br/><br/><b>Clean, worry-free nutrition</b><br/>- No added sugar<br/>- No gluten<br/>- No preservatives<br/><br/><b>Made for families, not just kids</b><br/>Perfect for kids, but great for everyone at home!<br/><br/>Approved by moms, loved by kids.",Little Joys,milkmix,"milkmix, kids, little-joys",TRUE,Title,Default Title,MWLJNTP.00553.BO_N,699.00,749.00,TRUE,TRUE,https://i.mscwlns.co/media/misc/pdp/multpurpose-nutrimix/thumbnail_proteinmix1%20copy%20%281%29_er8qbv.jpg?tr=w-600,Multipurpose Nutrimix,FALSE,active
nm350g-pouch-pack-3,Nutrimix Chocolate (1kg),"🌾<b>6g of Protein </b>per serving of <b>Nutrimix</b>, essential for kids aged 2-6 for <b> healthy growth & development</b>.<br><br>⬆️ <b>Height growth</b> with plant-based protein sources like <b>moong dal, peas</B> and <b>brown rice</b>.<br><br>🛡️<b>Boosts immunity </b>with superfoods like <b>ragi & bajra</b> and <b>23+ vitamins & minerals.</b><br><br>💪🏼 Ensures <b>healthy weight gain</b> with the goodness of <b>almonds and walnuts</b>. <br><br>🦴 <b>Calcium </b>to help build <b>strong bones </b>and <b>DHA</b> (omega3) for healthy<b> brain development. </b><br><br>🚫<b> ZERO white sugar</b>. <b>Naturally sweetened</b> with <b>jaggery</b> and <b>dates</b>.<br><br>
",Little Joys,milkmix,"milkmix, kids, little-joys",TRUE,Title,Default Title,MWLJNTP.11027.B0,1352.00,,TRUE,TRUE,https://i.mscwlns.co/media/misc/others/Nutrimix%202%2B%20Chocolate%20%281kg%29_kw9p7q.jpg?tr=w-600,Nutrimix Chocolate (1kg),FALSE,active
multivitamin-gummies-13-18,Multivitamin Gummies 13+ (30N),"<b>For best results, use consistently for 3 months</b><br/><br/>✅ <b>13+ vitamins & minerals</b> for your child's <b>daily nutritional needs</b>.<br><br>🍎 Contains <b>6 real fruits & vegetables</b>! Fills nutrition gaps in diet due to fussy or picky eating.<br/><br/>🚫 ZERO ADDED SUGAR - Uses a <b>plant derived fiber base</b> for sweetness.</br></br>🛡️ Contains <b>Vitamin C, Turmeric (Haldi), Vitamin B12 & Zinc</b> which are known to <b>boost immunity.</b><br/><br/>💪🏼 Supports <b>antibody production</b> and <b>strengthens the immune system</b> with Vitamin B9, Vitamin D & Vitamin A.<br/><br/><b>🚫 No artificial colours, flavours or preservatives</b>. Only the YUMMIEST, CLEANEST, HEALTHIEST gummy!<br><br><b>30 Gummies | 100% Safe | Paediatrician Recommended <br/><br/> <b>Contains ingredients that help : </b>",Little Joys,gummies,"gummies, kids, little-joys",TRUE,Title,Default Title,MWLJNTP.00542.BO_N,499.00,549.00,TRUE,TRUE,https://i.mscwlns.co/media/misc/pdp/multivitamin-gummies-13-18/Thumbnail_2_f6gx6f.jpg?tr=w-600,Multivitamin Gummies 13+ (30N),FALSE,active
millet-chocochip-banana-pancake,Millet Choco-Chip Banana Pancake Mix,"No fussy breakfast behavior with <b>Millet Choco-chip Banana Pancake Mix!</b><br/><br/>💪 Millet-based pancakes with <b>8g protein</b> in kids' favorite chocolate flavor with choco chips on top!<br/><br/>🥞 We bet the pancakes are not only tasty but filled with all <b>healthy ingredients</b> <br/><br/>🍯 Sweetened with <b>JAGGERY only, no white sugar or brown sugar</b> <br/><br/>❌ <b>No Maida | No Preservatives | No Artificial Flavour| No Refined Sugar </b>",Little Joys,healthysnacks,"healthysnacks, kids, little-joys",TRUE,Title,Default Title,MWLJNTP.00574.BO_N,199.00,,TRUE,TRUE,https://i.mscwlns.co/media/misc/others/Millet%20pan%20cake%20mix%20%20%281%29_f9ri3k.png?tr=w-600,Millet Choco-Chip Banana Pancake Mix,FALSE,active
mamamix-nutrition-powder-vanilla,Nutrimix For Moms - Vanilla (400g),"<span style='line-height: 1.5;'><span style='font-size: 20px; font-weight: 600;'>🌟 Strength & Recovery, Made Simple For Moms</span><br/><br/>Motherhood is beautiful, but it can take a toll on you. Constant fatigue, aching bones, and hormonal dips aren’t just “being tired.” They’re signs your body needs more than what a regular diet can offer.<br/><br/>This clean, daily nutrition drink is designed just for moms, to <b>rebuild strength</b>, <b>restore energy</b>, and help you feel more like you.<br/><br/><b>What’s inside 2 scoops?</b><br/>✅ <b>12gm Protein - </b> Rebuilds strength, supports recovery<br/>✅ <b>24 Essential Vitamins & Minerals - </b> Helps bridge nutrient gaps<br/>✅ <b>Calcium + Vitamin D3 -</b> Supports bone strength<br/>✅ <b>DHA (Omega-3) - </b> Supports memory & focus<br/>✅ <b>Prebiotics + Probiotics Fibre - </b> Good for gut & metabolism <br/><br/><b>The Clean Label Promise 🌱</b><br/>✔️ No added sugar • No maltodextrin or fillers<br/>✔️ No artificials • No side effects<br/>✔️ Lab-tested • Nutritionist-approved<br/><br/><b>Made for Moms 💛</b><br/>Just add 2 scoops in 200 ml of milk, water or blend into your favourite smoothie and enjoy !<br/><br/>Two scoops won’t change everything. But two scoops, every day? That’s the magic to upgrade your ✨</span>",Little Joys,milkmix,"milkmix, kids, little-joys",TRUE,Title,Default Title,MWLJNTP.00584.BO_N,699.00,749.00,TRUE,TRUE,https://i.mscwlns.co/media/misc/pdp/mamamix-nutrition-powder-vanilla/2%20copy%20%281%29_jqlbvi.jpg?tr=w-600,Nutrimix For Moms - Vanilla (400g),FALSE,active
nutrimix-lite-1kg,Nutrimix Lite (1kg),"► <b>Naturally sweetened</b> with <b>jaggery and dates</b>. Zero white or brown sugar.<br><br>► Contains <b>5 billion CFU</b>, these <b>probiotics</b> help your child have a better <b>gut health</b><br><br>► Contains <b>Ragi, Bajra & Oats</b> for digestive health<br><br>► Combination of <b>plant based natural protein</b> like Moong Dal, Brown Rice & Peas to fuel a child’s growing body<br><br>► Includes <b>almonds, walnuts, chia</b> and <b>flax seeds</b><br><br>► <b>Boosts immunity</b>, strength & <b>overall development</b><br><br><b>No side effects | Paediatrician Recommended | Gluten Free </b><br><br>To be given only under medical advice by a physician or certified dietician or nutritionist for children 2–5 years.",Little Joys,milkmix,"milkmix, kids, little-joys",TRUE,Title,Default Title,MWLJNTP.000709.B0_N,909.00,1299.00,TRUE,TRUE,https://i.mscwlns.co/media/misc/pdp/nutrimix-lite-1kg/Nutrimix%20lite%202%2B%20Chocolate%20%201kg%20Pouch_k6gmdz.png?tr=w-600,Nutrimix Lite (1kg),FALSE,active
magnesium-gummies-mother,Mom’s Magnesium Gummies,"<b>Stressed or Struggling to Sleep?</b></br>
It might be time to embrace the calming power of magnesium!</br></br>
Life as a mother can be demanding, and these <b>Magnesium Gummies</b> are designed to support your well-being, helping you with relaxed nights & a peaceful mind 😊 💤</br></br>

Here's what makes them special:</br>
💤 <b>Supports melatonin production</b> – your sleep hormone</br>
🌿 <b>Lowers cortisol</b> – relieving stress</br>
💪 <b>Relaxes muscles</b> & maintains cardiac rhythm</br>
✅ <b>8x better absorption</b> than other salts</br></br>

Non-Habit Forming | Safe for daily use | No Added Sugar</br></br>
1 Pack = 30 gummies</br>
Take two gummies daily for 3 months to feel the difference✨</br></br>",Little Joys,gummies,"gummies, kids, little-joys",TRUE,Title,Default Title,MWLJNTP.00607.BO_N,499.00,549.00,TRUE,TRUE,https://i.mscwlns.co/media/misc/pdp/magnesium-gummies-mother/_magnesium-SingleThumbnail-%20%281%29_gaqxpo.jpg?tr=w-600,Mom’s Magnesium Gummies,FALSE,active
nutrimix-3-flavour-pack-csv,Nutrimix 3 Flavour Trial Box,"So many parents said kids need to taste before they buy big packs. Of course we listened<br/><br/>This includes trial packs of 3 Nutrimix Flavours:  <br/><br/><b>🧋 Chocolate</b><br/><b> 🍓 Strawberry</b><br/> <b>🍦 Vanilla</b><br/><br/>🏁 Watch kids <b>finish milk in no time</b><br/>💪 Made of superfoods like Ragi Millets, Almonds & Walnuts.<br/><br/><b> Sweetened with Jaggery & Dates | No Side Effects | 6 Nutrimix Sachets</b> 
",Little Joys,milkmix,"milkmix, kids, little-joys",TRUE,Title,Default Title,MWLJNTP.00551.BO_N,349.00,449.00,TRUE,TRUE,https://i.mscwlns.co/media/misc/pdp/nutrimix-6-flavour-pack/nutrimix-6-flavour-pack__3mtx6x.jpg?tr=w-600,Nutrimix 3 Flavour Trial Box,FALSE,active
magnesium-gummies-30-7,Magnesium Gummies 13+,"<b>Magnesium Gummies for Kids above 4 years</b><br/><br/>
Some days, kids are extra cranky, restless, or just can't seem to settle down at bedtime. And as parents, it's hard not to wonder: ""Are they getting everything they need?""<br/><br/>
Magnesium is an important mineral that plays an important role in muscle and nerve function. Since many kids can be picky eaters, getting enough through everyday foods isn't always easy.<br/><br/>
<b>Signs your child may not be getting enough magnesium:</b><br/>
• Restless or uneasy sleep<br/>
• Fussiness or cranky moods<br/>
• Muscle discomfort after active play<br/>
• Low intake of nuts, seeds, greens, or whole foods<br/><br/>
Little Joys Magnesium Gummies are thoughtfully made for busy families who want something clean, simple, and easy to say yes to.<br/><br/>
🌿 <b>19 mg elemental magnesium</b> for normal muscle and nerve function, along with Vitamin B6 & Vegan D3<br/><br/>
🌾 <b>Made with fibre</b> (prebiotic from chicory root)<br/><br/>
🚫 <b>ZERO Added Sugar</b><br/><br/>
🎨 <b>No artificial colours, flavours, or preservatives</b><br/><br/>
<b>30 Gummies | Clean Label | Approved by Moms. Loved by Kids.</b>",Little Joys,gummies,"gummies, kids, little-joys",TRUE,Title,Default Title,MWLJNTK.00693.BO_N,499.00,549.00,TRUE,TRUE,https://i.mscwlns.co/media/misc/pdp/magnesium-gummies-30/Website-Thumbnail%20%281%29_fk6xic.jpg?tr=w-600,Magnesium Gummies 13+,FALSE,active
activemix-nutrition-powder-vanilla,Nutrimix 13+ Vanilla Nutrition Powder,"<span style='line-height: 1.5;'><span style='font-size: 20px; font-weight: 600;'>💪 Protein powder for teens that a mom can actually trust.</span><br/><br/><b>Nutrimix 13+</b> gives your teenager 12g of high-quality protein per glass, from a blend of dairy and whole-food sources including almonds, walnuts, brown rice, ragi, and moong dal.<br><br>No added sugar, lab-tested, and vegetarian.<br/><br/><b>What’s inside?</b><br/>✅ <b>12gm Protein - </b> Supports daily protein needs for growing teens (which can be 22g+ per day!). Fuels energy, focus, and strong bones, not just muscles. <br/>✅ <b>23 Vitamins & Minerals - </b>Covers immunity, energy, brain development, and overall health.<br/>✅ <b>Natural Ingredients - </b>Brown Rice, Almonds, Walnuts, Moong Dal, Ragi, Oats, and Bajra.<br/>✅ <b>No Added Sugar - </b>Sweetened with Stevia. Great taste. No guilt.<br/><br/><b>Approved by Moms, Loved by Teens 💛</b><br/>Whether they're in sports, studying long hours, or just growing fast with a packed schedule, two scoops a day helps keep their energy, bone health, and brain development on track.</br></br>Just mix 2 scoops with 200ml of milk or water. Hot or cold. ✨</span></br>",Little Joys,milkmix,"milkmix, kids, little-joys",TRUE,Title,Default Title,MWLJNTP.00664.BO_N,649.00,699.00,TRUE,TRUE,https://i.mscwlns.co/media/misc/pdp/activemix-nutrition-powder-vanilla/thumbnail%20copy_48thjp.jpg?tr=w-600,Nutrimix 13+ Vanilla Nutrition Powder,FALSE,active
magnesium-gummies-30-2,Magnesium Gummies 4+,"<b>Magnesium Gummies for Kids above 4 years</b><br/><br/>
Some days, kids are extra cranky, restless, or just can't seem to settle down at bedtime. And as parents, it's hard not to wonder: ""Are they getting everything they need?""<br/><br/>
Magnesium is an important mineral that plays an important role in muscle and nerve function. Since many kids can be picky eaters, getting enough through everyday foods isn't always easy.<br/><br/>
<b>Signs your child may not be getting enough magnesium:</b><br/>
• Restless or uneasy sleep<br/>
• Fussiness or cranky moods<br/>
• Muscle discomfort after active play<br/>
• Low intake of nuts, seeds, greens, or whole foods<br/><br/>
Little Joys Magnesium Gummies are thoughtfully made for busy families who want something clean, simple, and easy to say yes to.<br/><br/>
🌿 <b>19 mg elemental magnesium</b> for normal muscle and nerve function, along with Vitamin B6 & Vegan D3<br/><br/>
🌾 <b>Made with fibre</b> (prebiotic from chicory root)<br/><br/>
🚫 <b>ZERO Added Sugar</b><br/><br/>
🎨 <b>No artificial colours, flavours, or preservatives</b><br/><br/>
<b>30 Gummies | Clean Label | Approved by Moms. Loved by Kids.</b>",Little Joys,gummies,"gummies, kids, little-joys",TRUE,Title,Default Title,MWLJNTK.00743.BO_N,499.00,549.00,TRUE,TRUE,https://i.mscwlns.co/media/misc/pdp/magnesium-gummies-30/Website-Thumbnail%20%281%29_fk6xic.jpg?tr=w-600,Magnesium Gummies 4+,FALSE,active
proteinmix,"Proteinmix (Roti, Dosa, Pancake) - 250g","Make everyday rotis &amp; dosas high in protein!<br/><br/>

Does your picky eater refuse dal, paneer, or milk but happily eats roti? 
Just add <b>1 scoop of Proteinmix</b> to their roti dough — 
<b>no taste change</b>, so kids can’t even tell!<br/><br/>

💪 <b>12g Protein Per Scoop</b><br/>
2x the protein in regular roti to support growing kids.<br/><br/>

🌱 <b>100% Plant-Based Protein</b><br/>
No whey. Gentle on digestion and light on the stomach — ideal for kids and everyday family use.<br/><br/>

🥣 <b>Mix Into Everyday Meals</b><br/>
Add it to your daily atta or batter for:<br/>
- Chapati<br/>
- Paratha<br/>
- Dosa<br/>
- Cheela<br/>
- Baking recipes<br/><br/>

No new recipes. No extra effort.<br/><br/>

✨ <b>Clean, Worry-Free Nutrition</b><br/>
- No sugar<br/>
- No gluten<br/>
- No preservatives<br/><br/>

❤️ Approved by moms, loved by kids.",Little Joys,milkmix,"milkmix, kids, little-joys",TRUE,Title,Default Title,MWLJNTK.00753.BO_N,549.00,599.00,TRUE,TRUE,https://i.mscwlns.co/media/misc/pdp/multpurpose-nutrimix/thumbnail_proteinmix1%20copy%20%281%29_er8qbv.jpg?tr=w-600,"Proteinmix (Roti, Dosa, Pancake) - 250g",FALSE,active
nutrimix-nutrition-powder-13-vanilla,Nutrimix 13+ Vanilla Nutrition Powder,"<span style='line-height: 1.5;'><span style='font-size: 20px; font-weight: 600;'>💪 Protein powder for teens that a mom can actually trust.</span><br/><br/><b>Nutrimix 13+</b> gives your teenager 12g of high-quality protein per glass, from a blend of dairy and whole-food sources including almonds, walnuts, ragi, and bajra.<br><br>No added sugar, lab-tested, and vegetarian.<br/><br/><b>What’s inside?</b><br/>✅ <b>12gm Protein - </b> Supports daily protein needs for growing teens (which can be 22g+ per day!). Fuels energy, focus, and strong bones, not just muscles. <br/>✅ <b>22 Vitamins & Minerals - </b>Covers immunity, energy, brain development, and overall health.<br/>✅ <b>Ingredients - </b>Brown Rice, Almonds, Walnuts, Ragi and Bajra.<br/>✅ <b>No Added Sugar - </b>Sweetened with Stevia. Great taste. No guilt.<br/><br/><b>Approved by Moms, Loved by Teens 💛</b><br/>Whether they're in sports, studying long hours, or just growing fast with a packed schedule, two scoops a day helps keep their energy, bone health, and brain development on track.✨</span></br>",Little Joys,milkmix,"milkmix, kids, little-joys",TRUE,Title,Default Title,MWLJNTK.00745.BO_N,649.00,699.00,TRUE,TRUE,https://i.mscwlns.co/media/misc/pdp/activemix-nutrition-powder-vanilla/thumbnail%20copy_48thjp.jpg?tr=w-600,Nutrimix 13+ Vanilla Nutrition Powder,FALSE,active
calcium-gummies-strawberry-13,Calcium Gummies 13+,"The most critical time for your teen’s bones is <b>right now</b>.<br/><br/>⚠️ <b>90% of bone mass is built before age 18.</b> What teenagers build today, adults live on for decades.<br/><br/>These gummies are formulated specifically for the <b>13–18 age group</b>, when bone density needs are actually high.<br/><br/>

<b>Here's what's inside:</b><br/><br/>✅ <b>Calcium</b> builds the bone bank<br/>
✅ <b>Vitamin D3</b> (Vegan, from Lichen) ensures calcium actually gets absorbed<br/>
✅ <b>Vitamin B12</b> supports energy, focus, and stamina<br/>✅ <b>Chicory Root Prebiotic Fibre</b> improves gut health<br/><br/>🍓 <b>No chalky tablets.</b> No added sugar. No junk. Just <b>2 gummies a day.</b><br/><br/><b>100% Veg</b> | No artificial colours or flavours | No GMOs | No Gelatin<br/><b>30 Gummies</b> | Nutritionist-approved formula<br/><br/><b>Contains ingredients that help:</b>",Little Joys,gummies,"gummies, kids, little-joys",TRUE,Title,Default Title,MWLJNTP.00636.BO_N,499.00,549.00,TRUE,TRUE,https://i.mscwlns.co/media/misc/pdp/calcium-gummies-strawberry-13/1-1_grey_thumb_hyfh70.jpg?tr=w-600,Calcium Gummies 13+,FALSE,active
tomato-sauce-nogaric-onion-320g,Tomato Sauce - No Onion No Garlic (320 g),"Yummy Jain Tomato Sauce <b>No Onion, No Garlic.</b><br/><br/>

Enjoy the rich, classic tomato flavour in this clean, wholesome ketchup.<br/>
No refined sugar, no preservatives, no artificial colours or flavours, just real, juicy tomatoes.<br/><br/>

Made with 75% real tomato puree, naturally sweetened with jaggery, and blended with a touch of tangy spice for delicious balance.<br/>
An antioxidant-rich sauce that makes every snack better and healthier too!<br/><br/>

A tangy-sweet blend with a gentle chilli kick. Balanced acidity from vinegar meets the natural sweetness of jaggery, rounded off with a subtle warmth of cinnamon.<br/><br/>",Little Joys,healthysnacks,"healthysnacks, kids, little-joys",TRUE,Title,Default Title,MWLJNTP.000795.B0_N,349.00,,TRUE,TRUE,https://i.mscwlns.co/media/misc/pdp/tomato-sauce-nogaric-onion-320g/tomato-sauce-nogaric-onion-320g%20-%20Copy_fhmfuy.jpg?tr=w-600,Tomato Sauce - No Onion No Garlic (320 g),FALSE,active
sauce-squeezy-bottle,Tomato Sauce Squeeze- 320 g,"🍅 Parents, stop the sugar-loaded ketchup and try this <b>yummy, better alternative instead!</b><br/><br/>💯 Made with <b>28% Tomato Paste and Sweetened with Jaggery.<b> <br/><br/>🚫 <b>Zero</b> preservatives, artificial color, and 0 MSG! Contains onion & garlic",Little Joys,healthysnacks,"healthysnacks, kids, little-joys",TRUE,Title,Default Title,MWLJNTP.00572.B0_N,329.00,349.00,TRUE,TRUE,https://i.mscwlns.co/media/misc/others/Tomato%20Sauce%20Squeeze-%20320%20g_lf4666.jpg?tr=w-600,Tomato Sauce Squeeze- 320 g,FALSE,active
jam-glass,Strawberry Honey Jam,"🍓 <b> Made with Whole Strawberries, 0% Added Sugar </b>– Enjoy the pure taste of ripe strawberries without any refined sugar.<br/><br/>✅ <b>Sweetened with FOS & Honey </b>– We believe in keeping it natural and delicious, with <b>no artificial sweeteners</b>.<br/><br/>❌ <b>No Preservatives, No Artificial Flavors </b>– Just real strawberries, bursting with flavor and nutrition.",Little Joys,healthysnacks,"healthysnacks, kids, little-joys",TRUE,Title,Default Title,MWLJNTP.000755.B0_N,314.00,349.00,TRUE,TRUE,https://i.mscwlns.co/media/misc/others/Strawberry%20Honey%20Jam_eenpq6.jpg?tr=w-600,Strawberry Honey Jam,FALSE,active
millet-choco-crunch-star-moon,Millet Star Moon Shape Choco Crunch ,"✅ <b>Fun-shaped stars & moons</b> that make mornings exciting for every little astronaut.</br></br>

🥣 <b>Millet Choco Crunch</b> - Start the day with a fun choco crunch!</br></br>

❌ <b>No Refined Sugar</b>, only sweetened with <b>Jaggery</b></br></br>

💪 <b>Multigrain Energy</b> and Chocolatey</br></br>

❌ <b>No Maida | No Preservatives | No Refined Sugar | No Artificial Flavours</b>",Little Joys,healthysnacks,"healthysnacks, kids, little-joys",TRUE,Title,Default Title,MWLJNTP.000820.B0_N,299.00,,TRUE,TRUE,https://i.mscwlns.co/media/misc/pdp/millet-choco-crunch-star-moon/Choco-fills-website-thumbnail_cxyfxk.jpg?tr=w-600,Millet Star Moon Shape Choco Crunch ,FALSE,active
