Handle,Title,Body (HTML),Vendor,Product Category,Type,Tags,Published,Option1 Name,Option1 Value,Variant SKU,Variant Grams,Variant Inventory Tracker,Variant Inventory Qty,Variant Inventory Policy,Variant Fulfillment Service,Variant Price,Variant Compare At Price,Variant Requires Shipping,Variant Taxable,Image Src,Image Position,Image Alt Text,Gift Card,SEO Title,SEO Description,Google Shopping / Google Product Category,Google Shopping / Gender,Google Shopping / Age Group,Google Shopping / MPN,Google Shopping / Condition,Google Shopping / Custom Product,Google Shopping / Custom Label 0,Google Shopping / Custom Label 1,Google Shopping / Custom Label 2,Google Shopping / Custom Label 3,Google Shopping / Custom Label 4,Variant Image,Variant Weight Unit,Variant Tax Code,Cost per item,Included / India,Price / India,Compare At Price / India,Status,Metafield: custom.bh_concern [string],Metafield: custom.bh_gender [string],Metafield: custom.bh_segment [string],Metafield: custom.bh_score [integer],Metafield: custom.bh_follow_up [string]
hair-strengthening-serum-60ml,Hair Strengthening Serum 60ml,<p>Say hello to healthy hair with Man Matters hair strengthening serum. Our serum is a unique non sticky formulation fortified with Jojoba oil and Argan oil to give your hair life and make them thicker.</p>,Man Matters,,Hair,"hair, hair thinning, Man Matters, hair",TRUE,Title,Default Title,hair-strengthening-serum-60ml,0,shopify,100,continue,manual,499,,TRUE,TRUE,https://i.mscwlns.co/media/misc/others/thumb_ctvc8p.png?tr=w-600,1,Hair Strengthening Serum 60ml,FALSE,Hair Strengthening Serum 60ml,,,,,,new,FALSE,,,,,,,g,,,TRUE,499,,active,hair,male,"male-18-25,male-25-35",78,hair thinning
anti-hair-fall-shampoo-200ml,Anti Hair Fall Shampoo (200ml),"<p>Suited for all Stage 1.</br>Man Matters Anti Hair Thinning Shampoo is <b>2-in-1 DHT blocking</b> shampoo powered with ingredients like caffeine, biotin and argan oil that helps reduce hair thinning an</p>",Man Matters,,Hair,"hair, stage 1, hair thinning, hair fall, Man Matters, hair",TRUE,Title,Default Title,anti-hair-fall-shampoo-200ml,0,shopify,100,continue,manual,359,398,TRUE,TRUE,https://i.mscwlns.co/media/misc/pdp_rcl/1596/DHT%20Blocking_k8fy7r.png?tr=w-600,1,Anti Hair Fall Shampoo (200ml),FALSE,Anti Hair Fall Shampoo (200ml),,,,,,new,FALSE,,,,,,,g,,,TRUE,359,398,active,hair,male,"male-18-25,male-25-35",80,"stage 1,hair thinning,hair fall"
hair-growth-oil-100ml,Hair Growth Oil (100ml),"<p>Bring your hair back to life with our Hair Growth Oil! <br/>It is enriched with 5 natural essential oils for hair- Bhringraj Oil, Onion Oil, Amla Oil, Shikakai Oil and Brahmi Oil. This hair growth oil</p>",Man Matters,,Hair,"hair, hair thinning, Man Matters, hair",TRUE,Title,Default Title,hair-growth-oil-100ml,0,shopify,100,continue,manual,315,346,TRUE,TRUE,https://i.mscwlns.co/media/misc/pdp_rcl/1601/Hair%20oil_kg5vgl.png?tr=w-600,1,Hair Growth Oil (100ml),FALSE,Hair Growth Oil (100ml),,,,,,new,FALSE,,,,,,,g,,,TRUE,315,346,active,hair,male,"male-18-25,male-25-35",78,hair thinning
biotin-hair-gummies-30n,Biotin Hair Gummis (30N),"<p>Hairfall noticed on comb, pillow, and hands after shower.<br/><br/>",,,,,,,,,,,,,,,,,,,,,,,,,,,,,,,,,,,,,,,,,,,hair,male,"male-18-25,male-25-35",93,"stage 1,hair thinning,hair fall"
Just use <b>Man Matters Hair Gummies (30 N):</b><br/>,,,,,,,,,,,,,,,,,,,,,,,,,,,,,,,,,,,,,,,,,,,,,,,,,
Contains Biotin,Zinc,and Vitamins A,"C & E which strengthen hair roots </p>,Man Matters,,Hair,hair",stage 1,hair thinning,hair fall,Man Matters,"hair,TRUE,Title,Default Title,biotin-hair-gummies-30n,0,shopify,100,continue,manual,499,,TRUE,TRUE,https://i.mscwlns.co/media/misc/pdp_rcl/1605/HG%2030_iqol1j.png?tr=w-600,1,Biotin Hair Gummis (30N),FALSE,Biotin Hair Gummis (30N),,,,,,new,FALSE,,,,,,,g,,,TRUE,499,,active",,,,,,,,,,,,,,,,,,,,,,,,,,,,,,,,,,,,,,,,,
biotin-hair-gummies-30n-mm,Biotin Hair Gummies (30N) No Sugar,<p>⚠️<b> Hair loss at forehead corners or volume reduction overall(shown in Image 2)? </b> Use our <u><a href=https://manmatters.com/dp/141464?utm_source=pdpdesc>Stage 2 Hair fall Kit</a></u></br></br><b</p>,Man Matters,,Hair,"hair, Man Matters, hair",TRUE,Title,Default Title,biotin-hair-gummies-30n-mm,0,shopify,100,continue,manual,499,,TRUE,TRUE,https://i.mscwlns.co/media/misc/pdp_rcl/1605/HG_30_ecp7u0.png?tr=w-600,1,Biotin Hair Gummies (30N) No Sugar,FALSE,Biotin Hair Gummies (30N) No Sugar,,,,,,new,FALSE,,,,,,,g,,,TRUE,499,,active,hair,male,"male-18-25,male-25-35",93,
endure-long-last-spray-20ml,Endure Long Last Spray (20ml),<b>🚀 Man Matters Endure Delay Spray: Enhance Your Experience with Confidence! 🚀</b></br></br>,,,,,,,,,,,,,,,,,,,,,,,,,,,,,,,,,,,,,,,,,,,hormones,male,"male-18-25,male-25-35,male-35-plus",78,
✨ Lidocaine-Powered Performance Boost:</br></br>,,,,,,,,,,,,,,,,,,,,,,,,,,,,,,,,,,,,,,,,,,,,,,,,,
"<b>Formulated with Lidocaine for effective and lasting ,Man Matters,,Hormones,hormones",Man Matters,"hormones,TRUE,Title,Default Title,endure-long-last-spray-20ml,0,shopify,100,continue,manual,349,396,TRUE,TRUE,https://i.mscwlns.co/media/misc/pdp_rcl/1626/Endure%20long%20last%20spray%20_e4n97h.png?tr=w-600,1,Endure Long Last Spray (20ml),FALSE,Endure Long Last Spray (20ml),,,,,,new,FALSE,,,,,,,g,,,TRUE,349,396,active",,,,,,,,,,,,,,,,,,,,,,,,,,,,,,,,,,,,,,,,,,,,,,,
endure-long-last-spray-20ml-mm,Endure Long Last Spray (20ml),"<p>Our Lidocaine Delay Spray for Men is a safe delay spray designed to particularly decrease sensitivity. Whenever need be, use our lidocaine spray for effectively improving your experience without any s</p>",Man Matters,,Hormones,"hormones, premature ejaculation, Man Matters, hormones",TRUE,Title,Default Title,endure-long-last-spray-20ml-mm,0,shopify,100,continue,manual,399,,TRUE,TRUE,https://i.mscwlns.co/mosaic-wellness/image/upload/v1622962567/Man%20Matters/Performance%20clean%20up/endure/ENDURE-Long-Last-Spray_1600X1200.jpg?tr=w-800,1,Endure Long Last Spray (20ml),FALSE,Endure Long Last Spray (20ml),,,,,,new,FALSE,,,,,,,g,,,TRUE,399,,active,hormones,male,"male-18-25,male-25-35,male-35-plus",70,premature ejaculation
complete-vitality-solution,Complete Vitality Solution,<p>This kit combines Tadalafil - a safe and effective SOS solution for performance issues with PERFORM Vitality Tablets - which contains 8 scientifically proven ingrediient that help improve performance </p>,Man Matters,,Hormones,"hormones, erectile dysfunction, Man Matters, hormones",TRUE,Title,Default Title,complete-vitality-solution,0,shopify,100,continue,manual,744,835,TRUE,TRUE,https://i.mscwlns.co/mosaic-wellness/image/upload/v1622962735/Man%20Matters/Performance%20clean%20up/complete%20vitality/Complete-Vitality-Solution_1600X1200.jpg?tr=w-800,1,Complete Vitality Solution,FALSE,Complete Vitality Solution,,,,,,new,FALSE,,,,,,,g,,,TRUE,744,835,active,hormones,male,"male-18-25,male-25-35,male-35-plus",78,erectile dysfunction
the-complete-pe-solution,The Complete PE Solution,"<p>Performance Problems refer to any situation where the man or his partner experience distress, frustration, or the avoidance of intimacy due to endurance concerns.Our Complete Performance kit is a trip</p>",Man Matters,,Hormones,"hormones, Man Matters, hormones",TRUE,Title,Default Title,the-complete-pe-solution,0,shopify,100,continue,manual,1099,1234,TRUE,TRUE,https://i.mscwlns.co/mosaic-wellness/image/upload/v1622962493/Man%20Matters/Performance%20clean%20up/vit%20end%20dap/Endure_vitality_dapox_1600X1200.jpg?tr=w-800,1,The Complete PE Solution,FALSE,The Complete PE Solution,,,,,,new,FALSE,,,,,,,g,,,TRUE,1099,1234,active,hormones,male,"male-18-25,male-25-35,male-35-plus",77,
the-complete-perfomance-solution,The Complete Perfomance Solution,"<p>This kit helps you improve stamina, vitality, increase endurance and improve performance when you need it. A combination of our OTC solutions and prescription solutions.</p>",Man Matters,,Hormones,"hormones, Man Matters, hormones",TRUE,Title,Default Title,the-complete-perfomance-solution,0,shopify,100,continue,manual,1199,1332,TRUE,TRUE,https://i.mscwlns.co/mosaic-wellness/image/upload/v1604746120/Man%20Matters/Card%20image%20change/Skin/Performance/complete%20performance/The-Complete-Performance-Solution_1600X1200.jpg?tr=w-800,1,The Complete Perfomance Solution,FALSE,The Complete Perfomance Solution,,,,,,new,FALSE,,,,,,,g,,,TRUE,1199,1332,active,hormones,male,"male-18-25,male-25-35,male-35-plus",76,
perform-intimate-care-kit-1x-endure-spray-1-x-perform-vitali,Perform - Intimate Care Kit | 1x Endure Spray + 1 x Perform Vitality Tablets + 1 x SWIPES,"<p>This kit is designed keeping in mind the intimate needs of men, from endurance, energy and hygiene. The power combo that should be every man's best friend.</p>",Man Matters,,Hormones,"hormones, Man Matters, hormones",TRUE,Title,Default Title,perform-intimate-care-kit-1x-endure-spray-1-x-perform-vitali,0,shopify,100,continue,manual,1099,1373,TRUE,TRUE,https://i.mscwlns.co/mosaic-wellness/image/upload/v1598409530/Man%20Matters/Performance%20Matters/4.png?tr=w-800,1,Perform - Intimate Care Kit | 1x Endure Spray + 1 x Perform Vitality Tablets + 1 x SWIPES,FALSE,Perform - Intimate Care Kit | 1x Endure Spray + 1 x Perform Vitality Tablets + 1 x SWIPES,,,,,,new,FALSE,,,,,,,g,,,TRUE,1099,1373,active,hormones,male,"male-18-25,male-25-35,male-35-plus",78,
complete-endurance-solution,Complete Endurance Solution,"<p>This kit helps you increase stamina, improve vitality and increase endurance. Its a dual action combo of our effective OTC solutions that help you have better intimate times.</p>",Man Matters,,Hormones,"hormones, Man Matters, hormones",TRUE,Title,Default Title,complete-endurance-solution,0,shopify,100,continue,manual,899,1070,TRUE,TRUE,https://i.mscwlns.co/mosaic-wellness/image/upload/v1622962760/Man%20Matters/Performance%20clean%20up/complete%20endurance/Complete-Endurance-Solution_1200X1600.jpg?tr=w-800,1,Complete Endurance Solution,FALSE,Complete Endurance Solution,,,,,,new,FALSE,,,,,,,g,,,TRUE,899,1070,active,hormones,male,"male-18-25,male-25-35,male-35-plus",78,
the-vital-pe-solution,The Vital PE Solution,"<p>Performance Problems refer to any situation where the man or his partner experience distress, frustration, or the avoidance of intimacy due to endurance concerns. Our Vital Performance Problem kit is </p>",Man Matters,,Hormones,"hormones, premature ejaculation, Man Matters, hormones",TRUE,Title,Default Title,the-vital-pe-solution,0,shopify,100,continue,manual,890,,TRUE,TRUE,https://i.mscwlns.co/mosaic-wellness/image/upload/v1622962469/Man%20Matters/Performance%20clean%20up/vital%20endurance/Vitality_dapox_1600X1200.jpg?tr=w-800,1,The Vital PE Solution,FALSE,The Vital PE Solution,,,,,,new,FALSE,,,,,,,g,,,TRUE,890,,active,hormones,male,"male-18-25,male-25-35,male-35-plus",77,premature ejaculation
three-month-pack-apple-cider-vinegar-gummies-90-gummies-zero,Three Month Pack - Apple Cider Vinegar Gummies (90 Gummies) | Zero Sugar | 100% Vegan,"<p>Made using PURE Apple Cider Vinegar, ACV gummies are the most convenient way to get your daily dose of ACV. ACV’s acetic acid content improves digestion and metabolism, chicory inulin reduces your hun</p>",Man Matters,,Weight,"weight, Man Matters, weight",TRUE,Title,Default Title,three-month-pack-apple-cider-vinegar-gummies-90-gummies-zero,0,shopify,100,continue,manual,1669,1794,TRUE,TRUE,https://i.mscwlns.co/mosaic-wellness/image/upload/v1635333205/Man%20Matters/wp_uploads/2020/07/3month_1600.jpg?tr=w-800,1,Three Month Pack - Apple Cider Vinegar Gummies (90 Gummies) | Zero Sugar | 100% Vegan,FALSE,Three Month Pack - Apple Cider Vinegar Gummies (90 Gummies) | Zero Sugar | 100% Vegan,,,,,,new,FALSE,,,,,,,g,,,TRUE,1669,1794,active,weight,male,"male-18-25,male-25-35,male-35-plus",78,
perform-vitality-tablets-2-months-pack,PERFORM Vitality Tablets (2 months Pack),<p>These are a unique formulation of eight scientifically proven ingredients that help you feel and perform your best. This daily supplement is fortified with clinically tested active ingredients that he</p>,Man Matters,,Hormones,"hormones, Man Matters, hormones",TRUE,Title,Default Title,perform-vitality-tablets-2-months-pack,0,shopify,100,continue,manual,1199,1394,TRUE,TRUE,https://i.mscwlns.co/products/wp-content/2020/06/2-month-kitMob-view.jpg,1,PERFORM Vitality Tablets (2 months Pack),FALSE,PERFORM Vitality Tablets (2 months Pack),,,,,,new,FALSE,,,,,,,g,,,TRUE,1199,1394,active,hormones,male,"male-18-25,male-25-35,male-35-plus",77,
anti-hair-fall-shampoo-300ml,HG 60|Hair Serum 30|Hair Serum 30||||,<b>Stage 1</b> is when you are experiencing hair thinning for less than a year however have not yet experienced receding hairline </br></br>This treatment kit contains:</br></br>💥<b> Biotin Gummies</b,Man Matters,,Hair,"hair, stage 1, not yet visible, genetics, none, Man Matters, hair",TRUE,Title,Default Title,anti-hair-fall-shampoo-300ml,0,shopify,100,continue,manual,1699,2785,TRUE,TRUE,https://i.mscwlns.co/media/misc/pdp_rcl/100353/qq%20%284%29_f5fk7t.png?tr=w-600,1,HG 60|Hair Serum 30|Hair Serum 30||||,FALSE,HG 60|Hair Serum 30|Hair Serum 30||||,,,,,,new,FALSE,,,,,,,g,,,TRUE,1699,2785,active,hair,male,"male-18-25,male-25-35",74,"stage 1,not yet visible,genetics,none"
anti-hair-fall-shampoo-300ml-mm,HG 60|ADS 100|Hair Serum 30|Hair Serum 30|||,<b>Stage 1</b> is when you are experiencing hair thinning for less than a year however have not yet experienced receding hairline </br></br>This treatment kit contains:</br>💥<b> Biotin Gummies</b>: Co,Man Matters,,Hair,"hair, Man Matters, hair",TRUE,Title,Default Title,anti-hair-fall-shampoo-300ml-mm,0,shopify,100,continue,manual,1899,3062,TRUE,TRUE,https://i.mscwlns.co/media/misc/pdp_rcl/100355/qq%20%286%29_9k9l87.png?tr=w-600,1,HG 60|ADS 100|Hair Serum 30|Hair Serum 30|||,FALSE,HG 60|ADS 100|Hair Serum 30|Hair Serum 30|||,,,,,,new,FALSE,,,,,,,g,,,TRUE,1899,3062,active,hair,male,"male-18-25,male-25-35",74,
1x-anti-hairfall-shampoo-300ml-1x-hair-gummies,HG 90|AHS 300|,<b>Stage 1</b> is when you are experiencing hair thinning for less than a year however have not yet experienced receding hairline </br></br>This treatment kit contains:</br><b>🥑 Biotin Hair Gummies</b,Man Matters,,Hair,"hair, Man Matters, hair",TRUE,Title,Default Title,1x-anti-hairfall-shampoo-300ml-1x-hair-gummies,0,shopify,100,continue,manual,1349,1775,TRUE,TRUE,https://i.mscwlns.co/media/misc/pdp_rcl/100359/100359_9jrsag.png?tr=w-600,1,HG 90|AHS 300|,FALSE,HG 90|AHS 300|,,,,,,new,FALSE,,,,,,,g,,,TRUE,1349,1775,active,hair,male,"male-18-25,male-25-35",80,
hair-regrowth-kit,Stage 2 Hair Regrowth Kit  - 3M,<p>Stage 2 is when you are experiencing hair thinning for over a year and have a receding hairline.<br/><br/>,,,,,,,,,,,,,,,,,,,,,,,,,,,,,,,,,,,,,,,,,,,hair,male,"male-18-25,male-25-35",93,"stage 2,along the hairline,diet & stress,genetics,none,hair regrowth"
This treatment kit contains:<br/><br/>,,,,,,,,,,,,,,,,,,,,,,,,,,,,,,,,,,,,,,,,,,,,,,,,,
🥑 <b>Biotin Hair Gummies</b> – Contain Biotin,Zinc,"</p>,Man Matters,,Hair,hair",stage 2,along the hairline,diet & stress,genetics,none,hair regrowth,Man Matters,"hair,TRUE,Title,Default Title,hair-regrowth-kit,0,shopify,100,continue,manual,2249,3356,TRUE,TRUE,https://i.mscwlns.co/media/misc/pdp_rcl/100379/100371_bngx68.png?tr=w-600,1,Stage 2 Hair Regrowth Kit  - 3M,FALSE,Stage 2 Hair Regrowth Kit  - 3M,,,,,,new,FALSE,,,,,,,g,,,TRUE,2249,3356,active",,,,,,,,,,,,,,,,,,,,,,,,,,,,,,,,,,,,,,,
hair-regrowth-kit-mm,Stage 2 Hair Regrowth Kit for Stress - 2M,"<b>Stage 2</b> is when you are experiencing hair thinning for over a year and have a receding hairline </br></br>This treatment kit contains:</br><b>🥑 Biotin Hair Gummies</b> have Biotin, Zinc, Vitami",Man Matters,,Hair,"hair, stage 2, along the hairline, diet & stress, genetics, none, Man Matters, hair",TRUE,Title,Default Title,hair-regrowth-kit-mm,0,shopify,100,continue,manual,2299,3768,TRUE,TRUE,https://i.mscwlns.co/media/misc/pdp_rcl/100376/100354_9s1kyg.png?tr=w-600,1,Stage 2 Hair Regrowth Kit for Stress - 2M,FALSE,Stage 2 Hair Regrowth Kit for Stress - 2M,,,,,,new,FALSE,,,,,,,g,,,TRUE,2299,3768,active,hair,male,"male-18-25,male-25-35",93,"stage 2,along the hairline,diet & stress,genetics,none"
1x-minoxifin-1x-nourish-hair-gummies,Stage 3 Hair Regrowth Kit  - 2M,"<b>Stage 3</b> is when you are starting to experiencing bald spots around the crown and have a receding hairline </br></br>This treatment kit contains:</br><b>🥑 Biotin Hair Gummies</b> have Biotin, Zi",Man Matters,,Hair,"hair, stage 3, at the crown, diet & stress, genetics, none, Man Matters, hair",TRUE,Title,Default Title,1x-minoxifin-1x-nourish-hair-gummies,0,shopify,100,continue,manual,1899,2373,TRUE,TRUE,https://i.mscwlns.co/media/misc/pdp_rcl/100394/100367_6o5mxa.png?tr=w-600,1,Stage 3 Hair Regrowth Kit  - 2M,FALSE,Stage 3 Hair Regrowth Kit  - 2M,,,,,,new,FALSE,,,,,,,g,,,TRUE,1899,2373,active,hair,male,"male-18-25,male-25-35",71,"stage 3,at the crown,diet & stress,genetics,none"
1x-minoxifin-1x-nourish-hair-gummies-mm,Stage 3 Hair Regrowth Kit for Stress - 2M,"<b>Stage 3</b> is when you are starting to experiencing bald spots around the crown and have a receding hairline </br></br>This treatment kit contains:</br><b>🥑 Biotin Hair Gummies</b> have Biotin, Zi",Man Matters,,Hair,"hair, stage 3, at the crown, diet & stress, genetics, none, Man Matters, hair",TRUE,Title,Default Title,1x-minoxifin-1x-nourish-hair-gummies-mm,0,shopify,100,continue,manual,2499,3729,TRUE,TRUE,https://i.mscwlns.co/media/misc/pdp_rcl/100395/100354_6b1m54.png?tr=w-600,1,Stage 3 Hair Regrowth Kit for Stress - 2M,FALSE,Stage 3 Hair Regrowth Kit for Stress - 2M,,,,,,new,FALSE,,,,,,,g,,,TRUE,2499,3729,active,hair,male,"male-18-25,male-25-35",71,"stage 3,at the crown,diet & stress,genetics,none"
tadalafil-tablets-ip-10-mg-pack-of-4-16-tablets-2-months-pac,Tadalafil Tablets IP 10 mg | Pack of 4 (16 tablets) | 2 Months Pack,<p>Tadalafil 10mg is a FDA approved prescription drug that increases blood flow to particular areas of the body and is used to treat male problems.</p>,Man Matters,,Hormones,"hormones, Man Matters, hormones",TRUE,Title,Default Title,tadalafil-tablets-ip-10-mg-pack-of-4-16-tablets-2-months-pac,0,shopify,100,continue,manual,499,573,TRUE,TRUE,https://i.mscwlns.co/products/wp-content/2020/02/tadalafil-tablets-ip-10-mg-pdp-m-1.jpg,1,Tadalafil Tablets IP 10 mg | Pack of 4 (16 tablets) | 2 Months Pack,FALSE,Tadalafil Tablets IP 10 mg | Pack of 4 (16 tablets) | 2 Months Pack,,,,,,new,FALSE,,,,,,,g,,,TRUE,499,573,active,hormones,male,"male-18-25,male-25-35,male-35-plus",76,
hair-activator-derma-roller,Activator Hair Follicle Stimulator - Derma Roller for Hair,<p>💎 540 titanium alloy 0.5 mm micro needles for <b>targeted stimulation.</b></br>,,,,,,,,,,,,,,,,,,,,,,,,,,,,,,,,,,,,,,,,,,,hair,male,"male-18-25,male-25-35",80,hair regrowth
🌱  <b>Boost hair growth</b> and nourishment on your scalp.</br>,,,,,,,,,,,,,,,,,,,,,,,,,,,,,,,,,,,,,,,,,,,,,,,,,
🌟 </b>Enhance topical applicator</b> absorption.</br>,,,,,,,,,,,,,,,,,,,,,,,,,,,,,,,,,,,,,,,,,,,,,,,,,
"🔥 </p>,Man Matters,,Hair,hair",hair regrowth,Man Matters,"hair,TRUE,Title,Default Title,hair-activator-derma-roller,0,shopify,100,continue,manual,399,,TRUE,TRUE,https://i.mscwlns.co/media/misc/pdp_rcl/591102/Old%20Derma%20roller_6ehuji.png?tr=w-600,1,Activator Hair Follicle Stimulator - Derma Roller for Hair,FALSE,Activator Hair Follicle Stimulator - Derma Roller for Hair,,,,,,new,FALSE,,,,,,,g,,,TRUE,399,,active",,,,,,,,,,,,,,,,,,,,,,,,,,,,,,,,,,,,,,,,,,,,,,
active-lifestyle-kit-2xlean-tea-1xacv-gummies,"Active Lifestyle Kit | 2xLEAN Tea, 1xACV Gummies","<p>LEAN Weight Tea and LEAN ACV Gummies, together give you the best ingredients to boost your metabolism, curb hunger cravings and imporve the gut health.</p>",Man Matters,,Weight,"weight, Man Matters, weight",TRUE,Title,Default Title,active-lifestyle-kit-2xlean-tea-1xacv-gummies,0,shopify,100,continue,manual,1099,1340,TRUE,TRUE,https://i.mscwlns.co/mosaic-wellness/image/upload/v1604746936/Man%20Matters/Card%20image%20change/weight/2x%20Tea%20%2B%201x%20Gummies/Active-Lifestyle-Kit--2xLEAN-Tea_-1xACV-Gummies_1600X1200.jpg?tr=w-800,1,"Active Lifestyle Kit | 2xLEAN Tea, 1xACV Gummies",FALSE,"Active Lifestyle Kit | 2xLEAN Tea, 1xACV Gummies",,,,,,new,FALSE,,,,,,,g,,,TRUE,1099,1340,active,weight,male,"male-18-25,male-25-35,male-35-plus",70,
calm-sleep-tea,CALM Sleep Tea,"<p>Late nights at work, too much screen time, or even seemingly harmless cups of coffee can affect your ability to wind down. But don’t worry, keep CALM – a tea that alleviates these stressful effects ov</p>",Man Matters,,Sleep,"sleep, Man Matters, sleep",TRUE,Title,Default Title,calm-sleep-tea,0,shopify,100,continue,manual,349,,TRUE,TRUE,https://i.mscwlns.co/mosaic-wellness/image/upload/v1604746889/Man%20Matters/Card%20image%20change/sleep/tea/CALM-Sleep-Tea_1600X1200.jpg?tr=w-800,1,CALM Sleep Tea,FALSE,CALM Sleep Tea,,,,,,new,FALSE,,,,,,,g,,,TRUE,349,,active,sleep,male,"male-18-25,male-25-35,male-35-plus",80,
endure-energy-pack-1xendure-spray-1xtostero-capsules,Endure+Energy Pack | 1xENDURE Spray & 1xTOSTERO Capsules,,Man Matters,,Hormones,"hormones, Man Matters, hormones",TRUE,Title,Default Title,endure-energy-pack-1xendure-spray-1xtostero-capsules,0,shopify,100,continue,manual,1013,1191,TRUE,TRUE,https://i.mscwlns.co/mosaic-wellness/image/upload/v1612437782/Man%20Matters/New%20testo%20booster%20render/Testo%20%2B%20Endure/Endure_Energy-Pack--1xENDURE-Spray-_-1xPERFORM-Testosterone-Booster_1600X1200.jpg?tr=w-800,1,Endure+Energy Pack | 1xENDURE Spray & 1xTOSTERO Capsules,FALSE,Endure+Energy Pack | 1xENDURE Spray & 1xTOSTERO Capsules,,,,,,new,FALSE,,,,,,,g,,,TRUE,1013,1191,active,hormones,male,"male-18-25,male-25-35,male-35-plus",70,
tostero-capsules-3-month-pack,TOSTERO Capsules| 3 Month Pack,,Man Matters,,Hormones,"hormones, Man Matters, hormones",TRUE,Title,Default Title,tostero-capsules-3-month-pack,0,shopify,100,continue,manual,1699,2696,TRUE,TRUE,https://i.mscwlns.co/mosaic-wellness/image/upload/v1612437822/Man%20Matters/New%20testo%20booster%20render/Testo%203m/PERFORM-Testosterone-Booster-3-Month-Pack_1600X1200.jpg?tr=w-800,1,TOSTERO Capsules| 3 Month Pack,FALSE,TOSTERO Capsules| 3 Month Pack,,,,,,new,FALSE,,,,,,,g,,,TRUE,1699,2696,active,hormones,male,"male-18-25,male-25-35,male-35-plus",76,
tostero-120-capsules,TOSTERO 120 Capsules,<p>•TOSTERO Shilajit Capsules contain a blend of 20 Ayurvedic herbs like,,,,,,,,,,,,,,,,,,,,,,,,,,,,,,,,,,,,,,,,,,,"energy,hormones",male,"male-18-25,male-25-35,male-35-plus",79,musclegain
<b>Himalayan Shilajit,Ashwagandha,"Gokshura and Safed Musli</b> which <b>naturally boosts testosterone levels</b> - improving en</p>,Man Matters,,Energy,energy",hormones,musclegain,Man Matters,"energy,TRUE,Title,Default Title,tostero-120-capsules,0,shopify,100,continue,manual,1099,1772,TRUE,TRUE,https://i.mscwlns.co/mosaic-wellness/image/upload/v1612437803/Man%20Matters/New%20testo%20booster%20render/testo%202m/PERFORM-Testosterone-Booster-2-Month-Pack-with-ingredients.png?tr=w-500","c-at_max,1,TOSTERO 120 Capsules,FALSE,TOSTERO 120 Capsules,,,,,,new,FALSE,,,,,,,g,,,TRUE,1099,1772,active",,,,,,,,,,,,,,,,,,,,,,,,,,,,,,,,,,,,,,,,,,
1-ketoconazole-shampoo-100-ml,1% Ketoconazole Shampoo 100 ml,"<p>This product is ideal for: </br><b>Mild Dandruff: </b> is slight flakes, occasional itching, and little scalp irritation, often linked to oiliness or yeast.<br/><b>Powdery Dandruff: </b> is when dry, </p>",Man Matters,,Hair,"hair, stage 1, dandruff, dandruff, Man Matters, hair",TRUE,Title,Default Title,1-ketoconazole-shampoo-100-ml,0,shopify,100,continue,manual,299,,TRUE,TRUE,https://i.mscwlns.co/media/misc/pdp_rcl/1144207/ADS%20100%20%282%29_c8hoq7.png?tr=w-600,1,1% Ketoconazole Shampoo 100 ml,FALSE,1% Ketoconazole Shampoo 100 ml,,,,,,new,FALSE,,,,,,,g,,,TRUE,299,,active,hair,male,"male-18-25,male-25-35,male-35-plus",81,"stage 1,dandruff,dandruff"
men-s-face-wash-for-oily-skin,Men's Face Wash for Oily Skin,<p>An effective foaming men's face and beard wash for oily skin enriched with 1% Salicylic Acid and 1% Glycolic Acid. It's designed to wash away impurities and excess sebum while being gentle on your ski</p>,Man Matters,,Skin,"skin, acne, skin care, Man Matters, skin",TRUE,Title,Default Title,men-s-face-wash-for-oily-skin,0,shopify,100,continue,manual,349,,TRUE,TRUE,https://i.mscwlns.co/media/misc/pdp_rcl/1182231/Saly%20open%20%281%29-compressed_3tvxc2.jpg?tr=w-600,1,Men's Face Wash for Oily Skin,FALSE,Men's Face Wash for Oily Skin,,,,,,new,FALSE,,,,,,,g,,,TRUE,349,,active,skin,male,"male-18-25,male-25-35,male-35-plus",78,"acne,skin care"
rejuv-niacinamide-serum,REJUV Niacinamide Serum,"<p>Packed with antioxidants and essential skin vitamins, this science-backed face serum fights blemish, blemish scars, aging, and pigmentation. Niacinamide serum retains moisture and stimulates collagen </p>",Man Matters,,Skin,"skin, skin care, Man Matters, skin",TRUE,Title,Default Title,rejuv-niacinamide-serum,0,shopify,100,continue,manual,549,,TRUE,TRUE,https://i.mscwlns.co/media/misc/pdp_rcl/1254313/Rejuv%20face%20serum_lq9vu6.jpg?tr=w-600,1,REJUV Niacinamide Serum,FALSE,REJUV Niacinamide Serum,,,,,,new,FALSE,,,,,,,g,,,TRUE,549,,active,skin,male,"male-18-25,male-25-35,male-35-plus",78,skin care
redensyl-grow-hair-tonic,Redensyl Grow Hair Tonic,<p>Redensyl 3% is a breakthrough ingredient for hair growth. This paraben free hair growth tonic is the easiest and safest method for you to control hair loss and regrow your lost hair. Redensyl Hair Ton</p>,Man Matters,,Hair,"hair, Man Matters, hair",TRUE,Title,Default Title,redensyl-grow-hair-tonic,0,shopify,100,continue,manual,649,697,TRUE,TRUE,https://i.mscwlns.co/mosaic-wellness/image/upload/v1604745649/Man%20Matters/Card%20image%20change/Hair/Tonic/Grow-Hair-Tonic_1600X1200.jpg?tr=w-800,1,Redensyl Grow Hair Tonic,FALSE,Redensyl Grow Hair Tonic,,,,,,new,FALSE,,,,,,,g,,,TRUE,649,697,active,hair,male,male-18-25,77,
2x-calm-sleep-tea-1x-sleep-strips,2x CALM Sleep Tea + 1x Sleep Strips,<p>Using many skin products but not seeing results? Our diets and topical treatments often don't provide enough skin nutrients necessary for skin health. These Hyaluronic Acid Skin Gummies help fill thes</p>,Man Matters,,Sleep,"sleep, Man Matters, sleep",TRUE,Title,Default Title,2x-calm-sleep-tea-1x-sleep-strips,0,shopify,100,continue,manual,947,,TRUE,TRUE,https://i.mscwlns.co/mosaic-wellness/image/upload/v1638423724/Man%20Matters/skin%20gummies/Skin-gummies--1month-pack_1600X1200.jpg?tr=w-800,1,2x CALM Sleep Tea + 1x Sleep Strips,FALSE,2x CALM Sleep Tea + 1x Sleep Strips,,,,,,new,FALSE,,,,,,,g,,,TRUE,947,,active,sleep,male,"male-18-25,male-25-35,male-35-plus",70,
relax-melatonin-strips-30-strips,Relax Melatonin Strips| 30 Strips,"<p>A sleep strip that dissolves on your tongue, and naturally signals your brain to sleep. It can be used to regulate your sleep cycle.</p>",Man Matters,,Sleep,"sleep, Man Matters, sleep",TRUE,Title,Default Title,relax-melatonin-strips-30-strips,0,shopify,100,continue,manual,598,,TRUE,TRUE,https://i.mscwlns.co/mosaic-wellness/image/upload/v1604746834/Man%20Matters/Card%20image%20change/sleep/strips/Relax-Melatonin-Strips_1600X1200.jpg?tr=w-800,1,Relax Melatonin Strips| 30 Strips,FALSE,Relax Melatonin Strips| 30 Strips,,,,,,new,FALSE,,,,,,,g,,,TRUE,598,,active,sleep,male,"male-18-25,male-25-35,male-35-plus",80,
relax-sleep-tablets,Relax Sleep Tablets,<p>Is getting your sleep cycle on track a constant struggle? Do you wake up not feeling well rested? Our sleep tablets are a 100% natural solution to help you sleep when you need to and boost your sleep </p>,Man Matters,,Sleep,"sleep, Man Matters, sleep",TRUE,Title,Default Title,relax-sleep-tablets,0,shopify,100,continue,manual,399,,TRUE,TRUE,https://i.mscwlns.co/mosaic-wellness/image/upload/v1604746863/Man%20Matters/Card%20image%20change/sleep/tablets/Sleep-Tablets_1600X1200.jpg?tr=w-800,1,Relax Sleep Tablets,FALSE,Relax Sleep Tablets,,,,,,new,FALSE,,,,,,,g,,,TRUE,399,,active,sleep,male,"male-18-25,male-25-35,male-35-plus",79,
2x-relax-melatonin-strips,2x Relax Melatonin Strips,"<p>A sleep strip that dissolves on your tongue, and naturally signals your brain to sleep. It can be used to regulate your sleep cycle.</p>",Man Matters,,Sleep,"sleep, Man Matters, sleep",TRUE,Title,Default Title,2x-relax-melatonin-strips,0,shopify,100,continue,manual,549,596,TRUE,TRUE,https://i.mscwlns.co/mosaic-wellness/image/upload/v1600938089/Man%20Matters/sleep%20strips/Relax-Sleep-strips2pack_1600X1200.jpg?tr=w-800,1,2x Relax Melatonin Strips,FALSE,2x Relax Melatonin Strips,,,,,,new,FALSE,,,,,,,g,,,TRUE,549,596,active,sleep,male,"male-18-25,male-25-35,male-35-plus",72,
2x-relax-melatonin-strips-60-strips,2x Relax Melatonin Strips| 60 Strips,"<p>A sleep strip that dissolves on your tongue, and naturally signals your brain to sleep. It can be used to regulate your sleep cycle.</p>",Man Matters,,Sleep,"sleep, Man Matters, sleep",TRUE,Title,Default Title,2x-relax-melatonin-strips-60-strips,0,shopify,100,continue,manual,1099,1194,TRUE,TRUE,https://i.mscwlns.co/mosaic-wellness/image/upload/v1600938089/Man%20Matters/sleep%20strips/Relax-Sleep-strips2pack_1600X1200.jpg?tr=w-800,1,2x Relax Melatonin Strips| 60 Strips,FALSE,2x Relax Melatonin Strips| 60 Strips,,,,,,new,FALSE,,,,,,,g,,,TRUE,1099,1194,active,sleep,male,"male-18-25,male-25-35,male-35-plus",70,
sapien-grey-blue-l-trunks,SAPIEN-Grey+Blue-L-Trunks,"<p>Packed with argan oil and shea butter to keep your hair moisturized and healthy, this keratin infused conditioner restores and protects naturally occuring keratin in your hair. This repairs dry and da</p>",Man Matters,,Energy,"energy, weight, Man Matters, energy",TRUE,Title,Default Title,sapien-grey-blue-l-trunks,0,shopify,100,continue,manual,899,,TRUE,TRUE,https://i.mscwlns.co/media/misc/pdp_rcl/1460518/Conditioner_1200x1600_kfDb5U6E7.jpg?tr=w-600,1,SAPIEN-Grey+Blue-L-Trunks,FALSE,SAPIEN-Grey+Blue-L-Trunks,,,,,,new,FALSE,,,,,,,g,,,TRUE,899,,active,"energy,weight",male,"male-18-25,male-25-35,male-35-plus",70,
apple-cider-vinegar-gummies-60-gummies,Apple Cider Vinegar Gummies | 60 Gummies,"<p>ACV gummies are the most convenient way to get your daily dose of ACV. ACV’s acetic acid content improves digestion and metabolism, chicory inulin reduces your hunger pangs and fiber keeps you full.</p>",Man Matters,,Weight,"weight, Man Matters, weight",TRUE,Title,Default Title,apple-cider-vinegar-gummies-60-gummies,0,shopify,100,continue,manual,999,1189,TRUE,TRUE,https://i.mscwlns.co/mosaic-wellness/image/upload/v1619678941/Man%20Matters/ACV%20Gummies/2m%20pack/product%20images/Gummies-60-pack_1600X1200.jpg?tr=w-800,1,Apple Cider Vinegar Gummies | 60 Gummies,FALSE,Apple Cider Vinegar Gummies | 60 Gummies,,,,,,new,FALSE,,,,,,,g,,,TRUE,999,1189,active,weight,male,"male-18-25,male-25-35,male-35-plus",79,
apple-cider-vinegar-gummies-4-month-pack-120-gummies,Apple Cider Vinegar Gummies| 4 Month Pack| 120 Gummies,"<p>Made using PURE Apple Cider Vinegar, ACV gummies are the most convenient way to get your daily dose of ACV. ACV’s acetic acid content improves digestion and metabolism, chicory inulin reduces your hun</p>",Man Matters,,Weight,"weight, Man Matters, weight",TRUE,Title,Default Title,apple-cider-vinegar-gummies-4-month-pack-120-gummies,0,shopify,100,continue,manual,1919,2369,TRUE,TRUE,https://i.mscwlns.co/products/wp-content/2020/07/pdp_3months_acv.png,1,Apple Cider Vinegar Gummies| 4 Month Pack| 120 Gummies,FALSE,Apple Cider Vinegar Gummies| 4 Month Pack| 120 Gummies,,,,,,new,FALSE,,,,,,,g,,,TRUE,1919,2369,active,weight,male,"male-18-25,male-25-35,male-35-plus",72,
dandruff-fighting-kit-1x-anti-dandruff-shampoo-1x-hair-condi,Dandruff Fighting Kit| 1x Anti Dandruff Shampoo + 1x Hair Conditioner,<p>This kit provides your hair with necessary nutrients to fight flakes.</p>,Man Matters,,Energy,"energy, weight, dandruff, Man Matters, energy",TRUE,Title,Default Title,dandruff-fighting-kit-1x-anti-dandruff-shampoo-1x-hair-condi,0,shopify,100,continue,manual,549,596,TRUE,TRUE,https://i.mscwlns.co/mosaic-wellness/image/upload/v1604745212/Man%20Matters/Card%20image%20change/Hair/ADS%2BCond/ADS-_-Conditioner_1600x1200.jpg?tr=w-800,1,Dandruff Fighting Kit| 1x Anti Dandruff Shampoo + 1x Hair Conditioner,FALSE,Dandruff Fighting Kit| 1x Anti Dandruff Shampoo + 1x Hair Conditioner,,,,,,new,FALSE,,,,,,,g,,,TRUE,549,596,active,hair,male,"male-18-25,male-25-35,male-35-plus",79,dandruff
gut-health-powder,NoBloat Gut health Blend,<b>No Bloat Gut Health Blend – For Bloating & Better Digestion</b><br/><br/>,,,,,,,,,,,,,,,,,,,,,,,,,,,,,,,,,,,,,,,,,,,energy,male,"male-18-25,male-25-35,male-35-plus",70,"dailysupplements,daily nutrition,vitamins & supplements,nutrition"
Bloating,gas,or heaviness after meals? This daily gut health blend targets the root cause - not just symptoms.<br/>,,,,,,,,,,,,,,,,,,,,,,,,,,,,,,,,,,,,,,,,,,,,,,,
",Man Matters,,Energy,energy",dailysupplements,daily nutrition,vitamins & supplements,nutrition,Man Matters,"energy,TRUE,Title,Default Title,gut-health-powder,0,shopify,100,continue,manual,299,398,TRUE,TRUE,https://i.mscwlns.co/media/misc/pdp_rcl/2023036/Gut%20health%20%20%281%29_ayvk55.png?tr=w-600,1,NoBloat Gut health Blend,FALSE,NoBloat Gut health Blend,,,,,,new,FALSE,,,,,,,g,,,TRUE,299,398,active",,,,,,,,,,,,,,,,,,,,,,,,,,,,,,,,,,,,,,,,,,,
effective-weight-loss-solution,Effective weight loss solution,"<p>😍<b> India's first COACH-LED supplements program </b></br></br>If you have tried everything you could to lose weight, and still haven't managed to achieve your goals, <b> Man Matters has got you cover</p>",Man Matters,,Energy,"energy, weight, weight loss solution, Man Matters, energy",TRUE,Title,Default Title,effective-weight-loss-solution,0,shopify,100,continue,manual,1299,2095,TRUE,TRUE,https://i.mscwlns.co/media/misc/pdp_rcl/2023005/Untitled%20design%20%2836%29_2593nh.png?tr=w-600,1,Effective weight loss solution,FALSE,Effective weight loss solution,,,,,,new,FALSE,,,,,,,g,,,TRUE,1299,2095,active,"energy,weight",male,"male-18-25,male-25-35",79,weight loss solution
anti-dandruff-daily-use-shampoo,Mild Dandruff Kit for Dry Scalp,<b>In 90 days you will never worry about flaking again!</b> ✨</br>This kit is curated to your scalp condition to help you treat flaking so that it doesn’t appear seasonally again. This kit is ideal fo,Man Matters,,Hair,"hair, stage 1, dandruff, mild, dandruff, Man Matters, hair",TRUE,Title,Default Title,anti-dandruff-daily-use-shampoo,0,shopify,100,continue,manual,649,983,TRUE,TRUE,https://i.mscwlns.co/media/misc/pdp_rcl/2023056/214123e23e_2je03w.png?tr=w-600,1,Mild Dandruff Kit for Dry Scalp,FALSE,Mild Dandruff Kit for Dry Scalp,,,,,,new,FALSE,,,,,,,g,,,TRUE,649,983,active,hair,male,"male-18-25,male-25-35,male-35-plus",81,"stage 1,dandruff,mild,dandruff"
anti-dandruff-daily-use-shampoo-mm,Mild Dandruff Kit for Dry Scalp & Sticky Scales,<b>In 90 days you will never worry about flaking again!</b> ✨</br>This kit is curated to your scalp condition to help you treat flaking so that it doesn’t appear seasonally again. This kit is ideal fo,Man Matters,,Hair,"hair, stage 1, dandruff, mild, dandruff, Man Matters, hair",TRUE,Title,Default Title,anti-dandruff-daily-use-shampoo-mm,0,shopify,100,continue,manual,948,1394,TRUE,TRUE,https://i.mscwlns.co/media/misc/pdp_rcl/2023060/1234243422_8wsnxo.png?tr=w-600,1,Mild Dandruff Kit for Dry Scalp & Sticky Scales,FALSE,Mild Dandruff Kit for Dry Scalp & Sticky Scales,,,,,,new,FALSE,,,,,,,g,,,TRUE,948,1394,active,hair,male,"male-18-25,male-25-35,male-35-plus",81,"stage 1,dandruff,mild,dandruff"
1x-minoxidil-1x-water-softener,Water Softener + Minoxidil 5% with Procapil,<b>Stage 2 HairFall</b> is when you are experiencing hair thinning for over a year and have a receding hairline.</br></br>,,,,,,,,,,,,,,,,,,,,,,,,,,,,,,,,,,,,,,,,,,,hair,male,"male-18-25,male-25-35",73,stage 4
This treatment kit contains:</br></br>,,,,,,,,,,,,,,,,,,,,,,,,,,,,,,,,,,,,,,,,,,,,,,,,,
"<b>Water Softener</b> reduces the co,Man Matters,,Hair,hair",stage 4,Man Matters,"hair,TRUE,Title,Default Title,1x-minoxidil-1x-water-softener,0,shopify,100,continue,manual,999,1135,TRUE,TRUE,https://i.mscwlns.co/media/misc/pdp_rcl/2023116/3_f4bz2i.png?tr=w-600,1,Water Softener + Minoxidil 5% with Procapil,FALSE,Water Softener + Minoxidil 5% with Procapil,,,,,,new,FALSE,,,,,,,g,,,TRUE,999,1135,active",,,,,,,,,,,,,,,,,,,,,,,,,,,,,,,,,,,,,,,,,,,,,,
2023119,Beard Activator+ Kit,<p>👉 <b>Why this solution for 23+ age?</b><br/>,,,,,,,,,,,,,,,,,,,,,,,,,,,,,,,,,,,,,,,,,,,hair,male,"male-18-25,male-25-35,male-35-plus",80,
Mostly till 23,majority of beard growth happens. After 23,an appropriate push is required from the roots for beard growth💪<br/><br/>,,,,,,,,,,,,,,,,,,,,,,,,,,,,,,,,,,,,,,,,,,,,,,,
"This treatment kit </p>,Man Matters,,Weight,weight",Man Matters,"weight,TRUE,Title,Default Title,2023119,0,shopify,100,continue,manual,799,986,TRUE,TRUE,https://i.mscwlns.co/media/misc/pdp_rcl/2023119/Beardmax%20-%20Mahesh_product_images%20%281000%20%C3%97%20750%20px%29%20%28600%20%C3%97%20450%20px%29%20%2814%29_fzap01.png?tr=w-600,1,Beard Activator+ Kit,FALSE,Beard Activator+ Kit,,,,,,new,FALSE,,,,,,,g,,,TRUE,799,986,active",,,,,,,,,,,,,,,,,,,,,,,,,,,,,,,,,,,,,,,,,,,,,,,
beard-gummies-30n,BeardMax + NoBloat Gut health Blend,"<p>⚠️If you have <b>patchy or uneven beard growth</b> on cheek area, use the <u><a href=https://manmatters.com/dp/less-dense-beard-solution/26166944>Patchy Beard Solution</a></u><br/><br/><b>Beard Health</p>",Man Matters,,Weight,"weight, hair, Man Matters, weight",TRUE,Title,Default Title,beard-gummies-30n,0,shopify,100,continue,manual,949,,TRUE,TRUE,https://i.mscwlns.co/media/misc/pdp_rcl/22189260/1_45fjts.jpg?tr=w-600,1,BeardMax + NoBloat Gut health Blend,FALSE,BeardMax + NoBloat Gut health Blend,,,,,,new,FALSE,,,,,,,g,,,TRUE,949,,active,"hair,energy",male,male-18-25,70,
daily-heath-booster,Daily Health Booster,"<p>🌱<b>Key Ingredients:</b> <b>Daily Health Booster</b> is a unique blend of Ayurvedic ingredients, including <b>Hingwashtak churna</b> and <b>Laghu sutshekhar ras</b>, known for their digestive benefits</p>",Man Matters,,Energy,"energy, weight, dailysupplements, daily nutrition, Man Matters, energy",TRUE,Title,Default Title,daily-heath-booster,0,shopify,100,continue,manual,300,,TRUE,TRUE,https://i.mscwlns.co/media/misc/pdp_rcl/2024127/Daily%20health%20booster_1ghdzj.jpg?tr=w-600,1,Daily Health Booster,FALSE,Daily Health Booster,,,,,,new,FALSE,,,,,,,g,,,TRUE,300,,active,"energy,weight",male,"male-18-25,male-25-35,male-35-plus",70,"dailysupplements,daily nutrition"
1x-anti-hairfall-shampoo-300ml-1x-hair-gummies-mm,Stage 1 Hair Fall Kit 6 months+ for Scalp Health (30+),<b>Stage 1</b> is when you are experiencing hair thinning for less than a year however have not yet experienced receding hairline </br></br>This treatment kit contains:</br><b>🥑 Biotin Hair Gummies</b,Man Matters,,Hair,"hair, hair thinning, Man Matters, hair",TRUE,Title,Default Title,1x-anti-hairfall-shampoo-300ml-1x-hair-gummies-mm,0,shopify,100,continue,manual,1349,2175,TRUE,TRUE,https://i.mscwlns.co/media/misc/pdp_rcl/100366/HG%2030_AHS%20200_Hair%20Serum%2030_Derma%20roller_ll3l76.jpg?tr=w-600,1,Stage 1 Hair Fall Kit 6 months+ for Scalp Health (30+),FALSE,Stage 1 Hair Fall Kit 6 months+ for Scalp Health (30+),,,,,,new,FALSE,,,,,,,g,,,TRUE,1349,2175,active,hair,male,male-35-plus,80,hair thinning
beardmax-3-month-pack,3 Bottles - Beardmax,"<p>This expert prescription-based 5% Minoxidil with Gokshura Solution <br/> <br/> • Promotes <b> denser beard growth</b> when used for 3-4 months  😱 <br/> • Being alcohol-free, it causes<b> no irritation</p>",Man Matters,,Hair,"hair, Man Matters, hair",TRUE,Title,Default Title,beardmax-3-month-pack,0,shopify,100,continue,manual,1099,1485,TRUE,TRUE,https://i.mscwlns.co/mosaic-wellness/image/upload/v1633515162/Man%20Matters/New%20Pdps/Multipacks/Beardmax%203/Multipack-of-3-BeardMax-bottles_1600X1200.jpg?tr=w-800,1,3 Bottles - Beardmax,FALSE,3 Bottles - Beardmax,,,,,,new,FALSE,,,,,,,g,,,TRUE,1099,1485,active,hair,male,male-18-25,82,
shilajit-gummies,Shilajit Gummies 30N,<p>Man Matters <b>100% Pure & Natural</b> Shilajit Gummies - The Power of Shilajit Packed in a Delicious Gummy!</br></br>,,,,,,,,,,,,,,,,,,,,,,,,,,,,,,,,,,,,,,,,,,,hormones,male,"male-18-25,male-25-35,male-35-plus",71,musclegain
Shilajit Gummies help:</br>,,,,,,,,,,,,,,,,,,,,,,,,,,,,,,,,,,,,,,,,,,,,,,,,,
🟣Boost <b>Stamina & Strength</b></br>,,,,,,,,,,,,,,,,,,,,,,,,,,,,,,,,,,,,,,,,,,,,,,,,,
"🟣Improve <b>Pe</p>,Man Matters,,Hormones,hormones",musclegain,Man Matters,"hormones,TRUE,Title,Default Title,shilajit-gummies,0,shopify,100,continue,manual,499,,TRUE,TRUE,https://i.mscwlns.co/media/misc/pdp_rcl/2024331/Option_e2xtu6.png?tr=w-600,1,Shilajit Gummies 30N,FALSE,Shilajit Gummies 30N,,,,,,new,FALSE,,,,,,,g,,,TRUE,499,,active",,,,,,,,,,,,,,,,,,,,,,,,,,,,,,,,,,,,,,,,,,,,,,
shilajit-gummies-mm,Shilajit Gummies (2 Month Pack),<p>Presenting India's first Shilajit Gummies!</br></br>,,,,,,,,,,,,,,,,,,,,,,,,,,,,,,,,,,,,,,,,,,,hormones,male,"male-18-25,male-25-35,male-35-plus",71,"musclegain,vitamins & supplements"
✔️Proprietary ShilAbsorb Formulation for 2.5x higher Bioavailability</br>,,,,,,,,,,,,,,,,,,,,,,,,,,,,,,,,,,,,,,,,,,,,,,,,,
✔️Third Party Lab Tested</br>,,,,,,,,,,,,,,,,,,,,,,,,,,,,,,,,,,,,,,,,,,,,,,,,,
"✔️Made from Shilajit Resin that passes 3 Pu</p>,Man Matters,,Hormones,hormones",musclegain,vitamins & supplements,Man Matters,"hormones,TRUE,Title,Default Title,shilajit-gummies-mm,0,shopify,100,continue,manual,1749,,TRUE,TRUE,https://i.mscwlns.co/media/misc/pdp_rcl/2024397/Shilajit%2060N%20Black%20wrapper_7p2my9.jpg?tr=w-600,1,Shilajit Gummies (2 Month Pack),FALSE,Shilajit Gummies (2 Month Pack),,,,,,new,FALSE,,,,,,,g,,,TRUE,1749,,active",,,,,,,,,,,,,,,,,,,,,,,,,,,,,,,,,,,,,,,,,,,,,
1-ketoconazole-shampoo-100-ml-mm,Anti-Dandruff Shampoo (100 ml),"<p>This product is ideal for: </br><b>Mild flakes: </b> is slight flakes, occasional itching, and little scalp irritation, often linked to oiliness or yeast.<br/><b>Powdery flakes: </b> is when dry, whit</p>",Man Matters,,Hair,"hair, stage 1, dandruff, dandruff, Man Matters, hair",TRUE,Title,Default Title,1-ketoconazole-shampoo-100-ml-mm,0,shopify,100,continue,manual,299,,TRUE,TRUE,https://i.mscwlns.co/media/misc/pdp_rcl/1144207/ADS_1b2kg6.png?tr=w-600,1,Anti-Dandruff Shampoo (100 ml),FALSE,Anti-Dandruff Shampoo (100 ml),,,,,,new,FALSE,,,,,,,g,,,TRUE,299,,active,hair,male,"male-18-25,male-25-35,male-35-plus",81,"stage 1,dandruff,dandruff"
beard-growth-kit-1-month-pack,Beard Gummies for Less Dense beard,"<p>⚠️If you have <b>patchy or uneven beard growth</b> on cheek area, use the <u><a href=https://manmatters.com/dp/less-dense-beard-solution/11954287>Uneven Beard Solution</a></u><br/><br/><b>Less Dense B</p>",Man Matters,,Hair,"hair, low beard, Man Matters, hair",TRUE,Title,Default Title,beard-growth-kit-1-month-pack,0,shopify,100,continue,manual,449,498,TRUE,TRUE,https://i.mscwlns.co/media/misc/pdp_rcl/2024336/Beard%20Gummies_bbgj46.png?tr=w-600,1,Beard Gummies for Less Dense beard,FALSE,Beard Gummies for Less Dense beard,,,,,,new,FALSE,,,,,,,g,,,TRUE,449,498,active,hair,male,"male-18-25,male-25-35,male-35-plus",82,low beard
beard-growth-kit-1-month-pack-mm,Beard Gummies for Less Dense beard - 2 Months,<p>👉 <b>Why this solution for 30+ age?</b><br/>,,,,,,,,,,,,,,,,,,,,,,,,,,,,,,,,,,,,,,,,,,,hair,male,"male-18-25,male-25-35,male-35-plus",82,low beard
Mostly till 30,majority of beard growth happens. After 30,"an appropriate push is required from the roots for beard growth<br/><br/>Beard Growth Kit for L</p>,Man Matters,,Hair,hair",low beard,Man Matters,"hair,TRUE,Title,Default Title,beard-growth-kit-1-month-pack-mm,0,shopify,100,continue,manual,549,980,TRUE,TRUE,https://i.mscwlns.co/media/misc/pdp_rcl/22474844/BG%2030%20%282%29_1j89aw.jpg?tr=w-600,1,Beard Gummies for Less Dense beard - 2 Months,FALSE,Beard Gummies for Less Dense beard - 2 Months,,,,,,new,FALSE,,,,,,,g,,,TRUE,549,980,active",,,,,,,,,,,,,,,,,,,,,,,,,,,,,,,,,,,,,,,,,,,,
complete-performance-solution,Performance Kit,<b>🚀 ManMatters Performance Kit: Unleash Peak Performance & Lasting Pleasure</b></br></br>,,,,,,,,,,,,,,,,,,,,,,,,,,,,,,,,,,,,,,,,,,,hormones,male,"male-18-25,male-25-35,male-35-plus",78,
Man Matters Performance kit combines the power of natural vitality with enhanced intimacy,"empowering you to ,Man Matters,,Hormones,hormones",Man Matters,"hormones,TRUE,Title,Default Title,complete-performance-solution,0,shopify,100,continue,manual,749,841,TRUE,TRUE,https://i.mscwlns.co/media/misc/others/Artboard%201%20%281%29_95z0yp.png?tr=w-600,1,Performance Kit,FALSE,Performance Kit,,,,,,new,FALSE,,,,,,,g,,,TRUE,749,841,active",,,,,,,,,,,,,,,,,,,,,,,,,,,,,,,,,,,,,,,,,,,,,,
advanced-hair-regrowth-serum,Advanced Hair Regrowth Serum,"<p>⌛️<b>Visible results in 3-4 months..</b><br><br>🔮Hair-growth boosting tonic for a fuller-looking scalp and thicker growth.<br><br>🧪Enriched with <b>Redensyl, Aminexil, Anagain, Procapil and Baicapil</</p>",Man Matters,,Hair,"hair, stage 1, hair thinning, Man Matters, hair",TRUE,Title,Default Title,advanced-hair-regrowth-serum,0,shopify,100,continue,manual,649,889,TRUE,TRUE,https://i.mscwlns.co/media/misc/pdp_rcl/26166956/Hair-gwoth-serum-_e46sb2.png?tr=w-600,1,Advanced Hair Regrowth Serum,FALSE,Advanced Hair Regrowth Serum,,,,,,new,FALSE,,,,,,,g,,,TRUE,649,889,active,hair,male,"male-18-25,male-25-35",74,"stage 1,hair thinning"
ultimate-strength-kit,Plant Protein 500 gm + Shaker,<p>Power of Shilajit meets Goodness of Plant Protein!</br></br>,,,,,,,,,,,,,,,,,,,,,,,,,,,,,,,,,,,,,,,,,,,"energy,weight","male,female","female-18-25,female-25-35,female-35-plus,male-18-25,male-25-35,male-35-plus",78,"musclegain,testosterone"
<b>Shilajit Gummies:</b> Enriched with Pure & Natural Shilajit,these gummies help: </br>,,,,,,,,,,,,,,,,,,,,,,,,,,,,,,,,,,,,,,,,,,,,,,,,
🟣Boost <b>Testosterone</b></br>,,,,,,,,,,,,,,,,,,,,,,,,,,,,,,,,,,,,,,,,,,,,,,,,,
"🟣Improve <b>Exer</p>,Man Matters,,Energy,energy",weight,musclegain,testosterone,Man Matters,"energy,TRUE,Title,Default Title,ultimate-strength-kit,0,shopify,100,continue,manual,1599,1974,TRUE,TRUE,https://i.mscwlns.co/media/misc/others/Thumbnail_5djmql.png?tr=w-600,1,Plant Protein 500 gm + Shaker,FALSE,Plant Protein 500 gm + Shaker,,,,,,new,FALSE,,,,,,,g,,,TRUE,1599,1974,active",,,,,,,,,,,,,,,,,,,,,,,,,,,,,,,,,,,,,,,,,,,,
muscle-gain-kit,Ultimate Strength Kit- 15 Day Pack,<b>Build Muscle Mass</b> with a powerful combo of Shilajit Gummies and Whey Protein </br></br>,,,,,,,,,,,,,,,,,,,,,,,,,,,,,,,,,,,,,,,,,,,"energy,weight,hormones",male,"male-18-25,male-25-35,male-35-plus",70,"musclegain,low energy,daily nutrition"
<b>India's First Shilajit Gummies:</b></br>,,,,,,,,,,,,,,,,,,,,,,,,,,,,,,,,,,,,,,,,,,,,,,,,,
<b>✔️ No Hot Water Needed:</b> Just 2 gummies daily. </br>,,,,,,,,,,,,,,,,,,,,,,,,,,,,,,,,,,,,,,,,,,,,,,,,,
"<,Man Matters,,Energy,energy",weight,hormones,musclegain,low energy,daily nutrition,Man Matters,"energy,TRUE,Title,Default Title,muscle-gain-kit,0,shopify,100,continue,manual,1400,2692,TRUE,TRUE,https://i.mscwlns.co/media/misc/pdp_rcl/2024408/Shilajit%2060N%2BWhey_jz8ky0.jpg?tr=w-600,1,Ultimate Strength Kit- 15 Day Pack,FALSE,Ultimate Strength Kit- 15 Day Pack,,,,,,new,FALSE,,,,,,,g,,,TRUE,1400,2692,active",,,,,,,,,,,,,,,,,,,,,,,,,,,,,,,,,,,,,,,,,,
gut-strength-kit,Gut Strength Kit- 1 month pack,<b>Gut Strength Kit</b></br></br>,,,,,,,,,,,,,,,,,,,,,,,,,,,,,,,,,,,,,,,,,,,energy,male,"male-18-25,male-25-35,male-35-plus",70,"musclegain,strength,vitamins,minerals,daily nutrition,vitamins & supplements"
<b> Improve Digestion and Overall Energy</b> with Tamarind flavoured Shilajit Gummies and Ginger Flavoured NoBloat Powder</br></br>,,,,,,,,,,,,,,,,,,,,,,,,,,,,,,,,,,,,,,,,,,,,,,,,,
🚀 Benefits</b></br>,,,,,,,,,,,,,,,,,,,,,,,,,,,,,,,,,,,,,,,,,,,,,,,,,
"⚡ Boosts over,Man Matters,,Energy,energy",musclegain,strength,vitamins,minerals,daily nutrition,vitamins & supplements,Man Matters,"energy,TRUE,Title,Default Title,gut-strength-kit,0,shopify,100,continue,manual,1300,1780,TRUE,TRUE,https://i.mscwlns.co/media/misc/pdp_rcl/2024411/Shilajit%20%2B%20Gut%20health%20%20%281%29_9r1ed4.png?tr=w-600,1,Gut Strength Kit- 1 month pack,FALSE,Gut Strength Kit- 1 month pack,,,,,,new,FALSE,,,,,,,g,,,TRUE,1300,1780,active",,,,,,,,,,,,,,,,,,,,,,,,,,,,,,,,,,,,,,,,,
ashwagandha-gummies,Ashwagandha Gummies,<p>🌿 Elevate your well-being with our Ashwagandha Gummies - <b>helps with stress and anxiety!</b></br></br> 🍃 <b>Power-Packed with 30 Rich Ingredients</b>: Our gummies are carefully crafted with 30 essen</p>,Man Matters,,Energy,"energy, dailysupplements, daily nutrition, vitamins & supplements, Man Matters, energy",TRUE,Title,Default Title,ashwagandha-gummies,0,shopify,100,continue,manual,629,698,TRUE,TRUE,https://i.mscwlns.co/media/misc/pdp_rcl/13222757/Ashwa%20Gummies%20%281%29_jjrtro.png?tr=w-600,1,Ashwagandha Gummies,FALSE,Ashwagandha Gummies,,,,,,new,FALSE,,,,,,,g,,,TRUE,629,698,active,energy,"male,female","female-18-25,female-25-35,female-35-plus,male-18-25,male-25-35,male-35-plus",78,"dailysupplements,daily nutrition,vitamins & supplements"
ashwagandha-gummies-mm,Ashwagandha Gummies for Stress,<p>🌿 Elevate your well-being with our Ashwagandha Gummies - <b>helps with stress and anxiety!</b></br></br> 🍃 <b>Power-Packed with 30 Rich Ingredients</b>: Our gummies are carefully crafted with 30 essen</p>,Man Matters,,Energy,"energy, dailysupplements, daily nutrition, Man Matters, energy",TRUE,Title,Default Title,ashwagandha-gummies-mm,0,shopify,100,continue,manual,419,698,TRUE,TRUE,https://i.mscwlns.co/mosaic-wellness/image/upload/v1631867343/Man%20Matters/Ashwagandha%20Gummies/Product%20images/Nutrition-matters-1-_1600X1200.jpg?tr=w-800,1,Ashwagandha Gummies for Stress,FALSE,Ashwagandha Gummies for Stress,,,,,,new,FALSE,,,,,,,g,,,TRUE,419,698,active,energy,"male,female","female-18-25,female-25-35,female-35-plus,male-18-25,male-25-35,male-35-plus",78,"dailysupplements,daily nutrition"
stress-free-kit,Stress Relief Kit,<b>Reduce Stress</b> with a combination of Shilajit Gummies and Ashwagandha Gummies </br></br>,,,,,,,,,,,,,,,,,,,,,,,,,,,,,,,,,,,,,,,,,,,"energy,weight,hormones",male,"male-18-25,male-25-35,male-35-plus",70,"musclegain,less stress,daily nutrition"
<b>Shilajit Gummies </b></br>,,,,,,,,,,,,,,,,,,,,,,,,,,,,,,,,,,,,,,,,,,,,,,,,,
100% Pure & Natural </br,,,,,,,,,,,,,,,,,,,,,,,,,,,,,,,,,,,,,,,,,,,,,,,,,
Delicious Tamarind Flavour</br>,,,,,,,,,,,,,,,,,,,,,,,,,,,,,,,,,,,,,,,,,,,,,,,,,
"No Added Sugar</b,Man Matters,,Energy,energy",weight,hormones,musclegain,less stress,daily nutrition,Man Matters,"energy,TRUE,Title,Default Title,stress-free-kit,0,shopify,100,continue,manual,1400,1686,TRUE,TRUE,https://i.mscwlns.co/media/misc/pdp_rcl/2024417/CR%20775-Artboard%202%20%281%29_1w4p2k.jpg?tr=w-600,1,Stress Relief Kit,FALSE,Stress Relief Kit,,,,,,new,FALSE,,,,,,,g,,,TRUE,1400,1686,active",,,,,,,,,,,,,,,,,,,,,,,,,,,,,,,,,,,,,,,,,,
whey-protein-powder-1-kg,Whey Protein Powder 500 gm,<b>Simple. Clean. Powerful.</b></br></br>,,,,,,,,,,,,,,,,,,,,,,,,,,,,,,,,,,,,,,,,,,,"energy,weight","male,female","female-18-25,female-25-35,female-35-plus,male-18-25,male-25-35,male-35-plus",79,"musclegain,protein supplements,active nutrition,protein & nutrition,nutrition"
<b>24g Pure Protein with added Glutamine</b></br></br> Every scoop is lab-tested for quality and consistency,"so you know exactly what you’re getting.</br></,Man Matters,,Energy,energy",weight,musclegain,protein supplements,active nutrition,protein & nutrition,nutrition,Man Matters,"energy,TRUE,Title,Default Title,whey-protein-powder-1-kg,0,shopify,100,continue,manual,1300,1494,TRUE,TRUE,https://i.mscwlns.co/media/misc/pdp_rcl/2024418/Whey%20Protein_886ms9.jpg?tr=w-600,1,Whey Protein Powder 500 gm,FALSE,Whey Protein Powder 500 gm,,,,,,new,FALSE,,,,,,,g,,,TRUE,1300,1494,active",,,,,,,,,,,,,,,,,,,,,,,,,,,,,,,,,,,,,,,,
whey-protein-powder-1-kg-mm,Whey Protein trial - Chocolate (10 sachets),"<p>💪🏼Give your body the best quality protein supplementation with this <b>Whey Protein powder.</b><br/><br/>  🏋🏿‍♂️ Each serving will give you <b>24 g protein, 5.3 g BCAA & 4.2g Glutamine. </b><br/><br/></p>",Man Matters,,Energy,"energy, weight, active nutrition, Man Matters, energy",TRUE,Title,Default Title,whey-protein-powder-1-kg-mm,0,shopify,100,continue,manual,899,987,TRUE,TRUE,https://i.mscwlns.co/media/misc/pdp_rcl/26166948/Untitled%20design%20%285%29_h13gc8.png?tr=w-600,1,Whey Protein trial - Chocolate (10 sachets),FALSE,Whey Protein trial - Chocolate (10 sachets),,,,,,new,FALSE,,,,,,,g,,,TRUE,899,987,active,"energy,weight","male,female","female-18-25,female-25-35,female-35-plus,male-18-25,male-25-35,male-35-plus",70,active nutrition
creatine-gummies,Creatine Gummies,<p>Presenting <b>India's first Creatine Gummies!</b></br>,,,,,,,,,,,,,,,,,,,,,,,,,,,,,,,,,,,,,,,,,,,weight,male,"male-18-25,male-25-35,male-35-plus",70,"protein supplements,musclegain,stamina,performance,active nutrition,protein & nutrition"
Man Matters Creatine Gummies are specially curated for you with <b>High quality Micronized Creatine Monohydrate</b></br></br>,,,,,,,,,,,,,,,,,,,,,,,,,,,,,,,,,,,,,,,,,,,,,,,,,
It helps: </br>,,,,,,,,,,,,,,,,,,,,,,,,,,,,,,,,,,,,,,,,,,,,,,,,,
"💪</p>,Man Matters,,Weight,weight",protein supplements,musclegain,stamina,performance,active nutrition,protein & nutrition,Man Matters,"weight,TRUE,Title,Default Title,creatine-gummies,0,shopify,100,continue,manual,799,,TRUE,TRUE,https://i.mscwlns.co/media/misc/pdp_rcl/2025041/Creatine%20Gummies%20pouch_fn65ct.png?tr=w-600,1,Creatine Gummies,FALSE,Creatine Gummies,,,,,,new,FALSE,,,,,,,g,,,TRUE,799,,active",,,,,,,,,,,,,,,,,,,,,,,,,,,,,,,,,,,,,,,,,
magnesium-gummies,Magnesium Glycinate Gummies 60N,<p>Presenting <b>India's First Magnesium Gummies!</b></br></br>,,,,,,,,,,,,,,,,,,,,,,,,,,,,,,,,,,,,,,,,,,,sleep,male,"male-18-25,male-25-35,male-35-plus",85,vitamins & supplements
"✔️Contains <b>1000mg Magnesium Glycinate</b> per serving (2 Gummies/Day). <br/><br/> ✔️Glycinate has <b>8x better absorption</b> of Magnes</p>,Man Matters,,Sleep,sleep",vitamins & supplements,Man Matters,"sleep,TRUE,Title,Default Title,magnesium-gummies,0,shopify,100,continue,manual,899,998,TRUE,TRUE,https://i.mscwlns.co/media/misc/pdp_rcl/2024494/Magnesium%20Gummies_br8d83.jpg?tr=w-600,1,Magnesium Glycinate Gummies 60N,FALSE,Magnesium Glycinate Gummies 60N,,,,,,new,FALSE,,,,,,,g,,,TRUE,899,998,active",,,,,,,,,,,,,,,,,,,,,,,,,,,,,,,,,,,,,,,,,,,,,,
magnesium-gummies-mm,Advance Magnesium Care,<b>🔉Did you know? </b><br/><br/>,,,,,,,,,,,,,,,,,,,,,,,,,,,,,,,,,,,,,,,,,,,sleep,male,"male-18-25,male-25-35,male-35-plus",70,muscle pain & recovery
Over <b>60% of Indian men </b> are magnesium deficient due to <b>long work hours,high stress,and processed food consumption</b>,leading to <b>poor sleep,"muscle sp,Man Matters,,Sleep,sleep",muscle pain & recovery,Man Matters,"sleep,TRUE,Title,Default Title,magnesium-gummies-mm,0,shopify,100,continue,manual,1289,1481,TRUE,TRUE,https://i.mscwlns.co/media/misc/pdp_rcl/2025031/MG%20Spray%20%26%20Magnesium%20Gummies_gem8n7.png?tr=w-600,1,Advance Magnesium Care,FALSE,Advance Magnesium Care,,,,,,new,FALSE,,,,,,,g,,,TRUE,1289,1481,active",,,,,,,,,,,,,,,,,,,,,,,,,,,,,,,,,,,,,,,,,,
scalp-stimulating-comb,Scalp Stimulating Comb,"<p>Neem Wood Comb is a 100% natural, environment-friendly and healthier way to control hair thinning and encourage healthy hair growth. Made from Neem (Azadirachta Indica) tree wood, this handcrafted Her</p>",Man Matters,,Hair,"hair, Man Matters, hair",TRUE,Title,Default Title,scalp-stimulating-comb,0,shopify,100,continue,manual,99,198,TRUE,TRUE,https://i.mscwlns.co/media/misc/others/Comb_j3v5zo.png?tr=w-600,1,Scalp Stimulating Comb,FALSE,Scalp Stimulating Comb,,,,,,new,FALSE,,,,,,,g,,,TRUE,99,198,active,hair,male,"male-18-25,male-25-35,male-35-plus",80,
scalp-stimulating-comb-mm,Scalp Stimulating Comb,"<p>Neem Wood Comb is a 100% natural, environment-friendly and healthier way to control hair thinning and encourage healthy hair growth. Made from Neem (Azadirachta Indica) tree wood, this handcrafted Her</p>",Man Matters,,Hair,"hair, hair thinning, Man Matters, hair",TRUE,Title,Default Title,scalp-stimulating-comb-mm,0,shopify,100,continue,manual,199,,TRUE,TRUE,https://i.mscwlns.co/mosaic-wellness/image/upload/v1613548898/Man%20Matters/Hair%20comb/Product%20images/Scalp-stimulating-comb_1600X1200.jpg?tr=w-800,1,Scalp Stimulating Comb,FALSE,Scalp Stimulating Comb,,,,,,new,FALSE,,,,,,,g,,,TRUE,199,,active,hair,male,"male-18-25,male-25-35,male-35-plus",80,hair thinning
ultimate-strength-kit-mm,Muscle Gain Kit - 1 Month Pack,<b>Kit contains Shilajit Gummies and Vegain Plant Protein</br><br/>,,,,,,,,,,,,,,,,,,,,,,,,,,,,,,,,,,,,,,,,,,,"energy,weight,hormones",male,"male-18-25,male-25-35,male-35-plus",70,
100% Pure & Natural 300 mg Authentic Shilajit & Complete Plant Protein<br/>,,,,,,,,,,,,,,,,,,,,,,,,,,,,,,,,,,,,,,,,,,,,,,,,,
"📅 Use consistently for atleast 3 months to see these res,Man Matters,,Energy,energy",weight,hormones,Man Matters,"energy,TRUE,Title,Default Title,ultimate-strength-kit-mm,0,shopify,100,continue,manual,2300,3484,TRUE,TRUE,https://i.mscwlns.co/media/misc/pdp_rcl/2024400/Shilajit%2060N%2BVegain_2_l2ce78.jpg?tr=w-600,1,Muscle Gain Kit - 1 Month Pack,FALSE,Muscle Gain Kit - 1 Month Pack,,,,,,new,FALSE,,,,,,,g,,,TRUE,2300,3484,active",,,,,,,,,,,,,,,,,,,,,,,,,,,,,,,,,,,,,,,,,,,,,
advanced-hair-regrowth-serum-mm,Advance Hair Serum + Replaceable Derma Roller + DHT Blocking Shampoo,<p>This treatment kit contains:</br>,,,,,,,,,,,,,,,,,,,,,,,,,,,,,,,,,,,,,,,,,,,hair,male,"male-18-25,male-25-35",74,
<b>💧Advance Hair Serum </b> is enriched with 23% actives like <b>Redensyl,</b> Aminexil,Anagain,Procapil and Baicapil,"this mix is clinically proven to boost growth</p>,Man Matters,,Hair,hair",Man Matters,"hair,TRUE,Title,Default Title,advanced-hair-regrowth-serum-mm,0,shopify,100,continue,manual,1049,1777,TRUE,TRUE,https://i.mscwlns.co/media/misc/pdp_rcl/26166956/Advanced%20Serum_682y2p.png?tr=w-600,1,Advance Hair Serum + Replaceable Derma Roller + DHT Blocking Shampoo,FALSE,Advance Hair Serum + Replaceable Derma Roller + DHT Blocking Shampoo,,,,,,new,FALSE,,,,,,,g,,,TRUE,1049,1777,active",,,,,,,,,,,,,,,,,,,,,,,,,,,,,,,,,,,,,,,,,,,
creatine-powder,Creatine Monohydrate (150g - Mixed Fruit Flavour),<p>Advanced Creatine Monohydrate called KleanCREATINE – for smarter workouts!</br></br>,,,,,,,,,,,,,,,,,,,,,,,,,,,,,,,,,,,,,,,,,,,weight,male,"male-18-25,male-25-35,male-35-plus",85,protein & nutrition
✔️Clinically studied,,,,,,,,,,,,,,,,,,,,,,,,,,,,,,,,,,,,,,,,,,,,,,,,,
<br/> ✔️ Micronized for Better Absorption<br/> ✔️ 0 Calories,"0 Carbs<br/> ✔️ NABL-Certified </p>,Man Matters,,Weight,weight",protein & nutrition,Man Matters,"weight,TRUE,Title,Default Title,creatine-powder,0,shopify,100,continue,manual,699,743,TRUE,TRUE,https://i.mscwlns.co/media/misc/pdp_rcl/2025025/125_b8btap.jpg?tr=w-600,1,Creatine Monohydrate (150g - Mixed Fruit Flavour),FALSE,Creatine Monohydrate (150g - Mixed Fruit Flavour),,,,,,new,FALSE,,,,,,,g,,,TRUE,699,743,active",,,,,,,,,,,,,,,,,,,,,,,,,,,,,,,,,,,,,,,,,,,,,
creatine-powder-mm,Micronised Creatine Monohydrate (Mixed Fruit Flavour- Pack of 2),,Man Matters,,Weight,"weight, Man Matters, weight",TRUE,Title,Default Title,creatine-powder-mm,0,shopify,100,continue,manual,999,1693,TRUE,TRUE,https://i.mscwlns.co/media/misc/pdp_rcl/2025048/Creatine%20Powder%20mixed%20pack%20of%202_fkuqww.png?tr=w-600,1,Micronised Creatine Monohydrate (Mixed Fruit Flavour- Pack of 2),FALSE,Micronised Creatine Monohydrate (Mixed Fruit Flavour- Pack of 2),,,,,,new,FALSE,,,,,,,g,,,TRUE,999,1693,active,weight,male,"male-18-25,male-25-35,male-35-plus",85,
advance-ads,Advance Daily Use Anti-Dandruff Shampoo,"<p>Men’s scalp produces more oil and have a higher pH, making them prone to <b>dandruff and irritation</b>.</br></br>Man Matters Advanced 2-in-1 Anti-Dandruff Shampoo is <b>designed specifically for men<</p>",Man Matters,,Hair,"hair, dandruff, dandruff, Man Matters, hair",TRUE,Title,Default Title,advance-ads,0,shopify,100,continue,manual,549,,TRUE,TRUE,https://i.mscwlns.co/media/misc/pdp_rcl/2025050/ADUS_3n9h9m.png?tr=w-600,1,Advance Daily Use Anti-Dandruff Shampoo,FALSE,Advance Daily Use Anti-Dandruff Shampoo,,,,,,new,FALSE,,,,,,,g,,,TRUE,549,,active,hair,male,"male-18-25,male-25-35,male-35-plus",70,"dandruff,dandruff"
man-matters-protein-shaker,Man Matters Protein Shaker,,Man Matters,,Energy,"energy, weight, Man Matters, energy",TRUE,Title,Default Title,man-matters-protein-shaker,0,shopify,100,continue,manual,399,,TRUE,TRUE,https://i.mscwlns.co/media/misc/pdp_rcl/10100137/shaker%20MM-min_sbwdny.png?tr=w-600,1,Man Matters Protein Shaker,FALSE,Man Matters Protein Shaker,,,,,,new,FALSE,,,,,,,g,,,TRUE,399,,active,"energy,weight",male,"male-18-25,male-25-35,male-35-plus",70,
advance-ads-mm,Advanced Scalp Care Kit,"<p>Upgrade your scalp care routine with the <b>Dandruff Pro Kit</b> - A complete solution for men dealing with <b>stubborn dandruff</b>. This 2-step kit <b>deeply cleanses, removes buildup, and restores </p>",Man Matters,,Hair,"hair, dandruff, dandruff, Man Matters, hair",TRUE,Title,Default Title,advance-ads-mm,0,shopify,100,continue,manual,699,1027,TRUE,TRUE,https://i.mscwlns.co/media/misc/others/IMG_9399%20%281%29_bin4nr.png?tr=w-600,1,Advanced Scalp Care Kit,FALSE,Advanced Scalp Care Kit,,,,,,new,FALSE,,,,,,,g,,,TRUE,699,1027,active,hair,male,"male-18-25,male-25-35,male-35-plus",70,"dandruff,dandruff"
muscle-gain-kit-mm,Ultimate Energy Booster Kit,<b>Maximum energy and muscle strength</b> with a powerful combo of Shilajit Gummies and Creatine powder</br></br>,,,,,,,,,,,,,,,,,,,,,,,,,,,,,,,,,,,,,,,,,,,"energy,weight,hormones",male,"male-18-25,male-25-35,male-35-plus",71,
<b>India's First Shilajit Gummies:</b></br>,,,,,,,,,,,,,,,,,,,,,,,,,,,,,,,,,,,,,,,,,,,,,,,,,
"<b>✔️ No Hot Water Needed:</b> Just 2 gum,Man Matters,,Energy,energy",weight,hormones,Man Matters,"energy,TRUE,Title,Default Title,muscle-gain-kit-mm,0,shopify,100,continue,manual,1299,1779,TRUE,TRUE,https://i.mscwlns.co/media/misc/pdp_rcl/2025062/Advanced%20Shilajit%20%2B%20Creatine%20Powder_2szenv.png?tr=w-600,1,Ultimate Energy Booster Kit,FALSE,Ultimate Energy Booster Kit,,,,,,new,FALSE,,,,,,,g,,,TRUE,1299,1779,active",,,,,,,,,,,,,,,,,,,,,,,,,,,,,,,,,,,,,,,,,,,,,
minoxidil-5-0-1-finasteride,Minoxifin Advanced (60 ml),<b>Minoxifin Advanced (75 ml)</b><br/><br/>,,,,,,,,,,,,,,,,,,,,,,,,,,,,,,,,,,,,,,,,,,,hair,male,"male-18-25,male-25-35",84,
►For best results,"use consistently for 6-9 months.<br/><br/><b>►Suited for people with Stage 2-3.</b><br/><br/>►Stage 2-3 is generally where thinning on th,Man Matters,,Hair,hair",Man Matters,"hair,TRUE,Title,Default Title,minoxidil-5-0-1-finasteride,0,shopify,100,continue,manual,599,998,TRUE,TRUE,https://i.mscwlns.co/media/misc/pdp_rcl/2007083/Minoxifin_49s26v.png?tr=w-600,1,Minoxifin Advanced (60 ml),FALSE,Minoxifin Advanced (60 ml),,,,,,new,FALSE,,,,,,,g,,,TRUE,599,998,active",,,,,,,,,,,,,,,,,,,,,,,,,,,,,,,,,,,,,,,,,,,,,,
ketoconazole-shampoo,Anti-Dandruff Pro Kit for Severe Dandruff,"<b>Stubborn dandruff</b> can persist when <b>layers of oil and flakes</b> prevent the treatment from reaching the scalp properly. This kit helps clear that layer, <b>allows actives to reach the scalp",Man Matters,,Hair,"hair, Man Matters, hair",TRUE,Title,Default Title,ketoconazole-shampoo,0,shopify,100,continue,manual,699,1043,TRUE,TRUE,https://i.mscwlns.co/media/misc/pdp_rcl/2025074/ADS%20%2B%20Scalp%20massager_kgyn5s.png?tr=w-600,1,Anti-Dandruff Pro Kit for Severe Dandruff,FALSE,Anti-Dandruff Pro Kit for Severe Dandruff,,,,,,new,FALSE,,,,,,,g,,,TRUE,699,1043,active,hair,male,"male-18-25,male-25-35,male-35-plus",79,
superblend,Super Protein with Flavour Shots - 500g,"<b> Meet Super Blend - with Flavour Shots</b><br><br>Your all-in-one daily nutrition formula for <b>energy, recovery</b> & <b>complete wellness.</b><br><br>",,,,,,,,,,,,,,,,,,,,,,,,,,,,,,,,,,,,,,,,,,,"energy,weight",male,"male-18-25,male-25-35,male-35-plus",70,
"✔️ 25g High-Quality Whey (WPI + WPC Blend)<,Man Matters,,Energy,energy",weight,Man Matters,"energy,TRUE,Title,Default Title,superblend,0,shopify,100,continue,manual,1699,1887,TRUE,TRUE,https://i.mscwlns.co/media/misc/pdp_rcl/2025053/Super%20blend%20%20unflavoured%20Shots_b914nr.png?tr=w-600,1,Super Protein with Flavour Shots - 500g,FALSE,Super Protein with Flavour Shots - 500g,,,,,,new,FALSE,,,,,,,g,,,TRUE,1699,1887,active",,,,,,,,,,,,,,,,,,,,,,,,,,,,,,,,,,,,,,,,,,,,,,
beard-stimulator-kit,Beard Stimulator Kit,<p>👉 <b>Less dense beard growth</b> is when you have fuller beard but lack beard thickness & density.<br/><br/>,,,,,,,,,,,,,,,,,,,,,,,,,,,,,,,,,,,,,,,,,,,hair,male,male-18-25,82,
"This treatment kit contains:<br/>💧 <b>5% Minoxidil (alcohol-free)</b> is a vasodilator tha</p>,Man Matters,,Hair,hair",Man Matters,"hair,TRUE,Title,Default Title,beard-stimulator-kit,0,shopify,100,continue,manual,649,877,TRUE,TRUE,https://i.mscwlns.co/media/misc/pdp_rcl/21521699/Beard%20%2B%20roller_7awfhg.png?tr=w-600,1,Beard Stimulator Kit,FALSE,Beard Stimulator Kit,,,,,,new,FALSE,,,,,,,g,,,TRUE,649,877,active",,,,,,,,,,,,,,,,,,,,,,,,,,,,,,,,,,,,,,,,,,,,,,,
derma-roller-for-skin,Derma Roller for Skin,"<p>Derma Roller with replaceable head, contains 2x 0.5 Heads<br/><br/>",,,,,,,,,,,,,,,,,,,,,,,,,,,,,,,,,,,,,,,,,,,skin,male,"male-18-25,male-25-35,male-35-plus",77,blemish spots/marks
💎 540 titanium alloy 0.5 mm micro needles for targeted stimulation.<br/>,,,,,,,,,,,,,,,,,,,,,,,,,,,,,,,,,,,,,,,,,,,,,,,,,
🌱 Boost hair growth and nourishment on your scalp.<br/>,,,,,,,,,,,,,,,,,,,,,,,,,,,,,,,,,,,,,,,,,,,,,,,,,
"🌟 E</p>,Man Matters,,Skin,skin",blemish spots/marks,Man Matters,"skin,TRUE,Title,Default Title,derma-roller-for-skin,0,shopify,100,continue,manual,399,,TRUE,TRUE,https://i.mscwlns.co/mosaic-wellness/image/upload/v1604476909/Man%20Matters/Random/Activator-mobile.jpg?tr=w-800,1,Derma Roller for Skin,FALSE,Derma Roller for Skin,,,,,,new,FALSE,,,,,,,g,,,TRUE,399,,active",,,,,,,,,,,,,,,,,,,,,,,,,,,,,,,,,,,,,,,,,,,,,,
indulge-energy-choco-bites,Indulge Energy Chocolate,"<p>INDULGE Energy Bites are power-packed with Ayurvedic goodness and highly nutritious essential vitamins, minerals and amino acids to improve both strength & energy. Each bite has a delicious and wholes</p>",Man Matters,,Energy,"energy, sleep, Man Matters, energy",TRUE,Title,Default Title,indulge-energy-choco-bites,0,shopify,100,continue,manual,399,,TRUE,TRUE,https://i.mscwlns.co/mosaic-wellness/image/upload/v1640175261/Man%20Matters/Indulge%20Chocolate%20New/Product%20Images/Indulge-Energy-Bites_1600X1200.jpg?tr=w-800,1,Indulge Energy Chocolate,FALSE,Indulge Energy Chocolate,,,,,,new,FALSE,,,,,,,g,,,TRUE,399,,active,"energy,sleep",male,"male-18-25,male-25-35,male-35-plus",79,
1x-anti-dandruff-shampoo-1x-conditioner-1x-helmet-spray,1x Anti Dandruff Shampoo + 1x Conditioner + 1x Helmet Spray,"<p>As men age, testosterone levels begin to drop. This can cause a loss of desire & satisfaction. But don’t worry. You're not alone! This ayurvedic testosterone booster made with Gokshura and other herbs</p>",Man Matters,,Hormones,"hormones, Man Matters, hormones",TRUE,Title,Default Title,1x-anti-dandruff-shampoo-1x-conditioner-1x-helmet-spray,0,shopify,100,continue,manual,897,,TRUE,TRUE,https://i.mscwlns.co/mosaic-wellness/image/upload/v1612437866/Man%20Matters/New%20testo%20booster%20render/TEsto/Perform-Testosterone-Booster_1600X1200.jpg?tr=w-800,1,1x Anti Dandruff Shampoo + 1x Conditioner + 1x Helmet Spray,FALSE,1x Anti Dandruff Shampoo + 1x Conditioner + 1x Helmet Spray,,,,,,new,FALSE,,,,,,,g,,,TRUE,897,,active,hair,male,"male-18-25,male-25-35,male-35-plus",70,
1x-tostero-capsules-1x-dapoxetine-tablets,1x TOSTERO Capsules + 1x Dapoxetine Tablets,"<p>A prescription kit to help you perform better, keep you and your partner happy</p>",Man Matters,,Hormones,"hormones, Man Matters, hormones",TRUE,Title,Default Title,1x-tostero-capsules-1x-dapoxetine-tablets,0,shopify,100,continue,manual,799,1037,TRUE,TRUE,https://i.mscwlns.co/mosaic-wellness/image/upload/v1612437907/Man%20Matters/New%20testo%20booster%20render/Testo%20%2B%20dapox/Testo-Booster-_-Dapoxetine_1600X1200.jpg?tr=w-800,1,1x TOSTERO Capsules + 1x Dapoxetine Tablets,FALSE,1x TOSTERO Capsules + 1x Dapoxetine Tablets,,,,,,new,FALSE,,,,,,,g,,,TRUE,799,1037,active,hormones,male,"male-18-25,male-25-35,male-35-plus",70,
ketopower-lotion,Ketopower+ Lotion,<p>Finally there's an effective solution for severe flakes. The power of our product's key anti-fungal ingredient ketoconazole gets magnified in this lotion as contact time between the product & your sca</p>,Man Matters,,Hair,"hair, Man Matters, hair",TRUE,Title,Default Title,ketopower-lotion,0,shopify,100,continue,manual,349,,TRUE,TRUE,https://i.mscwlns.co/media/misc/pdp_rcl/3526713/ketopower%2B%20lotion_47u08q.jpg?tr=w-600,1,Ketopower+ Lotion,FALSE,Ketopower+ Lotion,,,,,,new,FALSE,,,,,,,g,,,TRUE,349,,active,hair,male,"male-18-25,male-25-35,male-35-plus",79,
dandruff-removal-lotion,Dandruff Removal Lotion,"<p>Here’s an effective scalp lotion for flaking that thoroughly treats and prevents flaking from occurring again. Enriched with antibacterial and antifungal agents, Man Matters’ Flakes Lotion helps to so</p>",Man Matters,,Hair,"hair, dandruff, Man Matters, hair",TRUE,Title,Default Title,dandruff-removal-lotion,0,shopify,100,continue,manual,379,398,TRUE,TRUE,https://i.mscwlns.co/media/misc/pdp_rcl/5100216/Dandruff%20removal%20lotion_415fve.jpg?tr=w-600,1,Dandruff Removal Lotion,FALSE,Dandruff Removal Lotion,,,,,,new,FALSE,,,,,,,g,,,TRUE,379,398,active,hair,male,"male-18-25,male-25-35,male-35-plus",78,dandruff
anti-hairfall-kit-1x-shampoo-1x-gummies,Anti Hairfall Kit| 1x Shampoo + 1x Gummies,"<p>A sleep strip that dissolves on your tongue, and naturally signals your brain to sleep. It can be used to regulate your sleep cycle.</p>",Man Matters,,Sleep,"sleep, Man Matters, sleep",TRUE,Title,Default Title,anti-hairfall-kit-1x-shampoo-1x-gummies,0,shopify,100,continue,manual,894,,TRUE,TRUE,https://i.mscwlns.co/mosaic-wellness/image/upload/v1604746834/Man%20Matters/Card%20image%20change/sleep/strips/Relax-Melatonin-Strips_1600X1200.jpg?tr=w-800,1,Anti Hairfall Kit| 1x Shampoo + 1x Gummies,FALSE,Anti Hairfall Kit| 1x Shampoo + 1x Gummies,,,,,,new,FALSE,,,,,,,g,,,TRUE,894,,active,hair,male,"male-18-25,male-25-35,male-35-plus",70,
plant-protein-powder-500-gm,Plant Protein Powder (500 gm),<b>Simple. Clean. Effective.</b></br></br>,,,,,,,,,,,,,,,,,,,,,,,,,,,,,,,,,,,,,,,,,,,"energy,weight","male,female","female-18-25,female-25-35,female-35-plus,male-18-25,male-25-35,male-35-plus",79,"protein supplements,musclegain,gain muscle,low protein,active nutrition"
<b>Pure Plant Protein,with a complete Amino Acid Profile and added digestive enzymes :</b> </br></br>,,,,,,,,,,,,,,,,,,,,,,,,,,,,,,,,,,,,,,,,,,,,,,,,
Thoughtfully designed to deliver clean,reliable,"and ,Man Matters,,Energy,energy",weight,protein supplements,musclegain,gain muscle,low protein,active nutrition,Man Matters,"energy,TRUE,Title,Default Title,plant-protein-powder-500-gm,0,shopify,100,continue,manual,1299,1584,TRUE,TRUE,https://i.mscwlns.co/media/misc/pdp_rcl/6923914/Vegain_da99sw.jpg?tr=w-600,1,Plant Protein Powder (500 gm),FALSE,Plant Protein Powder (500 gm),,,,,,new,FALSE,,,,,,,g,,,TRUE,1299,1584,active",,,,,,,,,,,,,,,,,,,,,,,,,,,,,,,,,,,,,,,
hair-tonic-2-bottles,Hair Tonic | 2 Bottles,"<p>The Advanced Hair Tonic is a revolutionary water-based formula with a 21% concentration of hair growth actives sourced from Europe. <br/>Out of 21% - 8% actives in an enriched base of 3% Procapil, 2% </p>",Man Matters,,Hair,"hair, Man Matters, hair",TRUE,Title,Default Title,hair-tonic-2-bottles,0,shopify,100,continue,manual,1499,1784,TRUE,TRUE,https://i.mscwlns.co/mosaic-wellness/image/upload/v1633515224/Man%20Matters/New%20Pdps/Multipacks/RPB%202/Multipack-of-2-RPB-Tonic-bottles_1600X1200.jpg?tr=w-800,1,Hair Tonic | 2 Bottles,FALSE,Hair Tonic | 2 Bottles,,,,,,new,FALSE,,,,,,,g,,,TRUE,1499,1784,active,hair,male,male-18-25,78,
2-packs-of-hair-360-tablets,2 Packs of Hair 360 Tablets,"<p>Man Matters 360° Hair Tablets for Men is a prescription product that reduces premature greying, boosts hair growth, curbs hair fall and improves hair health. This monthly pack of hair supplements cont</p>",Man Matters,,Hair,"hair, Man Matters, hair",TRUE,Title,Default Title,2-packs-of-hair-360-tablets,0,shopify,100,continue,manual,998,,TRUE,TRUE,https://i.mscwlns.co/mosaic-wellness/image/upload/v1624603017/Man%20Matters/Hair%20360%20tablets/Product%20images/Hair-360-tablets-_1600X1200.jpg?tr=w-800,1,2 Packs of Hair 360 Tablets,FALSE,2 Packs of Hair 360 Tablets,,,,,,new,FALSE,,,,,,,g,,,TRUE,998,,active,hair,male,"male-18-25,male-25-35,male-35-plus",78,
protein-powder-2-deliveries-every-15-days,Protein Powder | 2 deliveries every 15 days,<p>Did you know that 70% of Indians are protein deficient? Fulfill your body's protein requirements with Man Matters VEGAIN Plant Protein Powder. This 100% vegetarian powder gives you 24 grams of protein</p>,Man Matters,,Energy,"energy, weight, Man Matters, energy",TRUE,Title,Default Title,protein-powder-2-deliveries-every-15-days,0,shopify,100,continue,manual,1199,1598,TRUE,TRUE,https://i.mscwlns.co/mosaic-wellness/image/upload/v1659531019/Man%20Matters/Protein%20Powder/DARK_Product%20Images/Vegain-Protein-powder-1600X1200.jpg,1,Protein Powder | 2 deliveries every 15 days,FALSE,Protein Powder | 2 deliveries every 15 days,,,,,,new,FALSE,,,,,,,g,,,TRUE,1199,1598,active,"energy,weight",male,"male-18-25,male-25-35,male-35-plus",79,
protein-powder-3-deliveries-every-15-days,Protein Powder | 3 deliveries every 15 days,,Man Matters,,Energy,"energy, weight, Man Matters, energy",TRUE,Title,Default Title,protein-powder-3-deliveries-every-15-days,0,shopify,100,continue,manual,1099,1592,TRUE,TRUE,https://i.mscwlns.co/mosaic-wellness/image/upload/v1625814510/Man%20Matters/Protein%20Powder/600x600-1.png?tr=w-800,1,Protein Powder | 3 deliveries every 15 days,FALSE,Protein Powder | 3 deliveries every 15 days,,,,,,new,FALSE,,,,,,,g,,,TRUE,1099,1592,active,"energy,weight",male,"male-18-25,male-25-35,male-35-plus",70,
protein-powder-4-deliveries-every-15-days,Protein Powder | 4 deliveries every 15 days,,Man Matters,,Energy,"energy, weight, Man Matters, energy",TRUE,Title,Default Title,protein-powder-4-deliveries-every-15-days,0,shopify,100,continue,manual,999,1585,TRUE,TRUE,https://i.mscwlns.co/mosaic-wellness/image/upload/v1625814510/Man%20Matters/Protein%20Powder/600x600-1.png?tr=w-800,1,Protein Powder | 4 deliveries every 15 days,FALSE,Protein Powder | 4 deliveries every 15 days,,,,,,new,FALSE,,,,,,,g,,,TRUE,999,1585,active,"energy,weight",male,"male-18-25,male-25-35,male-35-plus",78,
beard-growth-kit,1x Beardmax + 1x TOSTERO Capsules,<p>Give your beard a boost with Beard Care Pack. DHT levels (a by-product of testosterone) are a primary reason for beard growth. This duo contains ingredients that boost testosterone levels and stimulat</p>,Man Matters,,Hormones,"hormones, Man Matters, hormones",TRUE,Title,Default Title,beard-growth-kit,0,shopify,100,continue,manual,1149,1384,TRUE,TRUE,https://i.mscwlns.co/mosaic-wellness/image/upload/v1631618018/Man%20Matters/New%20Pdps/Beardmax%20%2B%20Tostero/Tostero-_-Beardmax_1600X1200.jpg?tr=w-800,1,1x Beardmax + 1x TOSTERO Capsules,FALSE,1x Beardmax + 1x TOSTERO Capsules,,,,,,new,FALSE,,,,,,,g,,,TRUE,1149,1384,active,"hair,hormones",male,"male-18-25,male-25-35,male-35-plus",79,
2x-redensyl-grow-hair-tonic,2x Redensyl Grow Hair Tonic,,Man Matters,,Hair,"hair, Man Matters, hair",TRUE,Title,Default Title,2x-redensyl-grow-hair-tonic,0,shopify,100,continue,manual,999,1387,TRUE,TRUE,https://i.mscwlns.co/media/misc/pdp_rcl/13199512/x2_cZGhFm4nZ.png?tr=w-600,1,2x Redensyl Grow Hair Tonic,FALSE,2x Redensyl Grow Hair Tonic,,,,,,new,FALSE,,,,,,,g,,,TRUE,999,1387,active,hair,male,male-18-25,76,
3x-redensyl-grow-hair-tonic,3x Redensyl Grow Hair Tonic,,Man Matters,,Hair,"hair, Man Matters, hair",TRUE,Title,Default Title,3x-redensyl-grow-hair-tonic,0,shopify,100,continue,manual,1249,2081,TRUE,TRUE,https://i.mscwlns.co/media/misc/pdp_rcl/13199610/x33_DRafDJyt4A.png?tr=w-600,1,3x Redensyl Grow Hair Tonic,FALSE,3x Redensyl Grow Hair Tonic,,,,,,new,FALSE,,,,,,,g,,,TRUE,1249,2081,active,hair,male,male-18-25,70,
multivitamin-gummies,Multivitamin Gummies,"<p>🔴Fulfils your nutritional needs <b>with 30 rich ingredients, in the most convenient way!</b></br></br> 💪🏻<b>Improves energy levels and concentration</b> using Multivitamins like Vitamin D and Vitamin </p>",Man Matters,,Energy,"energy, dailysupplements, daily nutrition, vitamins & supplements, Man Matters, energy",TRUE,Title,Default Title,multivitamin-gummies,0,shopify,100,continue,manual,549,596,TRUE,TRUE,https://i.mscwlns.co/media/misc/pdp_rcl/13410495/Multivitamin%20Gummies%20%281%29_fki1eo.png?tr=w-600,1,Multivitamin Gummies,FALSE,Multivitamin Gummies,,,,,,new,FALSE,,,,,,,g,,,TRUE,549,596,active,energy,"male,female","female-18-25,female-25-35,female-35-plus,male-18-25,male-25-35,male-35-plus",80,"dailysupplements,daily nutrition,vitamins & supplements"
beard-activator-kit,Beard Activator Kit,"<b>Uneven beard growth</b> is when you have small beard patches or uneven beard growth, generally around cheek area<br/><br/>",,,,,,,,,,,,,,,,,,,,,,,,,,,,,,,,,,,,,,,,,,,hair,male,male-18-25,82,
This treatment kit contains:<br/>,,,,,,,,,,,,,,,,,,,,,,,,,,,,,,,,,,,,,,,,,,,,,,,,,
"💧<b> 5% Minoxidil (alcohol-free)</b> is,Man Matters,,Hair,hair",Man Matters,"hair,TRUE,Title,Default Title,beard-activator-kit,0,shopify,100,continue,manual,899,1045,TRUE,TRUE,https://i.mscwlns.co/media/misc/pdp_rcl/16755030/118_jtwckt.png?tr=w-600,1,Beard Activator Kit,FALSE,Beard Activator Kit,,,,,,new,FALSE,,,,,,,g,,,TRUE,899,1045,active",,,,,,,,,,,,,,,,,,,,,,,,,,,,,,,,,,,,,,,,,,,,,,,
hair-growth-oil-200ml,Hair Growth Oil (200ml),"<p>Bring your hair back to life with our Hair Growth Oil! <br/>It is enriched with 5 natural essential oils for hair- Bhringraj Oil, Onion Oil, Amla Oil, Shikakai Oil and Brahmi Oil. This hair growth oil</p>",Man Matters,,Hair,"hair, Man Matters, hair",TRUE,Title,Default Title,hair-growth-oil-200ml,0,shopify,100,continue,manual,539,598,TRUE,TRUE,https://i.mscwlns.co/mosaic-wellness/image/upload/v1622631919/Man%20Matters/New%20Hair%20oil%20/Hair%20oil/Hair-Growth-Oil_1600X1200.jpg?tr=w-800,1,Hair Growth Oil (200ml),FALSE,Hair Growth Oil (200ml),,,,,,new,FALSE,,,,,,,g,,,TRUE,539,598,active,hair,male,"male-18-25,male-25-35,male-35-plus",79,
relax-sleep-gummies,Relax Sleep Gummies,"<p>Is your night never good because of your irregular sleep cycle? Man Matters Sleep Gummies is here to make this dream come true! A non-habit forming formula that helps induce, regulate and improve your</p>",Man Matters,,Sleep,"sleep, Man Matters, sleep",TRUE,Title,Default Title,relax-sleep-gummies,0,shopify,100,continue,manual,499,,TRUE,TRUE,https://i.mscwlns.co/mosaic-wellness/image/upload/v1634812319/Man%20Matters/Relax%20Sleep%20Gummies/Product%20Images/Sleep-Gummies_1600X1200.jpg?tr=w-800,1,Relax Sleep Gummies,FALSE,Relax Sleep Gummies,,,,,,new,FALSE,,,,,,,g,,,TRUE,499,,active,sleep,male,"male-18-25,male-25-35,male-35-plus",78,
advanced-hair-oil,Advanced Hair Oil,<p>Give your hair the goodness of both Science and Ayurveda with Advanced Hair Oil. India's first-ever oil formula with 1% Redensyl - a clinically proven ingredient that activates stem cells and regenera</p>,Man Matters,,Hair,"hair, Man Matters, hair",TRUE,Title,Default Title,advanced-hair-oil,0,shopify,100,continue,manual,499,548,TRUE,TRUE,https://i.mscwlns.co/mosaic-wellness/image/upload/v1635321873/Man%20Matters/Advanced%20Hair%20Oil/Product%20images/Advanced-Hair-Oil_1600X1200.jpg?tr=w-800,1,Advanced Hair Oil,FALSE,Advanced Hair Oil,,,,,,new,FALSE,,,,,,,g,,,TRUE,499,548,active,hair,male,"male-18-25,male-25-35,male-35-plus",79,
scalp-massager-1n,Scalp Massager (1N),"<p>Add a mix of hair-care and luxury to your routine with Man Matters Scalp Massager. It is a perfect addition to your hair care routine. Designed to fit perfectly in your hand, this brush with Medical G</p>",Man Matters,,Hair,"hair, hair thinning, hair fall, Man Matters, hair",TRUE,Title,Default Title,scalp-massager-1n,0,shopify,100,continue,manual,299,498,TRUE,TRUE,https://i.mscwlns.co/media/misc/pdp_rcl/17036119/Scalp%20Massager_c7amwz.png?tr=w-600,1,Scalp Massager (1N),FALSE,Scalp Massager (1N),,,,,,new,FALSE,,,,,,,g,,,TRUE,299,498,active,hair,male,"male-18-25,male-25-35",77,"hair thinning,hair fall"
complete-endurance-kit-1x-endure-spray-1x-tostero-capsules,Complete Endurance Kit| 1x Endure Spray + 1x Tostero Capsules,<b>🚀 Man Matters Complete Endurance Kit Highlights:</b></br></br>,,,,,,,,,,,,,,,,,,,,,,,,,,,,,,,,,,,,,,,,,,,hormones,male,"male-18-25,male-25-35,male-35-plus",78,
<b>Tostero Capsules:</b></br>,,,,,,,,,,,,,,,,,,,,,,,,,,,,,,,,,,,,,,,,,,,,,,,,,
- Boosts energy and stamina naturally.</br>,,,,,,,,,,,,,,,,,,,,,,,,,,,,,,,,,,,,,,,,,,,,,,,,,
- Enhances overall well-being.</br>,,,,,,,,,,,,,,,,,,,,,,,,,,,,,,,,,,,,,,,,,,,,,,,,,
"- Say goodbye to fatig,Man Matters,,Hormones,hormones",Man Matters,"hormones,TRUE,Title,Default Title,complete-endurance-kit-1x-endure-spray-1x-tostero-capsules,0,shopify,100,continue,manual,898,1282,TRUE,TRUE,https://i.mscwlns.co/mosaic-wellness/image/upload/v1640342314/Man%20Matters/New%20Pdps/Endure%20%2B%20tostero/2.1.jpg?tr=w-800,1,Complete Endurance Kit| 1x Endure Spray + 1x Tostero Capsules,FALSE,Complete Endurance Kit| 1x Endure Spray + 1x Tostero Capsules,,,,,,new,FALSE,,,,,,,g,,,TRUE,898,1282,active",,,,,,,,,,,,,,,,,,,,,,,,,,,,,,,,,,,,,,,,,,,,,,,
performance-booster-kit,Performance Booster Kit,<p>Give yourself the power of performance with our best selling products. Man Matters Performance Booster Kit is a mix of tasty chocolate which helps boost testosterone and strawberry flavoured lube for </p>,Man Matters,,Sleep,"sleep, Man Matters, sleep",TRUE,Title,Default Title,performance-booster-kit,0,shopify,100,continue,manual,999,1135,TRUE,TRUE,https://i.mscwlns.co/mosaic-wellness/image/upload/v1654859928/Man%20Matters/New%20Pdps/Lube%20%2B%20Choc%20Energy%20Bites/Intimate-Lube-_-Indulge-Chocolate_1200X1600.jpg?tr=w-800,1,Performance Booster Kit,FALSE,Performance Booster Kit,,,,,,new,FALSE,,,,,,,g,,,TRUE,999,1135,active,sleep,male,"male-18-25,male-25-35,male-35-plus",80,
whey-protein,Whey Protein,<p>Did you know that 70% of Indians are protein deficient? Fulfill your body's protein requirements with Man Matters VEGAIN Plant Protein Powder. This 100% vegetarian powder gives you 24 grams of protein</p>,Man Matters,,Energy,"energy, weight, Man Matters, energy",TRUE,Title,Default Title,whey-protein,0,shopify,100,continue,manual,999,1491,TRUE,TRUE,https://i.mscwlns.co/media/misc/pdp/26166740/Whey-Protein-Powder_600X600__mB6ULq4bQ.png?tr=w-600,1,Whey Protein,FALSE,Whey Protein,,,,,,new,FALSE,,,,,,,g,,,TRUE,999,1491,active,"energy,weight","male,female","female-18-25,female-25-35,female-35-plus,male-18-25,male-25-35,male-35-plus",80,
pre-workout-gummies-60n,Pre Workout Gummies,<p>☕<b>Espresso Coffee flavoured</b>Beginner Friendly Pre Workout Gummies <br/><br/>☕ <b>80mg of 100% natural caffeine </b> which gives explosive energy without any side effects.<br/><br/>☕<b>L-carnitine</p>,Man Matters,,Energy,"energy, weight, musclegain, Man Matters, energy",TRUE,Title,Default Title,pre-workout-gummies-60n,0,shopify,100,continue,manual,675,888,TRUE,TRUE,https://i.mscwlns.co/media/misc/pdp/26166758/CR_1600_1600x1200_HN8zyHLxw.jpg?tr=w-600,1,Pre Workout Gummies,FALSE,Pre Workout Gummies,,,,,,new,FALSE,,,,,,,g,,,TRUE,675,888,active,"energy,weight","male,female","female-18-25,female-25-35,female-35-plus,male-18-25,male-25-35,male-35-plus",78,musclegain
pre-workout-gummies-120n,Pre Workout Gummies (120N),<p>► Safe Beginner Friendly Pre Workout <br/><br/>► <b>80 mg of 100% natural caffeine</b> which gives explosive energy without any side effects.<br/><br/>►<b>L-carnitine and L-tartrate</b> in these gummi</p>,Man Matters,,Energy,"energy, weight, Man Matters, energy",TRUE,Title,Default Title,pre-workout-gummies-120n,0,shopify,100,continue,manual,1080,1384,TRUE,TRUE,https://i.mscwlns.co/media/misc/pdp/26166759/CR_1693_1600x1200---3__1__Cj_88wr2Y.jpg?tr=w-600,1,Pre Workout Gummies (120N),FALSE,Pre Workout Gummies (120N),,,,,,new,FALSE,,,,,,,g,,,TRUE,1080,1384,active,"energy,weight","male,female","female-18-25,female-25-35,female-35-plus,male-18-25,male-25-35,male-35-plus",80,
pre-workout-plant-protein,Pre workout & Plant protein,"<p>👀 If you are looking for a perfect pre and post-workout routine, <b>Man Matters Gym Essentials</b>💪 is the perfect kit for you! </br></br> 🏋️‍♀️Packed with gym-goers' most essential products, this kit</p>",Man Matters,,Energy,"energy, weight, Man Matters, energy",TRUE,Title,Default Title,pre-workout-plant-protein,0,shopify,100,continue,manual,1898,2085,TRUE,TRUE,https://i.mscwlns.co/media/misc/pdp/F26166761/CR_1693_1600x1200---5_yYCHOTnCQ.jpg?tr=w-600,1,Pre workout & Plant protein,FALSE,Pre workout & Plant protein,,,,,,new,FALSE,,,,,,,g,,,TRUE,1898,2085,active,"energy,weight","male,female","female-18-25,female-25-35,female-35-plus,male-18-25,male-25-35,male-35-plus",78,
strength-gain-combo,Strength Gain Combo,<p>► Safe Beginner Friendly Pre Workout <br/><br/>► <b>80 mg of 100% natural caffeine</b> which gives explosive energy without any side effects.<br/><br/>►<b>L-carnitine and L-tartrate</b> in these gummi</p>,Man Matters,,Hormones,"hormones, Man Matters, hormones",TRUE,Title,Default Title,strength-gain-combo,0,shopify,100,continue,manual,2337,2996,TRUE,TRUE,https://i.mscwlns.co/media/misc/pdp/26166763/CR_1693_1600x1200---2_CZ-xAp3-B.jpg?tr=w-600,1,Strength Gain Combo,FALSE,Strength Gain Combo,,,,,,new,FALSE,,,,,,,g,,,TRUE,2337,2996,active,hormones,male,"male-18-25,male-25-35,male-35-plus",78,
free-hair-travel-kit,Hair Trial Pack,<b>Anti Hair Fall Shampoo (20ml) </b>is a 2-in-1 DHT blocker shampoo helps reduce hair fall and strengthen hair follicles. This hair fall shampoo for men helps clean your scalp and treat your hair wit,Man Matters,,Hair,"hair, Man Matters, hair",TRUE,Title,Default Title,free-hair-travel-kit,0,shopify,100,continue,manual,238,,TRUE,TRUE,https://i.mscwlns.co/media/misc/pdp_rcl/26166787/Untitled-1_apwilq.png?tr=w-600,1,Hair Trial Pack,FALSE,Hair Trial Pack,,,,,,new,FALSE,,,,,,,g,,,TRUE,238,,active,hair,male,"male-18-25,male-25-35,male-35-plus",70,
specialized-hair-growth-plan-6-months,Specialized hair growth plan (6 months),<p>Give a boost to your beard growth with Beard Development Kit which consists of science-based beard solution - <br/> <b>BeardMax 5% Minoxidil (30ml) & Beard Gummies (30N) </b> <br/> <br/>A mix of nutri</p>,Man Matters,,Weight,"weight, Man Matters, weight",TRUE,Title,Default Title,specialized-hair-growth-plan-6-months,0,shopify,100,continue,manual,4799,9409,TRUE,TRUE,https://i.mscwlns.co/media/misc/pdp_rcl/26166839/Artboard_3_cf4LSYRrL.png?tr=w-600,1,Specialized hair growth plan (6 months),FALSE,Specialized hair growth plan (6 months),,,,,,new,FALSE,,,,,,,g,,,TRUE,4799,9409,active,hair,male,"male-18-25,male-25-35,male-35-plus",80,
advanced-hair-growth-plan-3-months,Advanced hair growth plan (3 months),<p>Give a boost to your beard growth with Beard Development Kit which consists of science-based beard solution - <br/> <b>BeardMax 5% Minoxidil (30ml) & Beard Gummies (30N) </b> <br/> <br/>A mix of nutri</p>,Man Matters,,Weight,"weight, Man Matters, weight",TRUE,Title,Default Title,advanced-hair-growth-plan-3-months,0,shopify,100,continue,manual,3099,4767,TRUE,TRUE,https://i.mscwlns.co/media/misc/pdp_rcl/26166841/Artboard_3_cp7xs_1T0.png?tr=w-600,1,Advanced hair growth plan (3 months),FALSE,Advanced hair growth plan (3 months),,,,,,new,FALSE,,,,,,,g,,,TRUE,3099,4767,active,hair,male,"male-18-25,male-25-35,male-35-plus",80,
personalized-hair-growth-plan-3-months,Personalized hair growth plan ( 3 months),<p>Give a boost to your beard growth with Beard Development Kit which consists of science-based beard solution - <br/> <b>BeardMax 5% Minoxidil (30ml) & Beard Gummies (30N) </b> <br/> <br/>A mix of nutri</p>,Man Matters,,Weight,"weight, Man Matters, weight",TRUE,Title,Default Title,personalized-hair-growth-plan-3-months,0,shopify,100,continue,manual,3599,5536,TRUE,TRUE,https://i.mscwlns.co/media/misc/treatment/hair/Artboard_2__1__2mJPpLZx8.png?tr=w-600,1,Personalized hair growth plan ( 3 months),FALSE,Personalized hair growth plan ( 3 months),,,,,,new,FALSE,,,,,,,g,,,TRUE,3599,5536,active,hair,male,"male-18-25,male-25-35,male-35-plus",80,
beardgro-tonic-2-month-pack,BeardGro Tonic (2 Month Pack),<p>Want to get a denser beard? This beard growth tonic has a 15.5% concentration of scientifically proven actives like Aminexil and Tripeptides that promote beard growth by stimulating facial hair follic</p>,Man Matters,,Hormones,"hormones, Man Matters, hormones",TRUE,Title,Default Title,beardgro-tonic-2-month-pack,0,shopify,100,continue,manual,699,984,TRUE,TRUE,https://i.mscwlns.co/media/misc/pdp_rcl/26166855/Untitled__1600___1200_px___3__LdTc3FrV6.png?tr=w-600,1,BeardGro Tonic (2 Month Pack),FALSE,BeardGro Tonic (2 Month Pack),,,,,,new,FALSE,,,,,,,g,,,TRUE,699,984,active,"hair,hormones",male,male-18-25,79,
beardgro-stimulator-kit-1-month-pack,BeardGro Stimulator Kit (1 Month Pack),<p>Want to get a denser beard? This beard growth tonic has a 15.5% concentration of scientifically proven actives like Aminexil and Tripeptides that promote beard growth by stimulating facial hair follic</p>,Man Matters,,Hormones,"hormones, Man Matters, hormones",TRUE,Title,Default Title,beardgro-stimulator-kit-1-month-pack,0,shopify,100,continue,manual,699,896,TRUE,TRUE,https://i.mscwlns.co/media/misc/pdp_rcl/26166857/Untitled__1600___1200_px___3__oUYdUlVZa.png?tr=w-600,1,BeardGro Stimulator Kit (1 Month Pack),FALSE,BeardGro Stimulator Kit (1 Month Pack),,,,,,new,FALSE,,,,,,,g,,,TRUE,699,896,active,"hair,hormones",male,male-18-25,79,
multivitamin-gummies-mm,Multivitamin (No Sugar) + Tostero Capsules,<p>💪🏻<b>This kit Improves energy levels and concentration</b> using Multivitamins like Vitamin D and Vitamin B12 and Tostero Shilajit Capsules contain a blend of 20 Ayurvedic herbs like Himalayan Shilaji</p>,Man Matters,,Energy,"energy, hormones, Man Matters, energy",TRUE,Title,Default Title,multivitamin-gummies-mm,0,shopify,100,continue,manual,1198,1597,TRUE,TRUE,https://i.mscwlns.co/media/misc/pdp_rcl/26167010/Untitled%20design%20%284%29_led43a.png?tr=w-600,1,Multivitamin (No Sugar) + Tostero Capsules,FALSE,Multivitamin (No Sugar) + Tostero Capsules,,,,,,new,FALSE,,,,,,,g,,,TRUE,1198,1597,active,"energy,hormones","male,female","female-18-25,female-25-35,female-35-plus,male-18-25,male-25-35,male-35-plus",70,
plant-protein-powder-500-gm-mm,Plant Protein + Preworkout gummies+ Multivitamin gummies,<p>🌟 Get your protein fix with <b>24g of pure plant power</b> in each serving! 🌿</br></br>,,,,,,,,,,,,,,,,,,,,,,,,,,,,,,,,,,,,,,,,,,,"energy,weight","male,female","female-18-25,female-25-35,female-35-plus,male-18-25,male-25-35,male-35-plus",79,
"💥<b>Supercharge your workouts</b> with 80mg of 100% natural caffeine which gives explosive energy without any j</p>,Man Matters,,Energy,energy",weight,Man Matters,"energy,TRUE,Title,Default Title,plant-protein-powder-500-gm-mm,0,shopify,100,continue,manual,2549,2770,TRUE,TRUE,https://i.mscwlns.co/media/misc/pdp_rcl/6923914/CR_1600_1600x1200_HN8zyHLxw__1__Si8FGAjV6.jpg?tr=w-600,1,Plant Protein + Preworkout gummies+ Multivitamin gummies,FALSE,Plant Protein + Preworkout gummies+ Multivitamin gummies,,,,,,new,FALSE,,,,,,,g,,,TRUE,2549,2770,active",,,,,,,,,,,,,,,,,,,,,,,,,,,,,,,,,,,,,,,,,,,,,,
daily-heath-booster-mm,Daily Health Booster,"<p>🌱<b>Key Ingredients:</b> <b>Daily Health Booster</b> is a unique blend of Ayurvedic ingredients, including <b>Hingwashtak churna</b> and <b>Laghu sutshekhar ras</b>, known for their digestive benefits</p>",Man Matters,,Energy,"energy, weight, dailysupplements, Man Matters, energy",TRUE,Title,Default Title,daily-heath-booster-mm,0,shopify,100,continue,manual,300,,TRUE,TRUE,https://i.mscwlns.co/media/misc/pdp_rcl/2024127/Daily%20health%20booster_1ghdzj.jpg?tr=w-600,1,Daily Health Booster,FALSE,Daily Health Booster,,,,,,new,FALSE,,,,,,,g,,,TRUE,300,,active,"energy,weight",male,"male-18-25,male-25-35,male-35-plus",70,dailysupplements
acne-spot-correction,2% Salicylic Acid Gel,"<br/>2% Salicylic Acid Gel for Acne with 1% Glycolic Acid & 4% Niacinamide<br/><br/><b>Reduces Pimples/Acne & Inflammation (Redness):</b> The Salicylic Acid in this gel fights acne-causing bacteria, d",Be Bodywise,,Skin,"skin, acne, Be Bodywise, skin",TRUE,Title,Default Title,acne-spot-correction,0,shopify,100,continue,manual,499,,TRUE,TRUE,https://i.mscwlns.co/mosaic-wellness/image/upload/v1648210350/staging/products/acne-spot-correction/0_2SAG/CAROUSEL/0_2.png?tr=w-800,1,2% Salicylic Acid Gel,FALSE,2% Salicylic Acid Gel,,,,,,new,FALSE,,,,,,,g,,,TRUE,499,,active,skin,female,"female-18-25,female-25-35,female-35-plus",82,acne
skin-health-gummies,Skin Health Gummies (30),"<p>No more fishy-after taste! Say hello to India’s first Vegan Collagen Builder Gummies✨<br/><br/>Be Bodywise Collagen Gummies contain 115 mg of Collagen Boosting Blend with Sea Buckthorn, Curcumin Extra</p>",Be Bodywise,,Skin,"skin, collagen, gummies, skin, Be Bodywise, skin",TRUE,Title,Default Title,skin-health-gummies,0,shopify,100,continue,manual,499,594,TRUE,TRUE,https://i.mscwlns.co/media/misc/others/AppThumbnail_Collagen30_a08cuw.jpg?tr=w-600,1,Skin Health Gummies (30),FALSE,Skin Health Gummies (30),,,,,,new,FALSE,,,,,,,g,,,TRUE,499,594,active,skin,female,"female-18-25,female-25-35,female-35-plus",78,"collagen,gummies,skin"
hair-fall-control-shampoo,Keratin Shampoo for Hair Fall,"<br/>Be Bodywise shampoo is enriched with keratin, biotin, caffeine & other nutrients, carefully developed to make your hair stronger, healthier & hair fall resistant<br/><br/><b>▶ Cleanses scalp by r",Be Bodywise,,Hair,"hair, keratin, shampoo, biotin, hairfall, Be Bodywise, hair",TRUE,Title,Default Title,hair-fall-control-shampoo,0,shopify,100,continue,manual,499,,TRUE,TRUE,https://i.mscwlns.co/media/misc/others/AppThumbnail_KerShampoo_kfz6tt.jpg?tr=w-600,1,Keratin Shampoo for Hair Fall,FALSE,Keratin Shampoo for Hair Fall,,,,,,new,FALSE,,,,,,,g,,,TRUE,499,,active,hair,female,"female-18-25,female-25-35,female-35-plus",79,"keratin,shampoo,biotin,hairfall"
hair-growth-serum-roll-on-keratin-shampoo,Hair Frizz Control and  Growth Kit,"<b>For women facing thinning hair, frizz and dry strands.<br/><br/> A complete solution for hair thinning also means addressing external damage like frizz, dryness, and rough texture along with scalp",Be Bodywise,,Hair,"hair, Be Bodywise, hair",TRUE,Title,Default Title,hair-growth-serum-roll-on-keratin-shampoo,0,shopify,100,continue,manual,1049,1092,TRUE,TRUE,https://i.mscwlns.co/media/misc/pdp_rcl/hair-growth-serum-roll-on-keratin-shampoo/1%20%289%29_94jphc.jpg?tr=w-600,1,Hair Frizz Control and  Growth Kit,FALSE,Hair Frizz Control and  Growth Kit,,,,,,new,FALSE,,,,,,,g,,,TRUE,1049,1092,active,hair,female,"female-18-25,female-25-35,female-35-plus",70,
skin-clarifying,10% Niacinamide Serum,"<br/>Clinically Tested Niacinamide Serum in India<br/><br/><b>Fades Acne Marks and dark spots: </b>10% Niacinamide breaks down excess melanin to minimise the appearance of acne marks, blemishes, dark",Be Bodywise,,Skin,"skin, wrinkles, Be Bodywise, skin",TRUE,Title,Default Title,skin-clarifying,0,shopify,100,continue,manual,599,,TRUE,TRUE,https://i.mscwlns.co/media/misc/pdp_rcl/skin-clarifying/Copy%20of%20For%20%281%29_49zo6l.png?tr=w-600,1,10% Niacinamide Serum,FALSE,10% Niacinamide Serum,,,,,,new,FALSE,,,,,,,g,,,TRUE,599,,active,skin,female,"female-18-25,female-25-35,female-35-plus",81,wrinkles
hair-strengthening-serum,Hair Strengthening Serum,"<br/><b>💆🏻‍♀️Reduces frizz</b>: Argan oil, rich in Vitamin E and Oleic acid helps with frizz control and moisturization<br/><br/><b>🌟Damage protection</b>: Sunflower oil, rich in GLA (Gamma linolenic",Be Bodywise,,Hair,"hair, argan oil, olive oil, serum, straight, wavy, curly, Be Bodywise, hair",TRUE,Title,Default Title,hair-strengthening-serum,0,shopify,100,continue,manual,499,,TRUE,TRUE,https://i.mscwlns.co/media/misc/others/AppThumbnail_HairStrenghteningSerum_100ml_3nh8dn.jpg?tr=w-600,1,Hair Strengthening Serum,FALSE,Hair Strengthening Serum,,,,,,new,FALSE,,,,,,,g,,,TRUE,499,,active,hair,female,"female-18-25,female-25-35,female-35-plus",79,"argan oil,olive oil,serum,straight,wavy,curly"
skin-health-gummies-pack-2,HA & Vitamin C Skin Gummies-2M Pack,"<p>No more fishy-after taste! Say hello to India’s first Vegan Collagen Builder Gummies✨<br/><br/>Be Bodywise Collagen Gummies contain 115 mg of Collagen Boosting Blend with Sea Buckthorn, Curcumin Extra</p>",Be Bodywise,,Skin,"skin, Be Bodywise, skin",TRUE,Title,Default Title,skin-health-gummies-pack-2,0,shopify,100,continue,manual,1099,1194,TRUE,TRUE,https://i.mscwlns.co/media/misc/pdp_rcl/skin-health-gummies-pack-2/2%20%287%29_4ioec4.jpg?tr=w-600,1,HA & Vitamin C Skin Gummies-2M Pack,FALSE,HA & Vitamin C Skin Gummies-2M Pack,,,,,,new,FALSE,,,,,,,g,,,TRUE,1099,1194,active,skin,female,"female-18-25,female-25-35,female-35-plus",78,
salicylic-acid-face-wash,Salicylic Acid Face Wash,<br/>1% Salicylic Acid Face Wash (Foam-Based) with Glycolic Acid (AHA BHA)<br/><br/><b>Reduces Acne:</b> This 1% Salicylic Acid Face Wash (Foam-Based) with Glycolic Acid is the first step in a routine,Be Bodywise,,Skin,"skin, acne prevention and oil control, active acne treatment/control, acne and marks reduction, blackheads reduction, dullness and pigmentation, fine lines and wrinkles, Be Bodywise, skin",TRUE,Title,Default Title,salicylic-acid-face-wash,0,shopify,100,continue,manual,349,,TRUE,TRUE,https://i.mscwlns.co/media/misc/pdp/salicylic-acid-face-wash/1SAFW_UBHYBP7yM.png?tr=w-600,1,Salicylic Acid Face Wash,FALSE,Salicylic Acid Face Wash,,,,,,new,FALSE,,,,,,,g,,,TRUE,349,,active,skin,female,"female-18-25,female-25-35,female-35-plus",79,"acne prevention and oil control,active acne treatment/control,acne and marks reduction,blackheads reduction,dullness and pigmentation,fine lines and wrinkles"
skin-health-gummies-pack-3,HA & Vitamin C Skin Gummies-3M Pack,"<p>No more fishy-after taste! Say hello to India’s first Vegan Collagen Builder Gummies✨<br/><br/>Be Bodywise Collagen Gummies contain 115 mg of Collagen Boosting Blend with Sea Buckthorn, Curcumin Extra</p>",Be Bodywise,,Skin,"skin, kit of 3, gummies, kit, collagen, Be Bodywise, skin",TRUE,Title,Default Title,skin-health-gummies-pack-3,0,shopify,100,continue,manual,1499,1784,TRUE,TRUE,https://i.mscwlns.co/media/misc/others/AppThumbnail_Collagen30_3x_8rxk0x.jpg?tr=w-600,1,HA & Vitamin C Skin Gummies-3M Pack,FALSE,HA & Vitamin C Skin Gummies-3M Pack,,,,,,new,FALSE,,,,,,,g,,,TRUE,1499,1784,active,skin,female,"female-18-25,female-25-35,female-35-plus",78,"kit of 3,gummies,kit,collagen"
active-assist-edition,Active Assist Edition,"<br/><b>Improves metabolism & controls excess appetite</b>: Apple Cider Vinegar leaves you feeling fuller for longer, preventing you from overeating. ACV not only helps in increasing metabolism but re",Be Bodywise,,Weight,"weight, endomorph(slow metabolism), bloating, digestion / gut health, low metabolism, excess appetite, low energy, Be Bodywise, weight",TRUE,Title,Default Title,active-assist-edition,0,shopify,100,continue,manual,899,946,TRUE,TRUE,https://i.mscwlns.co/mosaic-wellness/image/upload/v1619356098/staging/products/buying-options/Active%20assist%20edition/New%20Carousel/Active_Assist_Edition.jpg?tr=w-800,1,Active Assist Edition,FALSE,Active Assist Edition,,,,,,new,FALSE,,,,,,,g,,,TRUE,899,946,active,weight,female,"female-18-25,female-25-35,female-35-plus",70,"endomorph(slow metabolism),bloating,digestion / gut health,low metabolism,excess appetite,low energy"
active-assist-acv-gummies-pack-3,Apple Cider Vinegar Gummies-3M Pack,<br/><b>Helps Reduce Weight</b>: Apple Cider Vinegar helps improve metabolism & control excess appetite to help reduce weight with consistent usage. Consuming a gummy daily leaves you feeling fuller f,Be Bodywise,,Weight,"weight, Be Bodywise, weight",TRUE,Title,Default Title,active-assist-acv-gummies-pack-3,0,shopify,100,continue,manual,1499,1784,TRUE,TRUE,https://i.mscwlns.co/mosaic-wellness/image/upload/v1640076386/staging/products/active-assist-acv-gummies/0_ACV/Pack%20of%203/1.jpg?tr=w-800,1,Apple Cider Vinegar Gummies-3M Pack,FALSE,Apple Cider Vinegar Gummies-3M Pack,,,,,,new,FALSE,,,,,,,g,,,TRUE,1499,1784,active,weight,female,"female-18-25,female-25-35,female-35-plus",79,
hair-growth-oil,Hair Growth Oil,"<b>For best results use for 3 months<b><br/><b>Induces hair growth</b>: Nutrients present in hair growth oil maintain the regular pH of the hair. It is a great source of biotin (hair growth vitamin),",Be Bodywise,,Hair,"hair, straight, wavy, curly, coloured, chemically treated, tangled hair, Be Bodywise, hair",TRUE,Title,Default Title,hair-growth-oil,0,shopify,100,continue,manual,449,,TRUE,TRUE,https://i.mscwlns.co/mosaic-wellness/image/upload/v1611808250/staging/products/hair-nourish/carousel/Hair-Oil.png?tr=w-400,1,Hair Growth Oil,FALSE,Hair Growth Oil,,,,,,new,FALSE,,,,,,,g,,,TRUE,449,,active,hair,female,"female-18-25,female-25-35,female-35-plus",79,"straight,wavy,curly,coloured,chemically treated,tangled hair"
onion-hair-oil,Onion Hair Oil,"<b>For best results use for 3 months<b><br/><b>Induces hair growth</b>: Nutrients present in onion oil maintain the regular pH of the hair. It is a great source of biotin (hair growth vitamin), flavon",Be Bodywise,,Hair,"hair, Be Bodywise, hair",TRUE,Title,Default Title,onion-hair-oil,0,shopify,100,continue,manual,449,,TRUE,TRUE,https://i.mscwlns.co/mosaic-wellness/image/upload/v1611808250/staging/products/hair-nourish/carousel/Hair-Oil.png?tr=w-400,1,Onion Hair Oil,FALSE,Onion Hair Oil,,,,,,new,FALSE,,,,,,,g,,,TRUE,449,,active,hair,female,"female-18-25,female-25-35,female-35-plus",79,
retinol-cream,Retinol Cream,"<p>For best results, use for 2 months.<br/><br/><b>Treats Hyperpigmentation</b>: 1% Liposomal Retinol  & 3% Niacinamide are clinically proven to reduce hyperpigmentation, scars and darks spots. This crea</p>",Be Bodywise,,Skin,"skin, Be Bodywise, skin",TRUE,Title,Default Title,retinol-cream,0,shopify,100,continue,manual,599,,TRUE,TRUE,https://i.mscwlns.co/mosaic-wellness/image/upload/v1613663083/staging/products/skin-regenerate-night/New%20Carousel/new_BW_night_cream_pdp.jpg?tr=w-800,1,Retinol Cream,FALSE,Retinol Cream,,,,,,new,FALSE,,,,,,,g,,,TRUE,599,,active,skin,female,"female-18-25,female-25-35,female-35-plus",79,
vegan-plant-protein-powder-women,Vegan Plant Protein Powder + Shaker,<br/>Vegan Plant Protein Powder for Women<br/><br/><b>What Makes This Protein Powder for Women So Good?</b><br/><br/><b>Helps in Muscle Toning & Curbs Hunger Pangs</b><br/> Proteins are the <b>buildin,Be Bodywise,,Energy,"energy, weight, endomorph (slow metabolism), digestion / gut health, nutrition, muscle toning, Be Bodywise, energy",TRUE,Title,Default Title,vegan-plant-protein-powder-women,0,shopify,100,continue,manual,1599,1974,TRUE,TRUE,https://i.mscwlns.co/mosaic-wellness/image/upload/v1626765614/staging/products/Protein/1000x750.jpg?tr=w-800,1,Vegan Plant Protein Powder + Shaker,FALSE,Vegan Plant Protein Powder + Shaker,,,,,,new,FALSE,,,,,,,g,,,TRUE,1599,1974,active,"energy,weight",female,"female-18-25,female-25-35,female-35-plus",79,"endomorph (slow metabolism),digestion / gut health,nutrition,muscle toning"
pcos-balance-capsule-pack-2,Ayurvedic PCOS Tablets - Pack of 2,"<br/>Be Bodywise PCOS tablets contains a potent blend of 18 ayurvedic herbs including shatavari, a well known & proven ingredient for managing PCOS symptoms<br/><br/><b>▶ Regulates period cycle </b><b",Be Bodywise,,Hormones,"hormones, Be Bodywise, hormones",TRUE,Title,Default Title,pcos-balance-capsule-pack-2,0,shopify,100,continue,manual,999,1189,TRUE,TRUE,https://i.mscwlns.co/mosaic-wellness/image/upload/v1630665504/staging/products/PCOS%20Balance%20Capsule/Pack%20of%202%20New/PCOS-Capsules-Pack-of-2_1000X750.jpg?tr=w-800,1,Ayurvedic PCOS Tablets - Pack of 2,FALSE,Ayurvedic PCOS Tablets - Pack of 2,,,,,,new,FALSE,,,,,,,g,,,TRUE,999,1189,active,hormones,female,"female-18-25,female-25-35,female-35-plus",79,
active-assist-acv-gummies-2pack-2m,Active Assist Gummies (60 pack) - Subscription 2M,<br/><b>Helps Reduce Weight</b>: Apple Cider Vinegar helps improve metabolism & control excess appetite to help reduce weight with consistent usage. Consuming a gummy daily leaves you feeling fuller f,Be Bodywise,,Weight,"weight, Be Bodywise, weight",TRUE,Title,Default Title,active-assist-acv-gummies-2pack-2m,0,shopify,100,continue,manual,1799,2367,TRUE,TRUE,https://i.mscwlns.co/mosaic-wellness/image/upload/v1630915266/staging/products/active-assist-acv-gummies/Cylindrical%20Pack%20%2860%29/1-1000x750.jpg?tr=w-800,1,Active Assist Gummies (60 pack) - Subscription 2M,FALSE,Active Assist Gummies (60 pack) - Subscription 2M,,,,,,new,FALSE,,,,,,,g,,,TRUE,1799,2367,active,weight,female,"female-18-25,female-25-35,female-35-plus",70,
pcos-balance-capsule-4m-subscription,PCOS Balance Capsules - 4M subscription,"<br/>Shatavari enriched 100% Herbal PCOS Medicine for Irregular Periods<br/><br/>This PCOS medicine is a potent blend of 18 ayurvedic herbs for PCOS and irregular periods treatment, aimed at balancing",Be Bodywise,,Hormones,"hormones, Be Bodywise, hormones",TRUE,Title,Default Title,pcos-balance-capsule-4m-subscription,0,shopify,100,continue,manual,1915,2393,TRUE,TRUE,https://i.mscwlns.co/mosaic-wellness/image/upload/v1629302450/staging/products/PCOS%20Balance%20Capsule/Carousel/Updated/PCOS-Balance-Capsule-Carousel-IMG_NEW.jpg?tr=w-800,1,PCOS Balance Capsules - 4M subscription,FALSE,PCOS Balance Capsules - 4M subscription,,,,,,new,FALSE,,,,,,,g,,,TRUE,1915,2393,active,hormones,female,"female-18-25,female-25-35,female-35-plus",70,
pcos-balance-capsule-6m-subscription,PCOS Balance Capsules - 6M subscription,"<br/>Shatavari enriched 100% Herbal PCOS Medicine for Irregular Periods<br/><br/>This PCOS medicine is a potent blend of 18 ayurvedic herbs for PCOS and irregular periods treatment, aimed at balancing",Be Bodywise,,Hormones,"hormones, Be Bodywise, hormones",TRUE,Title,Default Title,pcos-balance-capsule-6m-subscription,0,shopify,100,continue,manual,2695,3593,TRUE,TRUE,https://i.mscwlns.co/mosaic-wellness/image/upload/v1629302450/staging/products/PCOS%20Balance%20Capsule/Carousel/Updated/PCOS-Balance-Capsule-Carousel-IMG_NEW.jpg?tr=w-800,1,PCOS Balance Capsules - 6M subscription,FALSE,PCOS Balance Capsules - 6M subscription,,,,,,new,FALSE,,,,,,,g,,,TRUE,2695,3593,active,hormones,female,"female-18-25,female-25-35,female-35-plus",70,
pcos-drink-super-food-3d-subscription,PCOS Superfood - 3D Subscription,"<br/>PCOS Superfood: Vegan PCOS Drink<br/><br/><b>Improves insulin tolerance:</b> High resistance is one of the most significant and common reasons for PCOS. Bodywise, PCOS Superfood has a blend of My",Be Bodywise,,Hormones,"hormones, Be Bodywise, hormones",TRUE,Title,Default Title,pcos-drink-super-food-3d-subscription,0,shopify,100,continue,manual,1525,1794,TRUE,TRUE,https://i.mscwlns.co/mosaic-wellness/image/upload/v1623500692/staging/products/PCOS%20Superfood/New%20Carousel/superdood_1000x750.jpg?tr=w-800,1,PCOS Superfood - 3D Subscription,FALSE,PCOS Superfood - 3D Subscription,,,,,,new,FALSE,,,,,,,g,,,TRUE,1525,1794,active,hormones,female,"female-18-25,female-25-35,female-35-plus",70,
pcos-drink-super-food-4d-subscription,PCOS Superfood - 4D Subscription,"<br/>PCOS Superfood: Vegan PCOS Drink<br/><br/><b>Improves insulin tolerance:</b> High resistance is one of the most significant and common reasons for PCOS. Bodywise, PCOS Superfood has a blend of My",Be Bodywise,,Hormones,"hormones, Be Bodywise, hormones",TRUE,Title,Default Title,pcos-drink-super-food-4d-subscription,0,shopify,100,continue,manual,1915,2393,TRUE,TRUE,https://i.mscwlns.co/mosaic-wellness/image/upload/v1623500692/staging/products/PCOS%20Superfood/New%20Carousel/superdood_1000x750.jpg?tr=w-800,1,PCOS Superfood - 4D Subscription,FALSE,PCOS Superfood - 4D Subscription,,,,,,new,FALSE,,,,,,,g,,,TRUE,1915,2393,active,hormones,female,"female-18-25,female-25-35,female-35-plus",70,
pcos-drink-super-food-2d-subscription,PCOS Superfood - 2D Subscription,"<br/>PCOS Superfood: Vegan PCOS Drink<br/><br/><b>Improves insulin tolerance:</b> High resistance is one of the most significant and common reasons for PCOS. Bodywise, PCOS Superfood has a blend of My",Be Bodywise,,Hormones,"hormones, Be Bodywise, hormones",TRUE,Title,Default Title,pcos-drink-super-food-2d-subscription,0,shopify,100,continue,manual,1075,1194,TRUE,TRUE,https://i.mscwlns.co/mosaic-wellness/image/upload/v1623500692/staging/products/PCOS%20Superfood/New%20Carousel/superdood_1000x750.jpg?tr=w-800,1,PCOS Superfood - 2D Subscription,FALSE,PCOS Superfood - 2D Subscription,,,,,,new,FALSE,,,,,,,g,,,TRUE,1075,1194,active,hormones,female,"female-18-25,female-25-35,female-35-plus",70,
folli-advanced-plus-hair-growth-serum-xp1,"Folli Advanced+ Hair Growth Serum Roll On - 3% Redensyl, 3% Rosemary (25 ml)",<b>8 out of 10 women </b>experience hair fall with visible thinning.<br/><br/>,,,,,,,,,,,,,,,,,,,,,,,,,,,,,,,,,,,,,,,,,,,hair,female,"female-18-25,female-25-35,female-35-plus",83,
If you’re noticing persistent hair fall,a widening partition,or reduced hair density,"you need a solution that works ,Be Bodywise,,Hair,hair",Be Bodywise,"hair,TRUE,Title,Default Title,folli-advanced-plus-hair-growth-serum-xp1,0,shopify,100,continue,manual,849,,TRUE,TRUE,https://i.mscwlns.co/media/misc/pdp_rcl/folli-advanced-plus-hair-growth-serum/AppThumbnail_Folli_HGRO%20%282%29_a25jr5.jpg?tr=w-600,1,Folli Advanced+ Hair Growth Serum Roll On - 3% Redensyl","3% Rosemary (25 ml),FALSE,Folli Advanced+ Hair Growth Serum Roll On - 3% Redensyl","3% Rosemary (25 ml),,,,,,new,FALSE,,,,,,,g,,,TRUE,849,,active",,,,,,,,,,,,,,,,,,,,,,,,,,,,,,,,,,,,,,,,,,
pcos-hairfall-kit,PCOS Hair Fall Kit,"<p>⚠️If you have <b>Stage 2 Hair Loss caused by PCOS (more than 100 strands of hair fall, hair thinning on scalp, widening of parition)</b>, use our <u><a href=https://bebodywise.com/product/pcos-severe-</p>",Be Bodywise,,Hormones,"hormones, straight, wavy, curly, oily, sensitive, combination, Be Bodywise, hormones",TRUE,Title,Default Title,pcos-hairfall-kit,0,shopify,100,continue,manual,799,1094,TRUE,TRUE,https://i.mscwlns.co/media/misc/pdp_rcl/pcos-hairfall-kit/HG%2030%2BPCOS%20Superfood%20%282%29_7qv18i.jpg?tr=w-600,1,PCOS Hair Fall Kit,FALSE,PCOS Hair Fall Kit,,,,,,new,FALSE,,,,,,,g,,,TRUE,799,1094,active,hormones,female,"female-18-25,female-25-35,female-35-plus",84,"straight,wavy,curly,oily,sensitive,combination"
pcos-balance-capsule-pack-6,PCOS Balance Capsules - Pack of 6,<br/>Shatavari enriched 100% Herbal PCOS Capsules for Irregular Periods<br/><br/><b>1. Helps Regularize Periods</b><br/><br/><b>2. Reduces androgen levels in women to decrease appearance of facial hai,Be Bodywise,,Hormones,"hormones, Be Bodywise, hormones",TRUE,Title,Default Title,pcos-balance-capsule-pack-6,0,shopify,100,continue,manual,2499,3570,TRUE,TRUE,https://i.mscwlns.co/mosaic-wellness/image/upload/v1634900764/staging/products/PCOS%20Balance%20Capsule/Pack%20of%206/PCOS-Capsules---6-pack-a.png?tr=w-800,1,PCOS Balance Capsules - Pack of 6,FALSE,PCOS Balance Capsules - Pack of 6,,,,,,new,FALSE,,,,,,,g,,,TRUE,2499,3570,active,hormones,female,"female-18-25,female-25-35,female-35-plus",70,
vegan-plant-protein-powder-payg-2d,Vegan Plant Protein Powder - 2 Deliveries Subscription,<br/>Vegan Plant Protein Powder for Women<br/><br/><b>What Makes This Protein Powder for Women So Good?</b><br/><br/><b>Helps in Muscle Toning & Curbs Hunger Pangs</b><br/> Proteins are the <b>buildin,Be Bodywise,,Energy,"energy, weight, Be Bodywise, energy",TRUE,Title,Default Title,vegan-plant-protein-powder-payg-2d,0,shopify,100,continue,manual,1399,1589,TRUE,TRUE,https://i.mscwlns.co/mosaic-wellness/image/upload/v1636541751/staging/products/Protein/1_1000x750.png?tr=w-800,1,Vegan Plant Protein Powder - 2 Deliveries Subscription,FALSE,Vegan Plant Protein Powder - 2 Deliveries Subscription,,,,,,new,FALSE,,,,,,,g,,,TRUE,1399,1589,active,"energy,weight","male,female","fefemale-18-25,fefemale-25-35,fefemale-35-plus,female-18-25,female-25-35,female-35-plus",70,
vegan-plant-protein-powder-payg-3d,Vegan Plant Protein Powder - 3 Deliveries Subscription,<br/>Vegan Plant Protein Powder for Women<br/><br/><b>What Makes This Protein Powder for Women So Good?</b><br/><br/><b>Helps in Muscle Toning & Curbs Hunger Pangs</b><br/> Proteins are the <b>buildin,Be Bodywise,,Energy,"energy, weight, Be Bodywise, energy",TRUE,Title,Default Title,vegan-plant-protein-powder-payg-3d,0,shopify,100,continue,manual,1299,1584,TRUE,TRUE,https://i.mscwlns.co/mosaic-wellness/image/upload/v1636541751/staging/products/Protein/1_1000x750.png?tr=w-800,1,Vegan Plant Protein Powder - 3 Deliveries Subscription,FALSE,Vegan Plant Protein Powder - 3 Deliveries Subscription,,,,,,new,FALSE,,,,,,,g,,,TRUE,1299,1584,active,"energy,weight","male,female","fefemale-18-25,fefemale-25-35,fefemale-35-plus,female-18-25,female-25-35,female-35-plus",70,
effervescent-biotin-tablets-pack-6,Effervescent Biotin Tablets - Pack of 6,"<br/><b>Edible hair care: </b> Bodywise Hair Health Effervescent Tablets contain 30 mcg Biotin, 1000 mcg Sesbania Extract and 25 mg Beta-sitosterol. Each use helps strengthen follicles to curb, nouris",Be Bodywise,,Hormones,"hormones, Be Bodywise, hormones",TRUE,Title,Default Title,effervescent-biotin-tablets-pack-6,0,shopify,100,continue,manual,999,1783,TRUE,TRUE,https://i.mscwlns.co/mosaic-wellness/image/upload/v1638857984/staging/products/effervescent-biotin-tablets/PACK%20OF%206/pack-of-6.png?tr=w-800,1,Effervescent Biotin Tablets - Pack of 6,FALSE,Effervescent Biotin Tablets - Pack of 6,,,,,,new,FALSE,,,,,,,g,,,TRUE,999,1783,active,hormones,female,"female-18-25,female-25-35,female-35-plus",79,
effervescent-biotin-tablets-pack-of-4,Effervescent Biotin Tablets - Pack of 4,"<br/><b>Edible hair care: </b> Bodywise Hair Health Effervescent Tablets contain 30 mcg Biotin, 1000 mcg Sesbania Extract and 25 mg Beta-sitosterol. Each use helps strengthen follicles to curb, nouris",Be Bodywise,,Hormones,"hormones, straight, wavy, curly, coloured, chemically treated, hair fall & thinning, Be Bodywise, hormones",TRUE,Title,Default Title,effervescent-biotin-tablets-pack-of-4,0,shopify,100,continue,manual,899,1182,TRUE,TRUE,https://i.mscwlns.co/mosaic-wellness/image/upload/v1638857724/staging/products/effervescent-biotin-tablets/PACK%20OF%204/pack-of-4.png?tr=w-800,1,Effervescent Biotin Tablets - Pack of 4,FALSE,Effervescent Biotin Tablets - Pack of 4,,,,,,new,FALSE,,,,,,,g,,,TRUE,899,1182,active,hormones,female,"female-18-25,female-25-35,female-35-plus",79,"straight,wavy,curly,coloured,chemically treated,hair fall & thinning"
apple-cider-vinegar-effervescent-tablets-pack-4,Apple Cider Vinegar Effervescent Tablets - Pack of 4,<br/><b>Controls hunger pang and reduces weight: </b> The acetic acid in Apple Cider Vinegar is the most important when it comes to weight management. These tablets have 500 mg of Apple Cider Vinegar,Be Bodywise,,Weight,"weight, Be Bodywise, weight",TRUE,Title,Default Title,apple-cider-vinegar-effervescent-tablets-pack-4,0,shopify,100,continue,manual,999,1585,TRUE,TRUE,https://i.mscwlns.co/mosaic-wellness/image/upload/v1638857826/staging/products/apple-cider-vinegar-effervescent-tablets/PACK%20OF%204/acv-pack-of-4.png?tr=w-800,1,Apple Cider Vinegar Effervescent Tablets - Pack of 4,FALSE,Apple Cider Vinegar Effervescent Tablets - Pack of 4,,,,,,new,FALSE,,,,,,,g,,,TRUE,999,1585,active,weight,female,"female-18-25,female-25-35,female-35-plus",79,
onion-redensyl-hair-oil,5% Rosemary Hair Oil | 100 ml,"<b>Indulge your hair in the goodness of 14 oils with each use of 5% Rosemary Hair Oil! This oil is a combination of proven oils like Rosemary, Onion, Olive, Castor, Amla, Coconut, Seasame, Shikakai, B",Be Bodywise,,Hair,"hair, Be Bodywise, hair",TRUE,Title,Default Title,onion-redensyl-hair-oil,0,shopify,100,continue,manual,299,,TRUE,TRUE,https://i.mscwlns.co/media/misc/pdp_rcl/onion-redensyl-hair-oil/rosemary_1gehq8.jpg?tr=w-600,1,5% Rosemary Hair Oil | 100 ml,FALSE,5% Rosemary Hair Oil | 100 ml,,,,,,new,FALSE,,,,,,,g,,,TRUE,299,,active,hair,female,"female-18-25,female-25-35,female-35-plus",70,
apple-cider-vinegar-effervescent-tablets-pack-6,Apple Cider Vinegar Effervescent Tablets - Pack of 6,<br/><b>Controls hunger pang and reduces weight: </b> The acetic acid in Apple Cider Vinegar is the most important when it comes to weight management. These tablets have 500 mg of Apple Cider Vinegar,Be Bodywise,,Weight,"weight, Be Bodywise, weight",TRUE,Title,Default Title,apple-cider-vinegar-effervescent-tablets-pack-6,0,shopify,100,continue,manual,1099,2389,TRUE,TRUE,https://i.mscwlns.co/mosaic-wellness/image/upload/v1638857909/staging/products/apple-cider-vinegar-effervescent-tablets/PACK%20OF%206/acv-pack-of-6.png?tr=w-800,1,Apple Cider Vinegar Effervescent Tablets - Pack of 6,FALSE,Apple Cider Vinegar Effervescent Tablets - Pack of 6,,,,,,new,FALSE,,,,,,,g,,,TRUE,1099,2389,active,weight,female,"female-18-25,female-25-35,female-35-plus",79,
apple-cider-vinegar-effervescent-tablets-pack-2,Apple Cider Vinegar Effervescent Tablets - Pack of 2,<br/><b>Controls hunger pang and reduces weight: </b> The acetic acid in Apple Cider Vinegar is the most important when it comes to weight management. These tablets have 500 mg of Apple Cider Vinegar,Be Bodywise,,Weight,"weight, gut health, Be Bodywise, weight",TRUE,Title,Default Title,apple-cider-vinegar-effervescent-tablets-pack-2,0,shopify,100,continue,manual,599,788,TRUE,TRUE,https://i.mscwlns.co/mosaic-wellness/image/upload/v1638857876/staging/products/apple-cider-vinegar-effervescent-tablets/PACK%20OF%202/acv-pack-of-2.png?tr=w-800,1,Apple Cider Vinegar Effervescent Tablets - Pack of 2,FALSE,Apple Cider Vinegar Effervescent Tablets - Pack of 2,,,,,,new,FALSE,,,,,,,g,,,TRUE,599,788,active,weight,female,"female-18-25,female-25-35,female-35-plus",79,gut health
apple-cider-vinegar-effervescent-tablets-pack-3,Apple Cider Vinegar Effervescent Tablets - Pack of 3,<br/><b>Controls hunger pang and reduces weight: </b> The acetic acid in Apple Cider Vinegar is the most important when it comes to weight management. These tablets have 500 mg of Apple Cider Vinegar,Be Bodywise,,Weight,"weight, Be Bodywise, weight",TRUE,Title,Default Title,apple-cider-vinegar-effervescent-tablets-pack-3,0,shopify,100,continue,manual,799,1192,TRUE,TRUE,https://i.mscwlns.co/mosaic-wellness/image/upload/v1638857893/staging/products/apple-cider-vinegar-effervescent-tablets/PACK%20OF%203/acv-pack-of-3.png?tr=w-800,1,Apple Cider Vinegar Effervescent Tablets - Pack of 3,FALSE,Apple Cider Vinegar Effervescent Tablets - Pack of 3,,,,,,new,FALSE,,,,,,,g,,,TRUE,799,1192,active,weight,female,"female-18-25,female-25-35,female-35-plus",79,
effervescent-biotin-tablets-pack-2,Effervescent Biotin Tablets - Pack of 2,"<br/><b>Edible hair care: </b> Bodywise Hair Health Effervescent Tablets contain 30 mcg Biotin, 1000 mcg Sesbania Extract and 25 mg Beta-sitosterol. Each use helps strengthen follicles to curb, nouris",Be Bodywise,,Hormones,"hormones, Be Bodywise, hormones",TRUE,Title,Default Title,effervescent-biotin-tablets-pack-2,0,shopify,100,continue,manual,499,594,TRUE,TRUE,https://i.mscwlns.co/mosaic-wellness/image/upload/v1638857946/staging/products/effervescent-biotin-tablets/PACK%20OF%202/pack-of-2.png?tr=w-800,1,Effervescent Biotin Tablets - Pack of 2,FALSE,Effervescent Biotin Tablets - Pack of 2,,,,,,new,FALSE,,,,,,,g,,,TRUE,499,594,active,hormones,female,"female-18-25,female-25-35,female-35-plus",79,
effervescent-biotin-tablets-pack-3,Effervescent Biotin Tablets - Pack of 3,"<br/><b>Edible hair care: </b> Bodywise Hair Health Effervescent Tablets contain 30 mcg Biotin, 1000 mcg Sesbania Extract and 25 mg Beta-sitosterol. Each use helps strengthen follicles to curb, nouris",Be Bodywise,,Hormones,"hormones, Be Bodywise, hormones",TRUE,Title,Default Title,effervescent-biotin-tablets-pack-3,0,shopify,100,continue,manual,699,896,TRUE,TRUE,https://i.mscwlns.co/mosaic-wellness/image/upload/v1637851625/staging/products/effervescent-biotin-tablets/PACK%20OF%203/Packof3.png?tr=w-800,1,Effervescent Biotin Tablets - Pack of 3,FALSE,Effervescent Biotin Tablets - Pack of 3,,,,,,new,FALSE,,,,,,,g,,,TRUE,699,896,active,hormones,female,"female-18-25,female-25-35,female-35-plus",70,
10-niacinamide-face-serum-plus-sunscreen-sample,10% Niacinamide Serum + Sunscreen (Sample),"<br/>Clinically Tested Niacinamide Serum in India<br/><br/><b>Fades Acne Marks and dark spots: </b>10% Niacinamide breaks down excess melanin to minimise the appearance of acne marks, dark spots and p",Be Bodywise,,Skin,"skin, Be Bodywise, skin",TRUE,Title,Default Title,10-niacinamide-face-serum-plus-sunscreen-sample,0,shopify,100,continue,manual,589,692,TRUE,TRUE,https://i.mscwlns.co/mosaic-wellness/image/upload/v1638361379/staging/products/skin-clarifying/0_BLUE/Serum%2BSunscreen%20Sample/10NS_SunscreenSample.png?tr=w-800,1,10% Niacinamide Serum + Sunscreen (Sample),FALSE,10% Niacinamide Serum + Sunscreen (Sample),,,,,,new,FALSE,,,,,,,g,,,TRUE,589,692,active,skin,female,"female-18-25,female-25-35,female-35-plus",79,
2-salicylic-acid-face-wash,2% Salicylic Acid Face Wash,"<p>If your acne is <b>mild (whiteheads & blackheads)</b> and occasional, then our 2% Salicylic acid facewash can help<br/><br/>",,,,,,,,,,,,,,,,,,,,,,,,,,,,,,,,,,,,,,,,,,,skin,female,"female-18-25,female-25-35,female-35-plus",79,"salicylic acid,facewash,acne"
It works by: ⬇️<br/><br/>,,,,,,,,,,,,,,,,,,,,,,,,,,,,,,,,,,,,,,,,,,,,,,,,,
"✅<b>Exfoliating dead skin cells</b>: Salicylic </p>,Be Bodywise,,Skin,skin",salicylic acid,facewash,acne,Be Bodywise,"skin,TRUE,Title,Default Title,2-salicylic-acid-face-wash,0,shopify,100,continue,manual,299,,TRUE,TRUE,https://i.mscwlns.co/media/misc/others/AppThumbnail_SAFW_4uzp3w.jpg?tr=w-600,1,2% Salicylic Acid Face Wash,FALSE,2% Salicylic Acid Face Wash,,,,,,new,FALSE,,,,,,,g,,,TRUE,299,,active",,,,,,,,,,,,,,,,,,,,,,,,,,,,,,,,,,,,,,,,,,,,
1-salicylic-acid-body-wash,1% Salicylic Acid Body Wash for Women,<b>Got Body Acne that keeps coming back?</b><br/><br/>Use the Be Bodywise 1% Salicylic Acid Body Wash to:<br/><br/>🔹 Exfoliate & remove dead skin cells <br/>🔹 Prevent body acne by unclogging pores<br/,Be Bodywise,,Skin,"skin, salicylic acid, bodywash, bacne, bestseller, bestseller_body, strawberry, Be Bodywise, skin",TRUE,Title,Default Title,1-salicylic-acid-body-wash,0,shopify,100,continue,manual,349,,TRUE,TRUE,https://i.mscwlns.co/media/misc/others/AppThumbnail_SABW250ml_h38n6e.jpg?tr=w-600,1,1% Salicylic Acid Body Wash for Women,FALSE,1% Salicylic Acid Body Wash for Women,,,,,,new,FALSE,,,,,,,g,,,TRUE,349,,active,skin,female,"female-18-25,female-25-35,female-35-plus",79,"salicylic acid,bodywash,bacne,bestseller,bestseller_body,strawberry"
sabodywash-urea-lotion-sampler,1% Salicylic Acid Bodywash & 10% Urea Lotion Mini,<b>Did you know? 🤔<br/>,,,,,,,,,,,,,,,,,,,,,,,,,,,,,,,,,,,,,,,,,,,skin,female,"female-18-25,female-25-35,female-35-plus",79,
Strawberry skin often comes hand-in-hand with dry skin. 🍓</b><br/>,,,,,,,,,,,,,,,,,,,,,,,,,,,,,,,,,,,,,,,,,,,,,,,,,
Here's how: <br/>,,,,,,,,,,,,,,,,,,,,,,,,,,,,,,,,,,,,,,,,,,,,,,,,,
1️⃣Dry skin causes dead skin buildup,clogging pores & hair follicles,"leading to rough bu,Be Bodywise,,Skin,skin",Be Bodywise,"skin,TRUE,Title,Default Title,sabodywash-urea-lotion-sampler,0,shopify,100,continue,manual,428,445,TRUE,TRUE,https://i.mscwlns.co/media/misc/pdp_rcl/urea-lotion-sabodywash-sampler/IntroPage%20sampler_a2gimf.jpg?tr=w-600,1,1% Salicylic Acid Bodywash & 10% Urea Lotion Mini,FALSE,1% Salicylic Acid Bodywash & 10% Urea Lotion Mini,,,,,,new,FALSE,,,,,,,g,,,TRUE,428,445,active",,,,,,,,,,,,,,,,,,,,,,,,,,,,,,,,,,,,,,,,,,,,,
2-salicylic-acid-face-wash-pack-2,2% Salicylic Acid Face Wash - Pack of 2,"<br/><b>Deep cleanses skin: </b> Formulated with 2% Salicylic Acid - a potent BHA - this face wash exfoliates dead skin cells and removes excess oil, dirt and other impurities.<br/><br/><b>Prevents ac",Be Bodywise,,Skin,"skin, face, Be Bodywise, skin",TRUE,Title,Default Title,2-salicylic-acid-face-wash-pack-2,0,shopify,100,continue,manual,499,594,TRUE,TRUE,https://i.mscwlns.co/mosaic-wellness/image/upload/v1645108030/staging/products/2-salicylic-acid-face-wash/PACK%20OF%202/0.png?tr=w-800,1,2% Salicylic Acid Face Wash - Pack of 2,FALSE,2% Salicylic Acid Face Wash - Pack of 2,,,,,,new,FALSE,,,,,,,g,,,TRUE,499,594,active,skin,female,"female-18-25,female-25-35,female-35-plus",80,face
chelate-water-softener,Chelate Water Softener,"<br/><b>Why is hard water bad for hair?</b><br/>▶ Causes scalp buildup making it difficult for hair products to be completely efficient<br/>▶ Makes hair dry, dull and more prone to hairfall<br/><br/><",Be Bodywise,,Hair,"hair, chelating agents, water softener, hairfall, damaged, Be Bodywise, hair",TRUE,Title,Default Title,chelate-water-softener,0,shopify,100,continue,manual,15000,,TRUE,TRUE,https://i.mscwlns.co/media/misc/others/AppThumbnail_WaterSoftener_5gricu.jpg?tr=w-600,1,Chelate Water Softener,FALSE,Chelate Water Softener,,,,,,new,FALSE,,,,,,,g,,,TRUE,15000,,active,hair,female,"female-18-25,female-25-35,female-35-plus",79,"chelating agents,water softener,hairfall,damaged"
water-hardness-test-strip-sample,Water Hardness Test Strip (Sample),"<br/><b>Why is hard water bad for hair?</b><br/>▶ Causes scalp buildup making it difficult for hair products to be completely efficient<br/>▶ Makes hair dry, dull and more prone to hairfall<br/><br/><",Be Bodywise,,Hair,"hair, Be Bodywise, hair",TRUE,Title,Default Title,water-hardness-test-strip-sample,0,shopify,100,continue,manual,99,,TRUE,TRUE,https://i.mscwlns.co/mosaic-wellness/image/upload/v1647517392/staging/products/water-hardness-test-strip/SAMPLE/WHTSS_Hero.jpg?tr=w-800,1,Water Hardness Test Strip (Sample),FALSE,Water Hardness Test Strip (Sample),,,,,,new,FALSE,,,,,,,g,,,TRUE,99,,active,hair,female,"female-18-25,female-25-35,female-35-plus",76,
keratin-shampoo,Keratin Shampoo,"<br/>Expert Recommended Shampoo for Healthy and Smooth Hair <br/><br/><b>Cleanses scalp:</b> Effectively cleanses the scalp removing dirt, sebum and buildup to support healthy hair growth.<br/><br/><b",Be Bodywise,,Hair,"hair, Be Bodywise, hair",TRUE,Title,Default Title,keratin-shampoo,0,shopify,100,continue,manual,449,498,TRUE,TRUE,https://i.mscwlns.co/mosaic-wellness/image/upload/v1648115750/staging/products/shampoo-pdp/KS/CAROUSEL/0.png?tr=w-800,1,Keratin Shampoo,FALSE,Keratin Shampoo,,,,,,new,FALSE,,,,,,,g,,,TRUE,449,498,active,hair,female,"female-18-25,female-25-35,female-35-plus",79,
multivitamin-gummies-bw,Multivitamin Gummies,"<br/>Be Bodywise Multivitamin Gummies fulfil nutrient deficiencies in your body resulting in better energy, metabolism and less stress improving overall health.<br/><br/><b>Why do you need these Multi",Be Bodywise,,Energy,"energy, iron, zinc, folic acid, vitamin a, vitamin b‑6, vitamin b‑12, Be Bodywise, energy",TRUE,Title,Default Title,multivitamin-gummies-bw,0,shopify,100,continue,manual,799,,TRUE,TRUE,https://i.mscwlns.co/media/misc/others/AppThumbnail_MVG_grjhio.jpg?tr=w-600,1,Multivitamin Gummies,FALSE,Multivitamin Gummies,,,,,,new,FALSE,,,,,,,g,,,TRUE,799,,active,energy,"male,female","fefemale-18-25,fefemale-25-35,fefemale-35-plus,female-18-25,female-25-35,female-35-plus",79,"iron,zinc,folic acid,vitamin a,vitamin b‑6,vitamin b‑12"
1-ketoconazole-dandruff-shampoo-150ml,1% Ketoconazole Dandruff Shampoo,"<p>7 out of 10 Indians suffer from dandruff, especially during winters. It can also lead to other concerns e.g.:1.  Scalp becoming more prone to infections, 2.As high as 75% women face Hair loss due to b</p>",Be Bodywise,,Hair,"hair, ketoconazole, shampoo, dandruff, Be Bodywise, hair",TRUE,Title,Default Title,1-ketoconazole-dandruff-shampoo-150ml,0,shopify,100,continue,manual,359,,TRUE,TRUE,https://i.mscwlns.co/media/misc/others/AppThumbnail_KetoShampoo_m8hzwh.jpg?tr=w-600,1,1% Ketoconazole Dandruff Shampoo,FALSE,1% Ketoconazole Dandruff Shampoo,,,,,,new,FALSE,,,,,,,g,,,TRUE,359,,active,hair,female,"female-18-25,female-25-35,female-35-plus",79,"ketoconazole,shampoo,dandruff"
hydrocolloid-acne-pimple-patch,Hydrocolloid Acne Pimple Patch,<br/><b>Reduces acne inflammation: </b> Calms surfaced pimples and whiteheads by pulling out sebum and gunk.<br/><br/><b>Prevents acne scarring: </b>Covering the acne with a patch promotes faster heal,Be Bodywise,,Skin,"skin, hydrocolloid, pimple patch, acne, Be Bodywise, skin",TRUE,Title,Default Title,hydrocolloid-acne-pimple-patch,0,shopify,100,continue,manual,399,498,TRUE,TRUE,https://i.mscwlns.co/media/misc/others/AppThumbnail_AcnePack_hszowj.jpg?tr=w-600,1,Hydrocolloid Acne Pimple Patch,FALSE,Hydrocolloid Acne Pimple Patch,,,,,,new,FALSE,,,,,,,g,,,TRUE,399,498,active,skin,female,"female-18-25,female-25-35,female-35-plus",70,"hydrocolloid,pimple patch,acne"
biotin-hair-gummies-sample,Biotin Hair Gummies (Sample),"<br/><b>Strengthens and thickens hair </b> through the combined action of Biotin, Zinc and other nutrients.<br/><br/><b>Helps reduce hairfall</b> caused by reasons such as stress, nutrient deficiency,",Be Bodywise,,Hair,"hair, Be Bodywise, hair",TRUE,Title,Default Title,biotin-hair-gummies-sample,0,shopify,100,continue,manual,99,,TRUE,TRUE,https://i.mscwlns.co/media/misc/pdp_rcl/biotin-hair-gummies-sample/7__3__WgbxQHKdS.png?tr=w-600,1,Biotin Hair Gummies (Sample),FALSE,Biotin Hair Gummies (Sample),,,,,,new,FALSE,,,,,,,g,,,TRUE,99,,active,hair,female,"female-18-25,female-25-35,female-35-plus",79,
niacinamide-body-lotion,10% Niacinamide Body Lotion,<b>▶ Repairs moisture barrier: </b>Niacinamide & aloe assist in keeping the natural barrier of the skin healthy & repairing compromised barrier<br/><br/><b>▶ Reduces acne marks & blemishes: </b> 10% N,Be Bodywise,,Skin,"skin, niacinamide, lotion, bacne, Be Bodywise, skin",TRUE,Title,Default Title,niacinamide-body-lotion,0,shopify,100,continue,manual,499,,TRUE,TRUE,https://i.mscwlns.co/media/misc/others/AppThumbnail_NiaLotion_250ml_3xpl85.jpg?tr=w-600,1,10% Niacinamide Body Lotion,FALSE,10% Niacinamide Body Lotion,,,,,,new,FALSE,,,,,,,g,,,TRUE,499,,active,skin,female,"female-18-25,female-25-35,female-35-plus",78,"niacinamide,lotion,bacne"
5-lactic-acid-body-lotion,5% Lactic Acid Body Lotion,<br/><b><u>▶ Improvement in texture :</u></b> Lactic Acid- a potent AHA  helps remove the accumulated dead cells on skin and stimulates cell renewal which helps reduce bumps and enhance texture. This,Be Bodywise,,Skin,"skin, lactic acid, lotion, aloevera, Be Bodywise, skin",TRUE,Title,Default Title,5-lactic-acid-body-lotion,0,shopify,100,continue,manual,499,,TRUE,TRUE,https://i.mscwlns.co/media/misc/others/AppThumbnail_LacticLotion_3huwy8.jpg?tr=w-600,1,5% Lactic Acid Body Lotion,FALSE,5% Lactic Acid Body Lotion,,,,,,new,FALSE,,,,,,,g,,,TRUE,499,,active,skin,female,"female-18-25,female-25-35,female-35-plus",79,"lactic acid,lotion,aloevera"
test-product-bb,Test Product,"<br/>Shatavari enriched 100% Herbal PCOS Medicine for Irregular Periods<br/><br/>This PCOS medicine is a potent blend of 18 ayurvedic herbs for PCOS and irregular periods treatment, aimed at balancing",Be Bodywise,,Hormones,"hormones, Be Bodywise, hormones",TRUE,Title,Default Title,test-product-bb,0,shopify,100,continue,manual,100,,TRUE,TRUE,https://i.mscwlns.co/mosaic-wellness/image/upload/v1629878061/staging/products/PCOS%20Balance%20Capsule/Carousel/Updated2/1.png?tr=w-800,1,Test Product,FALSE,Test Product,,,,,,new,FALSE,,,,,,,g,,,TRUE,100,,active,hormones,female,"female-18-25,female-25-35,female-35-plus",70,
1-ketoconazole-dandruff-shampoo-250ml,1% Ketoconazole Anti-Dandruff Shampoo (250ml),"<b>Did you know 7 in 10 Indians struggle with dandruff - especially in winters?</b> It’s more than just flakes. Persistent dandruff can leave your scalp itchy, inflamed, and even prone to infections,",Be Bodywise,,Hair,"hair, ketoconazole, shampoo, straight, wavy, curly, dandruff, Be Bodywise, hair",TRUE,Title,Default Title,1-ketoconazole-dandruff-shampoo-250ml,0,shopify,100,continue,manual,499,,TRUE,TRUE,https://i.mscwlns.co/media/misc/others/AppThumbnail_KetoShampoo_Big_fyk2qa.jpg?tr=w-600,1,1% Ketoconazole Anti-Dandruff Shampoo (250ml),FALSE,1% Ketoconazole Anti-Dandruff Shampoo (250ml),,,,,,new,FALSE,,,,,,,g,,,TRUE,499,,active,hair,female,"female-18-25,female-25-35,female-35-plus",79,"ketoconazole,shampoo,straight,wavy,curly,dandruff"
5-niacinamide-body-wash,5% Niacinamide Body Wash,<p>Perfect bodywash for<b>dull and dry skin</b> 🤩<br/><br/>,,,,,,,,,,,,,,,,,,,,,,,,,,,,,,,,,,,,,,,,,,,skin,female,"female-18-25,female-25-35,female-35-plus",78,"niacinamide,bodywash,aloe vera,dull-dry-skin"
Our 5% Niacinamide Body Wash is <b>100% safe</b> with <b>0 Parabens</b> & <b>0 Silicones</b>. It helps to:</b><br/><br/><b>,,,,,,,,,,,,,,,,,,,,,,,,,,,,,,,,,,,,,,,,,,,,,,,,,
"🌟 Protect from po</p>,Be Bodywise,,Skin,skin",niacinamide,bodywash,aloe vera,dull-dry-skin,Be Bodywise,"skin,TRUE,Title,Default Title,5-niacinamide-body-wash,0,shopify,100,continue,manual,349,396,TRUE,TRUE,https://i.mscwlns.co/media/misc/others/AppThumbnail_NiaBW250ml_lcdeap.jpg?tr=w-600,1,5% Niacinamide Body Wash,FALSE,5% Niacinamide Body Wash,,,,,,new,FALSE,,,,,,,g,,,TRUE,349,396,active",,,,,,,,,,,,,,,,,,,,,,,,,,,,,,,,,,,,,,,,,,,
biotin-hair-gummies-breastfeeding-moms,Biotin Hair Gummies (60) - 30 mcg,"<br/>These Be Bodywise Hair Gummies, <b>specially made for breastfeeding mothers suffering from post-pregnancy hair fall</b>, are enriched with Biotin, Zinc & essential Multivitamins, giving you the r",Be Bodywise,,Hair,"hair, biotin, gummies, straight, wavy, curly, coloured, Be Bodywise, hair",TRUE,Title,Default Title,biotin-hair-gummies-breastfeeding-moms,0,shopify,100,continue,manual,899,998,TRUE,TRUE,https://i.mscwlns.co/media/misc/pdp/biotin-multivitamin-hair-gummies-2m/4__2__IbjXSTlcu.jpg?tr=w-600,1,Biotin Hair Gummies (60) - 30 mcg,FALSE,Biotin Hair Gummies (60) - 30 mcg,,,,,,new,FALSE,,,,,,,g,,,TRUE,899,998,active,hair,female,"female-18-25,female-25-35,female-35-plus",84,"biotin,gummies,straight,wavy,curly,coloured"
hyaluronic-acid-body-wash,Hyaluronic Acid Body Wash,<p>Say hello to <b>boost of hydration</b> & <b>plump skin</b> in a bottle🤩 <br/><br/>Our Hyaluronic Acid Body Wash helps you to:<br/><br/>💙 <b>Intensely hydrate & revive dry skin</b>: Hyaluronic Acid pul</p>,Be Bodywise,,Skin,"skin, hyaluronic acid, bodywash, dull-dry-skin, Be Bodywise, skin",TRUE,Title,Default Title,hyaluronic-acid-body-wash,0,shopify,100,continue,manual,349,396,TRUE,TRUE,https://i.mscwlns.co/media/misc/others/AppThumbnail_HyaluronicAcidBW_250ml_i6qp1g.jpg?tr=w-600,1,Hyaluronic Acid Body Wash,FALSE,Hyaluronic Acid Body Wash,,,,,,new,FALSE,,,,,,,g,,,TRUE,349,396,active,skin,female,"female-18-25,female-25-35,female-35-plus",79,"hyaluronic acid,bodywash,dull-dry-skin"
2-aha-body-wash,2% AHA Body Wash,<br><b>▶Deep cleanses skin</b>: Glycolic Acid in this AHA body wash deep cleanses pores by gently exfoliating dead skin cells and removing impurities. <br><b>▶Improves skin cell turnover</b>: Lactic A,Be Bodywise,,Skin,"skin, aha, bodywash, dull-dry-skin, Be Bodywise, skin",TRUE,Title,Default Title,2-aha-body-wash,0,shopify,100,continue,manual,399,,TRUE,TRUE,https://i.mscwlns.co/media/misc/pdp_rcl/2-aha-body-wash/AppThumbnail_AHABHA_BW_jh2fsb.jpg?tr=w-600,1,2% AHA Body Wash,FALSE,2% AHA Body Wash,,,,,,new,FALSE,,,,,,,g,,,TRUE,399,,active,skin,female,"female-18-25,female-25-35,female-35-plus",79,"aha,bodywash,dull-dry-skin"
1-salicylic-acid-body-wash-30ml,1% Salicylic Acid Body Wash Sampler (30 ml),<br><b>▶ Exfoliates & removes dead skin cells</b><br><b>▶Prevents body acne by unclogging pores </b><br><b>▶Improves strawberry legs appearance over time when used with Lactic Acid Lotion</b><br><,Be Bodywise,,Skin,"skin, oily, sensitive, combination, pores / blackheads / whiteheads, pores / blackheads / whiteheads, acne / pimples, Be Bodywise, skin",TRUE,Title,Default Title,1-salicylic-acid-body-wash-30ml,0,shopify,100,continue,manual,99,,TRUE,TRUE,https://i.mscwlns.co/media/misc/pdp_rcl/1-salicylic-acid-body-wash-30ml/4__5__rMRRpdckF.png?tr=w-600,1,1% Salicylic Acid Body Wash Sampler (30 ml),FALSE,1% Salicylic Acid Body Wash Sampler (30 ml),,,,,,new,FALSE,,,,,,,g,,,TRUE,99,,active,skin,female,"female-18-25,female-25-35,female-35-plus",79,"oily,sensitive,combination,pores / blackheads / whiteheads,pores / blackheads / whiteheads,acne / pimples"
4-aha-bha-underarm-roll-on,4% AHA BHA Underarm Roll On,<p>Want to feel fresh & <b>odour-free</b> all day?🤩 <br/><br/>Our 4% AHA BHA Underarm Roll On is <b>100% safe</b> with <b>0% Alcohol</b> & <b>0% Aluminium</b>. It helps to: <br/><br/>🌟 <b> Control body o</p>,Be Bodywise,,Skin,"skin, flora, aha bha, roll on, bestseller, bestseller_body, underarms, Be Bodywise, skin",TRUE,Title,Default Title,4-aha-bha-underarm-roll-on,0,shopify,100,continue,manual,399,,TRUE,TRUE,https://i.mscwlns.co/media/misc/others/AppThumbnail_UARO_Flora_a3aoe4.jpg?tr=w-600,1,4% AHA BHA Underarm Roll On,FALSE,4% AHA BHA Underarm Roll On,,,,,,new,FALSE,,,,,,,g,,,TRUE,399,,active,skin,female,"female-18-25,female-25-35,female-35-plus",79,"flora,aha bha,roll on,bestseller,bestseller_body,underarms"
roll-on-flora-wm-nofrag,4% AHA BHA Underarm Roll On,<p>Want to feel fresh & <b>odour-free</b> all day?🤩 <br/><br/>Our 4% AHA BHA Underarm Roll On is <b>100% safe</b> with <b>0% Alcohol</b> & <b>0% Aluminium</b>. It helps to: <br/><br/>🌟 <b> Control body o</p>,Be Bodywise,,Skin,"skin, Be Bodywise, skin",TRUE,Title,Default Title,roll-on-flora-wm-nofrag,0,shopify,100,continue,manual,987,1038,TRUE,TRUE,https://i.mscwlns.co/media/misc/pdp_rcl/roll-on-flora-wm-nofrag/Hero-image-1_1yoe2w.jpg?tr=w-600,1,4% AHA BHA Underarm Roll On,FALSE,4% AHA BHA Underarm Roll On,,,,,,new,FALSE,,,,,,,g,,,TRUE,987,1038,active,skin,female,"female-18-25,female-25-35,female-35-plus",79,
keratin-shampoo-sampler,Keratin Shampoo Sampler,"<br/> Contains 25 ml <br/><br/>Be Bodywise shampoo is enriched with keratin, biotin, caffeine & other nutrients, carefully developed to make your hair stronger, healthier & hair fall resistant<br/><br",Be Bodywise,,Hair,"hair, keratin, shampoo, trial, biotin, straight, wavy, Be Bodywise, hair",TRUE,Title,Default Title,keratin-shampoo-sampler,0,shopify,100,continue,manual,99,,TRUE,TRUE,https://i.mscwlns.co/media/misc/pdp_rcl/keratin-shampoo-sampler/Sample_fv_DQmEMkGPB.png?tr=w-600,1,Keratin Shampoo Sampler,FALSE,Keratin Shampoo Sampler,,,,,,new,FALSE,,,,,,,g,,,TRUE,99,,active,hair,female,"female-18-25,female-25-35,female-35-plus",79,"keratin,shampoo,trial,biotin,straight,wavy"
10-aha-body-scrub,10% AHA Body Scrub,<p>Our 10% AHA Body Scrub combines the power of chemical and physical exfoliation to target stubborn skin concerns.<br/><br/>➡️<b>Reduce Strawberry Skin</b>: Dual exfoliation effectively reduces the appe</p>,Be Bodywise,,Skin,"skin, aha, bestseller, bestseller_body, scrub, Be Bodywise, skin",TRUE,Title,Default Title,10-aha-body-scrub,0,shopify,100,continue,manual,499,,TRUE,TRUE,https://i.mscwlns.co/media/misc/others/AppThumbnail_12_AHAScrub200g_f92y3a.jpg?tr=w-600,1,10% AHA Body Scrub,FALSE,10% AHA Body Scrub,,,,,,new,FALSE,,,,,,,g,,,TRUE,499,,active,skin,female,"female-18-25,female-25-35,female-35-plus",79,"aha,bestseller,bestseller_body,scrub"
pcos-testing-qa-copy,PCOS QA Test,"<br/>Be Bodywise PCOS tablets contains a potent blend of 18 ayurvedic herbs including shatavari, a well known & proven ingredient for managing PCOS symptoms<br/><br/><b>▶ Regulates period cycle </b><b",Be Bodywise,,Hormones,"hormones, Be Bodywise, hormones",TRUE,Title,Default Title,pcos-testing-qa-copy,0,shopify,100,continue,manual,100,,TRUE,TRUE,https://i.mscwlns.co/mosaic-wellness/image/upload/v1629878061/staging/products/PCOS%20Balance%20Capsule/Carousel/Updated2/1.png?tr=w-800,1,PCOS QA Test,FALSE,PCOS QA Test,,,,,,new,FALSE,,,,,,,g,,,TRUE,100,,active,hormones,female,"female-18-25,female-25-35,female-35-plus",70,
10-niacinamide-body-lotion-sample,10% Niacinamide Lotion Mini (30ml),<b>▶ Repairs moisture barrier: </b>Niacinamide & aloe assist in keeping the natural barrier of the skin healthy & repairing compromised barrier<br/><br/><b>▶ Reduces acne marks & blemishes: </b> 10% N,Be Bodywise,,Skin,"skin, niacinamide, lotion, trial, normal, oily, sensitive, Be Bodywise, skin",TRUE,Title,Default Title,10-niacinamide-body-lotion-sample,0,shopify,100,continue,manual,49,98,TRUE,TRUE,https://i.mscwlns.co/media/misc/pdp_rcl/10-niacinamide-body-lotion-sample/8__1__guU8Y_LOq.png?tr=w-600,1,10% Niacinamide Lotion Mini (30ml),FALSE,10% Niacinamide Lotion Mini (30ml),,,,,,new,FALSE,,,,,,,g,,,TRUE,49,98,active,skin,female,"female-18-25,female-25-35,female-35-plus",78,"niacinamide,lotion,trial,normal,oily,sensitive"
hair-health-gummies-xp,Hair Biotin Gummies (30),"<p>👩‍⚕️ Expert-recommended solution for <b> Stage 1 Hair Loss</b><br/><br/>Be Bodywise Hair Gummies are packed with <b> Biotin, Zinc & essential hair Multivitamins, </b> which will give you the right nut</p>",Be Bodywise,,Hair,"hair, straight, wavy, curly, coloured, chemically treated, hair fall & thinning, Be Bodywise, hair",TRUE,Title,Default Title,hair-health-gummies-xp,0,shopify,100,continue,manual,499,,TRUE,TRUE,https://i.mscwlns.co/media/misc/pdp_rcl/hair-health-gummies/4%25AHABHARollOn%20%281%29_hk8vt2.jpg?tr=w-600,1,Hair Biotin Gummies (30),FALSE,Hair Biotin Gummies (30),,,,,,new,FALSE,,,,,,,g,,,TRUE,499,,active,hair,female,"female-18-25,female-25-35,female-35-plus",84,"straight,wavy,curly,coloured,chemically treated,hair fall & thinning"
5-lactic-acid-body-lotion-sample,5% Lactic Acid Body Lotion Mini (30ml),<br/><b><u>▶ Improvement in texture :</u></b> Lactic Acid- a potent AHA  helps remove the accumulated dead cells on skin and stimulates cell renewal which helps reduce bumps and enhance texture <br/><,Be Bodywise,,Skin,"skin, normal, oily, sensitive, combination, pores / blackheads / whiteheads, acne / pimples, Be Bodywise, skin",TRUE,Title,Default Title,5-lactic-acid-body-lotion-sample,0,shopify,100,continue,manual,49,98,TRUE,TRUE,https://i.mscwlns.co/media/misc/pdp_rcl/5-lactic-acid-body-lotion-sample/9_86nSrNjXRS.png?tr=w-600,1,5% Lactic Acid Body Lotion Mini (30ml),FALSE,5% Lactic Acid Body Lotion Mini (30ml),,,,,,new,FALSE,,,,,,,g,,,TRUE,49,98,active,skin,female,"female-18-25,female-25-35,female-35-plus",70,"normal,oily,sensitive,combination,pores / blackheads / whiteheads,acne / pimples"
benzoyl-peroxide-facewash,2.5% Benzoyl Peroxide Facewash,"<p>If your acne is <b>persisetent, severe, painful, red, inflammed</b>, then our 2.5% Benzoyl Peroxide facewash can help.<br/><br/>",,,,,,,,,,,,,,,,,,,,,,,,,,,,,,,,,,,,,,,,,,,skin,female,"female-18-25,female-25-35,female-35-plus",70,"benzoyl peroxide,facewash,acne"
"This creamy-non foaming facewash is <b>non-drying</b> unlike other Ben</p>,Be Bodywise,,Skin,skin",benzoyl peroxide,facewash,acne,Be Bodywise,"skin,TRUE,Title,Default Title,benzoyl-peroxide-facewash,0,shopify,100,continue,manual,349,396,TRUE,TRUE,https://i.mscwlns.co/media/misc/others/AppThumbnail_BenzPFW%20%281%29_fmfhn3.png?tr=w-600,1,2.5% Benzoyl Peroxide Facewash,FALSE,2.5% Benzoyl Peroxide Facewash,,,,,,new,FALSE,,,,,,,g,,,TRUE,349,396,active",,,,,,,,,,,,,,,,,,,,,,,,,,,,,,,,,,,,,,,,,,,,
pigmentation-repair-cream,Pigmentation Repair Cream,"<p>This <b>Pigmentation Repair Cream</b> targets dark patches and rough skin in body folds like the<b> neck, knees, elbows, underarms</b>, and <b>thighs.</b><br/><br/>A targeted, science-backed cream des</p>",Be Bodywise,,Skin,"skin, lactic acid, cream, retinol, kojic acid, oily, sensitive, Be Bodywise, skin",TRUE,Title,Default Title,pigmentation-repair-cream,0,shopify,100,continue,manual,599,644,TRUE,TRUE,https://i.mscwlns.co/media/misc/others/AppThumbnail_PRC_eilf4y.jpg?tr=w-600,1,Pigmentation Repair Cream,FALSE,Pigmentation Repair Cream,,,,,,new,FALSE,,,,,,,g,,,TRUE,599,644,active,skin,female,"female-18-25,female-25-35,female-35-plus",70,"lactic acid,cream,retinol,kojic acid,oily,sensitive"
body-pigmentation-pack,Body Pigmentation Pack,"<p>Body Pigmentation Pack is a non-greasy formulation packed with<b> Lactic Acid, Urea, Niacinamide and  Aloe Vera extract! 💯</b><br/><br/>➡️ Contains <b> 5% Niacinamide Bodywash & Pigmentation Repair Cr</p>",Be Bodywise,,Skin,"skin, normal, oily, sensitive, combination, pores / blackheads / whiteheads, acne / pimples, Be Bodywise, skin",TRUE,Title,Default Title,body-pigmentation-pack,0,shopify,100,continue,manual,899,1045,TRUE,TRUE,https://i.mscwlns.co/media/misc/pdp_rcl/body-pigmentation-pack/Artboard%201%20%287%29_9gmbrx.jpg?tr=w-600,1,Body Pigmentation Pack,FALSE,Body Pigmentation Pack,,,,,,new,FALSE,,,,,,,g,,,TRUE,899,1045,active,skin,female,"female-18-25,female-25-35,female-35-plus",70,"normal,oily,sensitive,combination,pores / blackheads / whiteheads,acne / pimples"
5-niacinamide-bodywash-sampler,Niacinamide Body Wash (Mini),"<b>5% Niacinamide Body Wash for Women deep cleanses the skin, removes dry patches, strengthens your skin's moisture barrier and leaves you hydrated & refreshed with every use</b><br/><br/><b>▶Deep cle",Be Bodywise,,Skin,"skin, niacinamide, bodywash, trial, aloe vera, Be Bodywise, skin",TRUE,Title,Default Title,5-niacinamide-bodywash-sampler,0,shopify,100,continue,manual,59,98,TRUE,TRUE,https://i.mscwlns.co/media/misc/pdp_rcl/5-niacinamide-bodywash-sampler/Bodywash%20fv%20%281%29_5ozjml.png?tr=w-600,1,Niacinamide Body Wash (Mini),FALSE,Niacinamide Body Wash (Mini),,,,,,new,FALSE,,,,,,,g,,,TRUE,59,98,active,skin,female,"female-18-25,female-25-35,female-35-plus",70,"niacinamide,bodywash,trial,aloe vera"
ice-roller,Ice Roller | 1 N,"<p>Be Bodywise <b>Ice Roller is here to refresh and relax your skin, giving you a perfect pick-me-up whenever needed!</b>🧊<br/><br/>Use consistently for at least 3 months for best results<br/>😁Reduces fa</p>",Be Bodywise,,Skin,"skin, roller, tool, dull-dry-skin, Be Bodywise, skin",TRUE,Title,Default Title,ice-roller,0,shopify,100,continue,manual,349,498,TRUE,TRUE,https://i.mscwlns.co/media/misc/pdp_rcl/ice-roller/Artboard%201%20%288%29_a8kf19.jpg?tr=w-600,1,Ice Roller | 1 N,FALSE,Ice Roller | 1 N,,,,,,new,FALSE,,,,,,,g,,,TRUE,349,498,active,skin,female,"female-18-25,female-25-35,female-35-plus",70,"roller,tool,dull-dry-skin"
4-aha-bha-underarm-roll-on-watermelon,4% AHA BHA Watermelon Underarm Roll On,<p>Want to feel fresh & <b>odour-free</b> all day?🤩 <br/><br/>Our 4% AHA BHA Underarm Roll On is <b>100% safe</b> with <b>0% Alcohol</b> & <b>0% Aluminium</b>. It helps to: <br/><br/>🌟 <b> Control body o</p>,Be Bodywise,,Skin,"skin, watermelon, aha bha, roll on, underarms, Be Bodywise, skin",TRUE,Title,Default Title,4-aha-bha-underarm-roll-on-watermelon,0,shopify,100,continue,manual,349,396,TRUE,TRUE,https://i.mscwlns.co/media/misc/others/AppThumbnail_UARO_Watermelon_61ripo.jpg?tr=w-600,1,4% AHA BHA Watermelon Underarm Roll On,FALSE,4% AHA BHA Watermelon Underarm Roll On,,,,,,new,FALSE,,,,,,,g,,,TRUE,349,396,active,skin,female,"female-18-25,female-25-35,female-35-plus",79,"watermelon,aha bha,roll on,underarms"
4-aha-bha-underarm-roll-on-no-fragrance,4% AHA BHA Underarm Roll On - No Fragrance,<p>Want to feel fresh & <b>odour-free</b> all day?🤩 <br/><br/>Our 4% AHA BHA Underarm Roll On is <b>100% safe</b> with <b>0% Alcohol</b> & <b>0% Aluminium</b>. It helps to:<br/><br/>🌟 <b> Control body od</p>,Be Bodywise,,Skin,"skin, aha bha, roll on, underarms, Be Bodywise, skin",TRUE,Title,Default Title,4-aha-bha-underarm-roll-on-no-fragrance,0,shopify,100,continue,manual,349,396,TRUE,TRUE,https://i.mscwlns.co/media/misc/others/AppThumbnail_UARO_FF_3u8hbl.jpg?tr=w-600,1,4% AHA BHA Underarm Roll On - No Fragrance,FALSE,4% AHA BHA Underarm Roll On - No Fragrance,,,,,,new,FALSE,,,,,,,g,,,TRUE,349,396,active,skin,female,"female-18-25,female-25-35,female-35-plus",79,"aha bha,roll on,underarms"
biotin-hair-gummies-breastfeeding-moms-30n,Hair Gummies for Postpartum Hair Fall (30N),"<p>Clinically Tested solution for <b>Hair Fall</b><br/><br/> Specially made for <b> 👩🏻‍🍼breastfeeding mothers </b> suffering from <b> post-pregnancy hair fall,</b> Be Bodywise Hair Gummies are packed wit</p>",Be Bodywise,,Hair,"hair, straight, wavy, curly, coloured, chemically treated, tangled hair, Be Bodywise, hair",TRUE,Title,Default Title,biotin-hair-gummies-breastfeeding-moms-30n,0,shopify,100,continue,manual,499,,TRUE,TRUE,https://i.mscwlns.co/media/misc/pdp_rcl/biotin-hair-gummies-breastfeeding-moms-30n/4%25AHABHARollOn%20%281%29_4k112i.jpg?tr=w-600,1,Hair Gummies for Postpartum Hair Fall (30N),FALSE,Hair Gummies for Postpartum Hair Fall (30N),,,,,,new,FALSE,,,,,,,g,,,TRUE,499,,active,hair,female,"female-18-25,female-25-35,female-35-plus",84,"straight,wavy,curly,coloured,chemically treated,tangled hair"
underarm-pigmentation-kit,Underarm Pigmentation Kit,<p>Want to reduce underarm odour and pigmentation significantly in 3 months? 🤩<br><br>This solution is right for you if ✅<br><br>▶ If you want to control/ prevent underarm odour<br>▶ If your underarm are</p>,Be Bodywise,,Skin,"skin, oily, sensitive, combination, pores / blackheads / whiteheads, pores / blackheads / whiteheads, acne / pimples, Be Bodywise, skin",TRUE,Title,Default Title,underarm-pigmentation-kit,0,shopify,100,continue,manual,899,1045,TRUE,TRUE,https://i.mscwlns.co/media/misc/pdp_rcl/4-aha-bha-underarm-roll-on/1000x750__1__7YL17GLnR.jpg?tr=w-600,1,Underarm Pigmentation Kit,FALSE,Underarm Pigmentation Kit,,,,,,new,FALSE,,,,,,,g,,,TRUE,899,1045,active,skin,female,"female-18-25,female-25-35,female-35-plus",70,"oily,sensitive,combination,pores / blackheads / whiteheads,pores / blackheads / whiteheads,acne / pimples"
underarm-pigmentation-kit-watermelon,Underarm Pigmentation Kit - Watermelon,<p>Want to reduce underarm odour and pigmentation significantly in 3 months? 🤩<br><br>This solution is right for you if ✅<br><br>▶ If you want to control/ prevent underarm odour<br>▶ If your underarm are</p>,Be Bodywise,,Skin,"skin, oily, sensitive, combination, pores / blackheads / whiteheads, pores / blackheads / whiteheads, acne / pimples, Be Bodywise, skin",TRUE,Title,Default Title,underarm-pigmentation-kit-watermelon,0,shopify,100,continue,manual,899,1045,TRUE,TRUE,https://i.mscwlns.co/media/misc/pdp_rcl/4-aha-bha-underarm-roll-on/1000x750__1__7YL17GLnR.jpg?tr=w-600,1,Underarm Pigmentation Kit - Watermelon,FALSE,Underarm Pigmentation Kit - Watermelon,,,,,,new,FALSE,,,,,,,g,,,TRUE,899,1045,active,skin,female,"female-18-25,female-25-35,female-35-plus",70,"oily,sensitive,combination,pores / blackheads / whiteheads,pores / blackheads / whiteheads,acne / pimples"
skin-clarifying-5,5% Niacinamide Face Serum,<br/><b>Water-based</b> 5% Niacinamide serum to brighten skin & fade acne marks/ blemishes. <b>Ideal for people with sensitive skin</b> and those who find 10% Niacinamide strong</b>.<br/><br/>👉<b>Even,Be Bodywise,,Skin,"skin, wrinkles, Be Bodywise, skin",TRUE,Title,Default Title,skin-clarifying-5,0,shopify,100,continue,manual,499,,TRUE,TRUE,https://i.mscwlns.co/media/misc/pdp_rcl/skin-clarifying-5/Product_Hero%20%286%29_emk3zw.jpg?tr=w-600,1,5% Niacinamide Face Serum,FALSE,5% Niacinamide Face Serum,,,,,,new,FALSE,,,,,,,g,,,TRUE,499,,active,skin,female,"female-18-25,female-25-35,female-35-plus",70,wrinkles
pigmentation-repair-cream-mini,Pigmentation Repair Cream - 25 ml (Mini),"<p>Want to decrease Body Pigmentation in 3 months? 🤩 <br/> <br/>Our Pigmentation Cream reduces pigmentation in <b>body folds like elbows, knees, back of neck, thighs.</b> It helps to:<br/><br/><b>✅ Fade </p>",Be Bodywise,,Skin,"skin, oily, sensitive, combination, pores / blackheads / whiteheads, pores / blackheads / whiteheads, acne / pimples, Be Bodywise, skin",TRUE,Title,Default Title,pigmentation-repair-cream-mini,0,shopify,100,continue,manual,59,98,TRUE,TRUE,https://i.mscwlns.co/media/misc/pdp_rcl/pigmentation-repair-cream-mini/Tube%20%20fv%20%281%29_9wo7v3.png?tr=w-600,1,Pigmentation Repair Cream - 25 ml (Mini),FALSE,Pigmentation Repair Cream - 25 ml (Mini),,,,,,new,FALSE,,,,,,,g,,,TRUE,59,98,active,skin,female,"female-18-25,female-25-35,female-35-plus",70,"oily,sensitive,combination,pores / blackheads / whiteheads,pores / blackheads / whiteheads,acne / pimples"
4-aha-bha-body-butter,4% AHA BHA Body Butter,"<p>Meet the <b>4% AHA BHA Body Butter</b> - a creamy and nourishing formula enriched with the goodness of 2% Salicylic Acid, 1% Lactic Acid, Essential Ceramides, Shea Butter & Cocoa Butter 🌟<br/><br/>▶Vi</p>",Be Bodywise,,Skin,"skin, aha bha, body butter, cream, Be Bodywise, skin",TRUE,Title,Default Title,4-aha-bha-body-butter,0,shopify,100,continue,manual,599,,TRUE,TRUE,https://i.mscwlns.co/media/misc/others/AppThumbnail_AHABHABodyButter_cxkak1.jpg?tr=w-600,1,4% AHA BHA Body Butter,FALSE,4% AHA BHA Body Butter,,,,,,new,FALSE,,,,,,,g,,,TRUE,599,,active,skin,female,"female-18-25,female-25-35,female-35-plus",70,"aha bha,body butter,cream"
anti-dandruff-serum,Anti-Dandruff Serum,"<p>👩‍⚕️Clinically Tested solution for Severe Dandruff <br/><br/>Be Bodywise Anti-Dandruff Serum contains <b> Science backed ingredients like Ichthyol Pale, Zinc Pyrithione, & Tea Tree Oil.</b><br/><br/>✅</p>",Be Bodywise,,Hair,"hair, tea tree oil, ichthyol pale, zinc pyrithione, serum, dandruff, Be Bodywise, hair",TRUE,Title,Default Title,anti-dandruff-serum,0,shopify,100,continue,manual,399,,TRUE,TRUE,https://i.mscwlns.co/media/misc/others/AppThumbnail_AntiDandruffSerum_cxhczj.jpg?tr=w-600,1,Anti-Dandruff Serum,FALSE,Anti-Dandruff Serum,,,,,,new,FALSE,,,,,,,g,,,TRUE,399,,active,hair,female,"female-18-25,female-25-35,female-35-plus",70,"tea tree oil,ichthyol pale,zinc pyrithione,serum,dandruff"
snail-mucin-serum-mini,Snail Mucin Serum - 4 ml,<b>Snail 96 Mucin Serum is a non-comedogenic formula that helps repair your skin barrier leaving your skin radiant and dewy 🌟</b><br/><br/>This Korean skincare secret specifically made for all Indian,Be Bodywise,,Skin,"skin, Be Bodywise, skin",TRUE,Title,Default Title,snail-mucin-serum-mini,0,shopify,100,continue,manual,99,,TRUE,TRUE,https://i.mscwlns.co/media/misc/pdp_rcl/snail-mucin-serum-mini/Snail%20Face%20serum%20fv_5bmp4m.png?tr=w-600,1,Snail Mucin Serum - 4 ml,FALSE,Snail Mucin Serum - 4 ml,,,,,,new,FALSE,,,,,,,g,,,TRUE,99,,active,skin,female,"female-18-25,female-25-35,female-35-plus",70,
hyaluronic-acid-body-wash-mini,Hyaluronic Bodywash - Mini,"<b>Hyaluronic Acid Body Wash for Women</b> deep cleanses the skin, soothes itchy skin, revives dry skin and protects the skin's barrier.<br/><br/>▶<b>Deep cleanses skin:</b> This hydrating body wash d",Be Bodywise,,Skin,"skin, hyaluronic acid, bodywash, trial, oily, sensitive, combination, Be Bodywise, skin",TRUE,Title,Default Title,hyaluronic-acid-body-wash-mini,0,shopify,100,continue,manual,59,98,TRUE,TRUE,https://i.mscwlns.co/media/misc/pdp_rcl/hyaluronic-acid-body-wash-mini/Bottle%20fv%20%285%29%20%281%29_ehpkbq.png?tr=w-600,1,Hyaluronic Bodywash - Mini,FALSE,Hyaluronic Bodywash - Mini,,,,,,new,FALSE,,,,,,,g,,,TRUE,59,98,active,skin,female,"female-18-25,female-25-35,female-35-plus",79,"hyaluronic acid,bodywash,trial,oily,sensitive,combination"
roll-on-flora-wm,Roll On Flora & Watermelon (Pack of 2),<p>Want to feel fresh & odour-free <b>all day</b>?🤩 <br/><br/>Our 4% AHA BHA Underarm Roll On helps to: <br/><br/>🌟 <b> Control body odour</b>: 1% Salicylic Acid reduces bacterial overgrowth<br/><br/>🌟<b</p>,Be Bodywise,,Skin,"skin, kit of 2, aha bha, roll on, watermelon, flora, mandelic acid, Be Bodywise, skin",TRUE,Title,Default Title,roll-on-flora-wm,0,shopify,100,continue,manual,798,,TRUE,TRUE,https://i.mscwlns.co/media/misc/pdp_rcl/roll-on-flora-wm/roll%20on%20pack%20of%202%20%28flora%20%2B%20wm%29_dxqhba.jpg?tr=w-600,1,Roll On Flora & Watermelon (Pack of 2),FALSE,Roll On Flora & Watermelon (Pack of 2),,,,,,new,FALSE,,,,,,,g,,,TRUE,798,,active,skin,female,"female-18-25,female-25-35,female-35-plus",79,"kit of 2,aha bha,roll on,watermelon,flora,mandelic acid"
ceramide-peptide-deal,1% Peptide & Ceramide Moisturizer,"<b>Lightweight, Non-Comedogenic gel based moisturizer that repairs skin barrier and makes skin soft & supple. Peptide promotes collagen production, slowing signs of ageing while Ceramide will help to",Be Bodywise,,Skin,"skin, Be Bodywise, skin",TRUE,Title,Default Title,ceramide-peptide-deal,0,shopify,100,continue,manual,349,498,TRUE,TRUE,https://i.mscwlns.co/media/misc/pdp_rcl/1-peptide-ceramide-moisturizer/Product_Hero_8i0olq.jpg?tr=w-600,1,1% Peptide & Ceramide Moisturizer,FALSE,1% Peptide & Ceramide Moisturizer,,,,,,new,FALSE,,,,,,,g,,,TRUE,349,498,active,skin,female,"female-18-25,female-25-35,female-35-plus",79,
strawberry-skin-body-pigmentation-sampler-kit,Strawberry Skin and Body Pigmentation Sampler Kit,"<br/><b>Strawberry Skin & Body Pigmentation Sampler kit works to reduce bumps and pigmentation.🌟</b><br/><br/><b>1% Salicylic Acid Body Wash</b>: Exfoliates and removes dead skin cells, thereby unclog",Be Bodywise,,Skin,"skin, Be Bodywise, skin",TRUE,Title,Default Title,strawberry-skin-body-pigmentation-sampler-kit,0,shopify,100,continue,manual,299,564,TRUE,TRUE,https://i.mscwlns.co/media/misc/pdp_rcl/strawberry-skin-body-pigmentation-sampler-kit/For%20%284%29_be705q.png?tr=w-600,1,Strawberry Skin and Body Pigmentation Sampler Kit,FALSE,Strawberry Skin and Body Pigmentation Sampler Kit,,,,,,new,FALSE,,,,,,,g,,,TRUE,299,564,active,skin,female,"female-18-25,female-25-35,female-35-plus",70,
underarm-body-pigmentation-pack-frag-free,Underarm & Body Pigmentation Pack - Fragrance Free,<b>#1 Dermatologist recommended kit to reduce underarm and body pigmentation. It is enriched with multiple high performing actives.🌟</b><br><br><b>Our Underarm and Body Pigmentation Pack contains:</b>,Be Bodywise,,Skin,"skin, normal, oily, sensitive, combination, pores / blackheads / whiteheads, acne / pimples, Be Bodywise, skin",TRUE,Title,Default Title,underarm-body-pigmentation-pack-frag-free,0,shopify,100,continue,manual,1447,,TRUE,TRUE,https://i.mscwlns.co/media/misc/pdp_rcl/underarm-body-pigmentation-pack-frag-free/Underarm%20%26%20Body%20Pigmentation_lbiw2y.png?tr=w-600,1,Underarm & Body Pigmentation Pack - Fragrance Free,FALSE,Underarm & Body Pigmentation Pack - Fragrance Free,,,,,,new,FALSE,,,,,,,g,,,TRUE,1447,,active,skin,female,"female-18-25,female-25-35,female-35-plus",70,"normal,oily,sensitive,combination,pores / blackheads / whiteheads,acne / pimples"
10-aha-body-scrub-mini,10% AHA Body Scrub - 25ml,"<br/>▶<b>Exfoliates dead skin cells:</b> This deep-cleansing body scrub contains natural silica beads, which help exfoliate dead skin cells and remove impurities.<br/><br/>▶<b>Removes tan:</b> Removal",Be Bodywise,,Skin,"skin, oily, sensitive, combination, pores / blackheads / whiteheads, pores / blackheads / whiteheads, acne / pimples, Be Bodywise, skin",TRUE,Title,Default Title,10-aha-body-scrub-mini,0,shopify,100,continue,manual,999,,TRUE,TRUE,https://i.mscwlns.co/media/misc/pdp_rcl/10-aha-body-scrub-mini/thumbnail%20%282%29_czq022.jpg?tr=w-600,1,10% AHA Body Scrub - 25ml,FALSE,10% AHA Body Scrub - 25ml,,,,,,new,FALSE,,,,,,,g,,,TRUE,999,,active,skin,female,"female-18-25,female-25-35,female-35-plus",79,"oily,sensitive,combination,pores / blackheads / whiteheads,pores / blackheads / whiteheads,acne / pimples"
bath-essentials-sampler-kit,Bath Essentials Sampler Kit,<br/><b>Bath essentials sampler kit contains our highly effective bestsellers curated just for you. 🌟</b><br/><br/><b>1% Salicylic Acid Body Wash</b>: Gently exfoliates and removes dead skin cells. He,Be Bodywise,,Skin,"skin, Be Bodywise, skin",TRUE,Title,Default Title,bath-essentials-sampler-kit,0,shopify,100,continue,manual,327,,TRUE,TRUE,https://i.mscwlns.co/media/misc/pdp_rcl/bath-essentials-sampler-kit/Strawberry%20Skin%20-%20Advanced%20Hydration%20%283%29_b8dd2y.png?tr=w-600,1,Bath Essentials Sampler Kit,FALSE,Bath Essentials Sampler Kit,,,,,,new,FALSE,,,,,,,g,,,TRUE,327,,active,skin,female,"female-18-25,female-25-35,female-35-plus",70,
underarm-pigmentation-pcos,Underarm Pigmentation due to PCOS,"<b>For Underarm Pigmentation caused by PCOS, use:🌟</b><br><br><b>4% AHA BHA Underarm Roll On</b>: Mandelic Acid and Alpha Arbutin seep under the skin and slow down melanin production from within<br><b",Be Bodywise,,Hormones,"hormones, body, body care, pcos_subconcern, Be Bodywise, hormones",TRUE,Title,Default Title,underarm-pigmentation-pcos,0,shopify,100,continue,manual,799,986,TRUE,TRUE,https://i.mscwlns.co/media/misc/pdp_rcl/underarm-pigmentation-pcos/Underarm%20Pigmentation%20%26%20PCOS_1nv71n.png?tr=w-600,1,Underarm Pigmentation due to PCOS,FALSE,Underarm Pigmentation due to PCOS,,,,,,new,FALSE,,,,,,,g,,,TRUE,799,986,active,hormones,female,"female-18-25,female-25-35,female-35-plus",70,"body,body care,pcos_subconcern"
4-aha-bha-body-butter-mini,4% AHA BHA Body Butter - 20g,"<b>4% AHA BHA Body Butter is a creamy and nourishing formula enriched with the goodness of 2% Salicylic Acid, 1% Lactic Acid, Essential Ceramides, Shea Butter & Cocoa Butter 🌟</b><br/><br/>▶Visibly re",Be Bodywise,,Skin,"skin, oily, sensitive, combination, pores / blackheads / whiteheads, pores / blackheads / whiteheads, acne / pimples, Be Bodywise, skin",TRUE,Title,Default Title,4-aha-bha-body-butter-mini,0,shopify,100,continue,manual,999,,TRUE,TRUE,https://i.mscwlns.co/media/misc/pdp_rcl/4-aha-bha-body-butter/Product_Hero_6or3g7.jpg?tr=w-600,1,4% AHA BHA Body Butter - 20g,FALSE,4% AHA BHA Body Butter - 20g,,,,,,new,FALSE,,,,,,,g,,,TRUE,999,,active,skin,female,"female-18-25,female-25-35,female-35-plus",70,"oily,sensitive,combination,pores / blackheads / whiteheads,pores / blackheads / whiteheads,acne / pimples"
roll-on-sunscreen-gel,Underarm Pigmentation & Tan Reduction Kit,<p>Want to reduce severe underarm pigmentation in 5 months? 🤩<br><br>Our <b>Underarm Pigmentation Kit</b> contains:<br>🌟 <b>4% AHA BHA Underarm Roll On</b>: 1% Salicylic Acid reduces bacterial overgrowth</p>,Be Bodywise,,Skin,"skin, oily, sensitive, Be Bodywise, skin",TRUE,Title,Default Title,roll-on-sunscreen-gel,0,shopify,100,continue,manual,999,,TRUE,TRUE,https://i.mscwlns.co/media/misc/pdp_rcl/underarm-pigmentation-kit-no-fragrance/CR-60-2_c5o3ji.jpg?tr=w-600,1,Underarm Pigmentation & Tan Reduction Kit,FALSE,Underarm Pigmentation & Tan Reduction Kit,,,,,,new,FALSE,,,,,,,g,,,TRUE,999,,active,skin,female,"female-18-25,female-25-35,female-35-plus",70,"oily,sensitive"
hair-growth-serum-roll-on,"3% Redensyl, 3% Rosemary, 2% Anagain Advanced Hair Growth Serum Roll On (25ml)","<b> Did you know 8/10 women experience hair fall in addition to hair thinning? <br/> If you are struggling with the same, we have a better solution for you: <u><a href= https://bebodywise.com/product/",Be Bodywise,,Hair,"hair, rosemary, roll on, serum, bestseller, thinning, bestseller_hair, Be Bodywise, hair",TRUE,Title,Default Title,hair-growth-serum-roll-on,0,shopify,100,continue,manual,448,,TRUE,TRUE,https://i.mscwlns.co/media/misc/others/AppThumbnail_HGRO_b9ytvj.jpg?tr=w-600,1,"3% Redensyl, 3% Rosemary, 2% Anagain Advanced Hair Growth Serum Roll On (25ml)",FALSE,"3% Redensyl, 3% Rosemary, 2% Anagain Advanced Hair Growth Serum Roll On (25ml)",,,,,,new,FALSE,,,,,,,g,,,TRUE,448,,active,hair,female,"female-18-25,female-25-35,female-35-plus",70,"rosemary,roll on,serum,bestseller,thinning,bestseller_hair"
hair-growth-pack-pcos-xp,Hair Growth Pack for PCOS (30 days),"<p>For <b> Stage 2 Hair Fall caused by PCOS, </b> use: <br/><br/>👉<b>Gummies: </b> Contains <b>Inositol, Biotin, & Multivitamins,</b> which will give you the right nutrition to fight hair fall & regulate</p>",Be Bodywise,,Hormones,"hormones, straight, wavy, curly, oily, sensitive, combination, Be Bodywise, hormones",TRUE,Title,Default Title,hair-growth-pack-pcos-xp,0,shopify,100,continue,manual,1299,2361,TRUE,TRUE,https://i.mscwlns.co/media/misc/pdp_rcl/hair-growth-pack-pcos-xp/4%25AHABHARollOn%20copyv_8k8icm.jpg?tr=w-600,1,Hair Growth Pack for PCOS (30 days),FALSE,Hair Growth Pack for PCOS (30 days),,,,,,new,FALSE,,,,,,,g,,,TRUE,1299,2361,active,hormones,female,"female-18-25,female-25-35,female-35-plus",70,"straight,wavy,curly,oily,sensitive,combination"
intense-dandruff-kit,Intense Dandruff Kit,"<p>While the shampoo only addresses your <b>surface level issue</b>, dandruff is more than that. It is rooted in variety of factors like excess oil production due to physical activities, inflammations et</p>",Be Bodywise,,Hair,"hair, kit of 2, ketoconazole, shampoo, serum, dandruff, Be Bodywise, hair",TRUE,Title,Default Title,intense-dandruff-kit,0,shopify,100,continue,manual,699,751,TRUE,TRUE,https://i.mscwlns.co/media/misc/others/AppThumbnail_IntenseDandruffKit_1jcmwd.jpg?tr=w-600,1,Intense Dandruff Kit,FALSE,Intense Dandruff Kit,,,,,,new,FALSE,,,,,,,g,,,TRUE,699,751,active,hair,female,"female-18-25,female-25-35,female-35-plus",79,"kit of 2,ketoconazole,shampoo,serum,dandruff"
hair-health-gummies-60n,Hair Health Gummies (60 N),"<p>Recommended solution for <b>Stage 1 Hair Loss </b><br/><br/> Specially made for <b> 👩🏻‍🍼breastfeeding mothers </b> suffering from <b> post-pregnancy hair fall,</b> Be Bodywise Hair Gummies are packed </p>",Be Bodywise,,Hair,"hair, straight, wavy, curly, coloured, chemically treated, tangled hair, Be Bodywise, hair",TRUE,Title,Default Title,hair-health-gummies-60n,0,shopify,100,continue,manual,899,,TRUE,TRUE,https://i.mscwlns.co/media/misc/pdp_rcl/hair-health-gummies-60n/4%25AHABHARollOn%20copy%206%20%281%29_4bvrp4.jpg?tr=w-600,1,Hair Health Gummies (60 N),FALSE,Hair Health Gummies (60 N),,,,,,new,FALSE,,,,,,,g,,,TRUE,899,,active,hair,female,"female-18-25,female-25-35,female-35-plus",84,"straight,wavy,curly,coloured,chemically treated,tangled hair"
hair-growth-serum-roll-on-xp-2,Advanced Hair Growth Serum Roll-On (25ml),<p>Hair Growth Serum Roll-On is <b>India's first hair treatment with a roll-on applicator for mess-free application</b><br/><br/>With 23% Hair Growth Actives<br/>This serum is infused with <b>3% Rosemary</p>,Be Bodywise,,Hair,"hair, Be Bodywise, hair",TRUE,Title,Default Title,hair-growth-serum-roll-on-xp-2,0,shopify,100,continue,manual,549,596,TRUE,TRUE,https://i.mscwlns.co/media/misc/pdp_rcl/hair-growth-serum-pp-roll-on/Hair%20Growth%20Roll%20On_2i8io4.jpg?tr=w-600,1,Advanced Hair Growth Serum Roll-On (25ml),FALSE,Advanced Hair Growth Serum Roll-On (25ml),,,,,,new,FALSE,,,,,,,g,,,TRUE,549,596,active,hair,female,"female-18-25,female-25-35,female-35-plus",70,
hair-growth-serum-roll-on-2-months-xp,Advanced Hair Growth Serum Roll-On (2 months),<b>Real hair growth starts at 8-12 weeks with consistent use of hair serum.</b><br/><br/><b>India’s first hair growth serum with 23% Hair Growth Actives and roll on applicator for mess-free applicatio,Be Bodywise,,Hair,"hair, kit of 2, rosemary, kit, serum, roll on, thinning, Be Bodywise, hair",TRUE,Title,Default Title,hair-growth-serum-roll-on-2-months-xp,0,shopify,100,continue,manual,948,1185,TRUE,TRUE,https://i.mscwlns.co/media/misc/others/AppThumbnail_HGRO_2x_g06nz5.jpg?tr=w-600,1,Advanced Hair Growth Serum Roll-On (2 months),FALSE,Advanced Hair Growth Serum Roll-On (2 months),,,,,,new,FALSE,,,,,,,g,,,TRUE,948,1185,active,hair,female,"female-18-25,female-25-35,female-35-plus",70,"kit of 2,rosemary,kit,serum,roll on,thinning"
anti-dandruff-kit,Anti- Dandruff Kit,"<p>Want to go <b>dandruff-free?</b><br/>Try this kit & see visible results in <b>2 washes!</b><br/><br/>1️⃣ Anti-dandruff shampoo contains <b> 1% Ketoconazole & 1% Salicylic Acid, </b> the most effective</p>",Be Bodywise,,Hair,"hair, straight, wavy, curly, dandruff, advanced hair thinning, severe hair fall & thinning, Be Bodywise, hair",TRUE,Title,Default Title,anti-dandruff-kit,0,shopify,100,continue,manual,429,858,TRUE,TRUE,https://i.mscwlns.co/media/misc/pdp_rcl/anti-dandruff-kit/SM%20ADS_87d9q1.jpg?tr=w-600,1,Anti- Dandruff Kit,FALSE,Anti- Dandruff Kit,,,,,,new,FALSE,,,,,,,g,,,TRUE,429,858,active,hair,female,"female-18-25,female-25-35,female-35-plus",70,"straight,wavy,curly,dandruff,advanced hair thinning,severe hair fall & thinning"
niacinamide-lotion-deal,Niacinamide body lotion,<b>▶ Repairs moisture barrier: </b>Niacinamide & aloe assist in keeping the natural barrier of the skin healthy & repairing compromised barrier<br/><br/><b>▶ Reduces acne marks & blemishes: </b> 10% N,Be Bodywise,,Skin,"skin, normal, oily, sensitive, combination, pores / blackheads / whiteheads, acne / pimples, Be Bodywise, skin",TRUE,Title,Default Title,niacinamide-lotion-deal,0,shopify,100,continue,manual,349,498,TRUE,TRUE,https://i.mscwlns.co/mosaic-wellness/image/upload/v1658497292/staging/products/niacinamide-body-lotion/CAROUSEL/0-1.png?tr=w-800,1,Niacinamide body lotion,FALSE,Niacinamide body lotion,,,,,,new,FALSE,,,,,,,g,,,TRUE,349,498,active,skin,female,"female-18-25,female-25-35,female-35-plus",78,"normal,oily,sensitive,combination,pores / blackheads / whiteheads,acne / pimples"
ice-roller-deal,Ice Roller (1 N),"<p>Be Bodywise <b>Ice Roller is here to refresh and relax your skin, giving you a perfect pick-me-up whenever needed!</b>🧊<br/><br/>Use consistently for at least 3 months for best results<br/>😁Reduces fa</p>",Be Bodywise,,Skin,"skin, oily, sensitive, combination, pores / blackheads / whiteheads, pores / blackheads / whiteheads, acne / pimples, Be Bodywise, skin",TRUE,Title,Default Title,ice-roller-deal,0,shopify,100,continue,manual,349,498,TRUE,TRUE,https://i.mscwlns.co/media/misc/pdp_rcl/ice-roller/Artboard%201%20%288%29_a8kf19.jpg?tr=w-600,1,Ice Roller (1 N),FALSE,Ice Roller (1 N),,,,,,new,FALSE,,,,,,,g,,,TRUE,349,498,active,skin,female,"female-18-25,female-25-35,female-35-plus",70,"oily,sensitive,combination,pores / blackheads / whiteheads,pores / blackheads / whiteheads,acne / pimples"
collagen-health-deal,Collagen Skin Gummies,"<br/><b>Reduces fine lines and wrinkles: </b> Collagen is a protein produced within our body, but that process slows down with age. This reduction of collagen causes a loss in elasticity resulting in",Be Bodywise,,Skin,"skin, fine lines and wrinkles, dry, normal, face, normal | combination | oily | dry, face, Be Bodywise, skin",TRUE,Title,Default Title,collagen-health-deal,0,shopify,100,continue,manual,699,998,TRUE,TRUE,https://i.mscwlns.co/media/misc/pdp_rcl/collagen-health-deal/Artboard%201%20copy%202_3k7jpo.jpg?tr=w-600,1,Collagen Skin Gummies,FALSE,Collagen Skin Gummies,,,,,,new,FALSE,,,,,,,g,,,TRUE,699,998,active,skin,female,"female-18-25,female-25-35,female-35-plus",78,"fine lines and wrinkles,dry,normal,face,normal | combination | oily | dry,face"
hyaluronic-ceramide-deal,Hyaluronic & Ceramide Body Wash,<p>Say hello to <b>boost of hydration</b> & <b>plump skin</b> in a bottle🤩 <br/><br/>Our Hyaluronic Acid Body Wash helps you to:<br/><br/>💙 <b>Intensely hydrate & revive dry skin</b>: Hyaluronic Acid pul</p>,Be Bodywise,,Skin,"skin, Be Bodywise, skin",TRUE,Title,Default Title,hyaluronic-ceramide-deal,0,shopify,100,continue,manual,199,398,TRUE,TRUE,https://i.mscwlns.co/media/misc/pdp_rcl/hyaluronic-acid-body-wash/Product_Hero%20copy_klci48.jpg?tr=w-600,1,Hyaluronic & Ceramide Body Wash,FALSE,Hyaluronic & Ceramide Body Wash,,,,,,new,FALSE,,,,,,,g,,,TRUE,199,398,active,skin,female,"female-18-25,female-25-35,female-35-plus",79,
niacinamide-body-wash-700,5% Niacinamide Body Wash - 700 ml,<p>Want your skin to glow and be hydrated <b>all winter</b>? 🤩<br/><br/>Our 5% Niacinamide Body Wash is <b>100% safe</b> with <b>0 Parabens</b> & <b>0 Silicones</b>. It helps to:</b><br/><br/><b>🌟 Protec</p>,Be Bodywise,,Skin,"skin, niacinamide, bodywash, dull-dry-skin, Be Bodywise, skin",TRUE,Title,Default Title,niacinamide-body-wash-700,0,shopify,100,continue,manual,699,,TRUE,TRUE,https://i.mscwlns.co/media/misc/others/AppThumbnail_NiaBW700ml_j5lf1i.jpg?tr=w-600,1,5% Niacinamide Body Wash - 700 ml,FALSE,5% Niacinamide Body Wash - 700 ml,,,,,,new,FALSE,,,,,,,g,,,TRUE,699,,active,skin,female,"female-18-25,female-25-35,female-35-plus",78,"niacinamide,bodywash,dull-dry-skin"
brow-lash-serum,Brow & Lash Growth Serum,"<p>Dual-purpose, <b>100% eye-safe serum</b> to improve density and thickness of brows and eyelashes for fuller-looking eyes<br/><br/>",,,,,,,,,,,,,,,,,,,,,,,,,,,,,,,,,,,,,,,,,,,skin,female,"female-18-25,female-25-35,female-35-plus",70,"lashld,serum,anagain,aminexil,redensyl,brow and lash growth"
👉<b>Promotes growth</b>: A potent mix of Anagain,Aminexil,"and Rede</p>,Be Bodywise,,Skin,skin",lashld,serum,anagain,aminexil,redensyl,brow and lash growth,Be Bodywise,"skin,TRUE,Title,Default Title,brow-lash-serum,0,shopify,100,continue,manual,399,,TRUE,TRUE,https://i.mscwlns.co/media/misc/others/AppThumbnail_Brow%26LashSerum_2p1r87.jpg?tr=w-600,1,Brow & Lash Growth Serum,FALSE,Brow & Lash Growth Serum,,,,,,new,FALSE,,,,,,,g,,,TRUE,399,,active",,,,,,,,,,,,,,,,,,,,,,,,,,,,,,,,,,,,,,,
hyaluronic-bodywash-deal,Hyaluronic & Ceramide Bodywash,<p>Say hello to <b>boost of hydration</b> & <b>plump skin</b> in a bottle🤩 <br/><br/>Our Hyaluronic Acid Body Wash helps you to:<br/><br/>💙 <b>Intensely hydrate & revive dry skin</b>: Hyaluronic Acid pul</p>,Be Bodywise,,Skin,"skin, oily, sensitive, combination, pores / blackheads / whiteheads, pores / blackheads / whiteheads, acne / pimples, Be Bodywise, skin",TRUE,Title,Default Title,hyaluronic-bodywash-deal,0,shopify,100,continue,manual,249,395,TRUE,TRUE,https://i.mscwlns.co/media/misc/pdp_rcl/hyaluronic-acid-body-wash/Product_Hero%20copy_klci48.jpg?tr=w-600,1,Hyaluronic & Ceramide Bodywash,FALSE,Hyaluronic & Ceramide Bodywash,,,,,,new,FALSE,,,,,,,g,,,TRUE,249,395,active,skin,female,"female-18-25,female-25-35,female-35-plus",79,"oily,sensitive,combination,pores / blackheads / whiteheads,pores / blackheads / whiteheads,acne / pimples"
body-pigmentation-deal,Body Pigmentartion Reduction Pack,"<p>Body Pigmentation Pack is a non-greasy formulation packed with<b> Lactic Acid, Urea, Niacinamide and  Aloe Vera extract! 💯</b><br/><br/>➡️ Contains <b> 5% Niacinamide Bodywash & Pigmentation Repair Cr</p>",Be Bodywise,,Skin,"skin, normal, oily, sensitive, combination, pores / blackheads / whiteheads, acne / pimples, Be Bodywise, skin",TRUE,Title,Default Title,body-pigmentation-deal,0,shopify,100,continue,manual,699,1043,TRUE,TRUE,https://i.mscwlns.co/media/misc/pdp_rcl/body-pigmentation-pack/Artboard%201%20%287%29_9gmbrx.jpg?tr=w-600,1,Body Pigmentartion Reduction Pack,FALSE,Body Pigmentartion Reduction Pack,,,,,,new,FALSE,,,,,,,g,,,TRUE,699,1043,active,skin,female,"female-18-25,female-25-35,female-35-plus",70,"normal,oily,sensitive,combination,pores / blackheads / whiteheads,acne / pimples"
4-aha-bha-underarm-rollon-75,4% AHA BHA Roll On - 75 ml,<p>Want to feel fresh & <b>odour-free</b> all day?🤩 <br/><br/>Our 4% AHA BHA Underarm Roll On is <b>100% safe</b> with <b>0% Alcohol</b> & <b>0% Aluminium</b>. It helps to: <br/><br/>🌟 <b> Control body o</p>,Be Bodywise,,Skin,"skin, aha bha, roll on, underarms, Be Bodywise, skin",TRUE,Title,Default Title,4-aha-bha-underarm-rollon-75,0,shopify,100,continue,manual,499,,TRUE,TRUE,https://i.mscwlns.co/media/misc/others/AppThumbnail_UARO_Flora_75ml_ktiuiw.jpg?tr=w-600,1,4% AHA BHA Roll On - 75 ml,FALSE,4% AHA BHA Roll On - 75 ml,,,,,,new,FALSE,,,,,,,g,,,TRUE,499,,active,skin,female,"female-18-25,female-25-35,female-35-plus",79,"aha bha,roll on,underarms"
hydration-sampler-deal,Skin Hydration Sampler kit,"<br/><b>Strawberry Skin & Body Pigmentation Sampler kit works to reduce bumps and pigmentation.🌟</b><br/><br/><b>1% Salicylic Acid Body Wash</b>: Exfoliates and removes dead skin cells, thereby unclog",Be Bodywise,,Skin,"skin, Be Bodywise, skin",TRUE,Title,Default Title,hydration-sampler-deal,0,shopify,100,continue,manual,249,355,TRUE,TRUE,https://i.mscwlns.co/media/misc/pdp_rcl/strawberry-skin-body-pigmentation-sampler-kit/For%20%284%29_be705q.png?tr=w-600,1,Skin Hydration Sampler kit,FALSE,Skin Hydration Sampler kit,,,,,,new,FALSE,,,,,,,g,,,TRUE,249,355,active,skin,female,"female-18-25,female-25-35,female-35-plus",70,
snail-mucin-deal,Snail 96 Mucin Serum (100ml),<br/>🤔Wondering why is snail mucin so <b>hyped</b>?</b><br/><br/>,,,,,,,,,,,,,,,,,,,,,,,,,,,,,,,,,,,,,,,,,,,skin,female,"female-18-25,female-25-35,female-35-plus",70,"active acne & marks - dry skin,fine lines & wrinkles,dry skin,oily skin,normal | combination skin,anti - ageing routine"
➡️Snail secretion ingredients are similar to those of human skin. Just how snail mucin protect's snail's skin,"<b>it can protect huma,Be Bodywise,,Skin,skin",active acne & marks - dry skin,fine lines & wrinkles,dry skin,oily skin,normal | combination skin,anti - ageing routine,Be Bodywise,"skin,TRUE,Title,Default Title,snail-mucin-deal,0,shopify,100,continue,manual,599,894,TRUE,TRUE,https://i.mscwlns.co/media/misc/pdp_rcl/snail-96-mucin-serum/Product_Hero%20%287%29_jsd4p5.jpg?tr=w-600,1,Snail 96 Mucin Serum (100ml),FALSE,Snail 96 Mucin Serum (100ml),,,,,,new,FALSE,,,,,,,g,,,TRUE,599,894,active",,,,,,,,,,,,,,,,,,,,,,,,,,,,,,,,,,,,,,,,
1-salicylic-acid-facewash-deal,1% Salicylic Acid Face Wash (Foam-Based),"<p>If your acne is <b>mild (whiteheads & blackheads)</b> and occasional, then our 1% Salicylic acid facewash can help<br/><br/>",,,,,,,,,,,,,,,,,,,,,,,,,,,,,,,,,,,,,,,,,,,skin,female,"female-18-25,female-25-35,female-35-plus",86,"blackheads,active acne & marks - combination skin,active acne & marks - dry skin,active acne & marks,dry skin,normal | combination skin"
It works by: ⬇️<br/><br/>,,,,,,,,,,,,,,,,,,,,,,,,,,,,,,,,,,,,,,,,,,,,,,,,,
"✅<b>Exfoliating dead skin cells</b>: Glycolic A</p>,Be Bodywise,,Skin,skin",blackheads,active acne & marks - combination skin,active acne & marks - dry skin,active acne & marks,dry skin,normal | combination skin,Be Bodywise,"skin,TRUE,Title,Default Title,1-salicylic-acid-facewash-deal,0,shopify,100,continue,manual,199,343,TRUE,TRUE,https://i.mscwlns.co/media/misc/pdp_rcl/acne-control-wash/1_Product_Hero-1_5zd4hj.jpg?tr=w-600,1,1% Salicylic Acid Face Wash (Foam-Based),FALSE,1% Salicylic Acid Face Wash (Foam-Based),,,,,,new,FALSE,,,,,,,g,,,TRUE,199,343,active",,,,,,,,,,,,,,,,,,,,,,,,,,,,,,,,,,,,,,,,,
05-peptide-shampoo-conditioner-xp-1,Bond Repair Kit (Shampoo + Conditioner),"<p>Be Bodywise Bond Repair Shampoo & Conditioner, enriched with <b>1% Hemi-Squalane, 0.5% Keratin Nanopeptide, and Shea Butter </b> is carefully developed to make your hair strands stronger & healthier <</p>",Be Bodywise,,Hair,"hair, Be Bodywise, hair",TRUE,Title,Default Title,05-peptide-shampoo-conditioner-xp-1,0,shopify,100,continue,manual,899,987,TRUE,TRUE,https://i.mscwlns.co/media/misc/pdp_rcl/05-peptide-shampoo-conditioner/Advanced%20%20%284%29_cwbg9t.png?tr=w-600,1,Bond Repair Kit (Shampoo + Conditioner),FALSE,Bond Repair Kit (Shampoo + Conditioner),,,,,,new,FALSE,,,,,,,g,,,TRUE,899,987,active,hair,female,"female-18-25,female-25-35,female-35-plus",79,
05-peptide-shampoo-conditioner,Bond Repair Kit,"<p>Be Bodywise Bond Repair Shampoo & Conditioner, enriched with <b>1% Hemi-Squalane, 0.5% Keratin Nanopeptide, and Shea Butter </b> is carefully developed to make your hair strands stronger & healthier <</p>",Be Bodywise,,Hair,"hair, hair quallity, rough hair, dull & dry hair, Be Bodywise, hair",TRUE,Title,Default Title,05-peptide-shampoo-conditioner,0,shopify,100,continue,manual,998,,TRUE,TRUE,https://i.mscwlns.co/media/misc/pdp_rcl/05-peptide-shampoo-conditioner/Pep%20kit_j3wssr.jpg?tr=w-600,1,Bond Repair Kit,FALSE,Bond Repair Kit,,,,,,new,FALSE,,,,,,,g,,,TRUE,998,,active,hair,female,"female-18-25,female-25-35,female-35-plus",79,"hair quallity,rough hair,dull & dry hair"
4-aha-bha-underarm-rollon-75-v2,4% AHA BHA Underarm Roll On - 75 mL - Flora,<p>Want to feel fresh & odour-free <b>all day</b>?🤩 <br/><br/>Our 4% AHA BHA Underarm Roll On is <b>100% safe</b> with <b>0% Alcohol</b> & <b>0% Aluminium</b>. It helps to: <br/><br/>🌟 <b> Control body o</p>,Be Bodywise,,Skin,"skin, oily, sensitive, combination, pores / blackheads / whiteheads, pores / blackheads / whiteheads, acne / pimples, Be Bodywise, skin",TRUE,Title,Default Title,4-aha-bha-underarm-rollon-75-v2,0,shopify,100,continue,manual,449,498,TRUE,TRUE,https://i.mscwlns.co/media/misc/pdp_rcl/4-aha-bha-underarm-rollon-75/Product_Hero%20%2817%29_mz3v3p.jpg?tr=w-600,1,4% AHA BHA Underarm Roll On - 75 mL - Flora,FALSE,4% AHA BHA Underarm Roll On - 75 mL - Flora,,,,,,new,FALSE,,,,,,,g,,,TRUE,449,498,active,skin,female,"female-18-25,female-25-35,female-35-plus",79,"oily,sensitive,combination,pores / blackheads / whiteheads,pores / blackheads / whiteheads,acne / pimples"
05-peptide-bond-repair-shampoo,0.5% Peptide Bond Repair Shampoo,"<p>Be Bodywise Bond Repair shampoo, enriched with <b>1% Hemi-Squalane and 0.5% Keratin Nanopeptide, </b> is carefully developed to make your hair strands stronger & healthier <br/> <br/>✅ <b>Repairs dama</p>",Be Bodywise,,Hair,"hair, peptide, shampoo, damaged, Be Bodywise, hair",TRUE,Title,Default Title,05-peptide-bond-repair-shampoo,0,shopify,100,continue,manual,499,,TRUE,TRUE,https://i.mscwlns.co/media/misc/others/AppThumbnail_PeptideShampoo_150ml_kqu9pf.jpg?tr=w-600,1,0.5% Peptide Bond Repair Shampoo,FALSE,0.5% Peptide Bond Repair Shampoo,,,,,,new,FALSE,,,,,,,g,,,TRUE,499,,active,hair,female,"female-18-25,female-25-35,female-35-plus",79,"peptide,shampoo,damaged"
magnesium-glycinate-capsules-60,Magnesium Glycinate Capsules (60 N),<b>Trouble Falling Asleep?</b> <br/> You might need MAGNESIUM! <br/> <br/>✨Magnesium: The Most IGNORED Nutrient ✨ <br/> But your body needs it! 🧘🏽‍♀️💤 <br/><br/> <b>How Does Magnesium Help With Sleep?,Be Bodywise,,Sleep,"sleep, Be Bodywise, sleep",TRUE,Title,Default Title,magnesium-glycinate-capsules-60,0,shopify,100,continue,manual,499,594,TRUE,TRUE,https://i.mscwlns.co/media/misc/pdp_rcl/magnesium-glycinate-gummies-60n/Mg%20gummies%20thumbnail_4icbpe.jpg?tr=w-600,1,Magnesium Glycinate Capsules (60 N),FALSE,Magnesium Glycinate Capsules (60 N),,,,,,new,FALSE,,,,,,,g,,,TRUE,499,594,active,sleep,female,"female-18-25,female-25-35,female-35-plus",70,
underarm-pigmentation-kit-no-fragrance,Underarm Pigmentation Kit - No Fragrance,<b>Want to reduce severe underarm pigmentation in just 3 months? </b><br/>We're here to help! <br><br>Our <b>Underarm Pigmentation Kit</b> contains:<br>🌟 <b>4% AHA BHA Underarm Roll On (AM Use)</b>: 1,Be Bodywise,,Skin,"skin, kit of 2, roll on, cream, kit, oily, sensitive, Be Bodywise, skin",TRUE,Title,Default Title,underarm-pigmentation-kit-no-fragrance,0,shopify,100,continue,manual,759,1039,TRUE,TRUE,https://i.mscwlns.co/media/misc/others/AppThumbnail_PRK_FF_7y6t15.jpg?tr=w-600,1,Underarm Pigmentation Kit - No Fragrance,FALSE,Underarm Pigmentation Kit - No Fragrance,,,,,,new,FALSE,,,,,,,g,,,TRUE,759,1039,active,skin,female,"female-18-25,female-25-35,female-35-plus",70,"kit of 2,roll on,cream,kit,oily,sensitive"
mv-gummies-nutri,Multivitamin Gummies (60),"<br/>Bodywise Multivitamin Gummies fulfil nutrient deficiencies in your body resulting in better energy, metabolism and less stress improving overall health.<br/><br/><b>Why do you need these Multivit",Be Bodywise,,Energy,"energy, endomorph (slow metabolism), digestion / gut health, low metabolism, low energy, mesomorph (easy gain and loss), ectomorph (hard to gain), Be Bodywise, energy",TRUE,Title,Default Title,mv-gummies-nutri,0,shopify,100,continue,manual,699,,TRUE,TRUE,https://i.mscwlns.co/media/misc/pdp_rcl/mv-gummies-nutri/Slide%202_9c6mz3.jpg?tr=w-600,1,Multivitamin Gummies (60),FALSE,Multivitamin Gummies (60),,,,,,new,FALSE,,,,,,,g,,,TRUE,699,,active,energy,"male,female","fefemale-18-25,fefemale-25-35,fefemale-35-plus,female-18-25,female-25-35,female-35-plus",79,"endomorph (slow metabolism),digestion / gut health,low metabolism,low energy,mesomorph (easy gain and loss),ectomorph (hard to gain)"
20-urea-roll-on-50ml,20% Urea Foot and Heel Roll On,"<b>Struggling with cracked, rough, and dry heels?</b> <br/><br/>",,,,,,,,,,,,,,,,,,,,,,,,,,,,,,,,,,,,,,,,,,,skin,female,"female-18-25,female-25-35,female-35-plus",70,"urea,heels,bestseller,bestseller_body,roll on"
Experience the transformation with our <b>20% Urea Foot & Heel Roll On</b>😍 —the ultimate remedy for soft,smooth heels!<br/><br/>,,,,,,,,,,,,,,,,,,,,,,,,,,,,,,,,,,,,,,,,,,,,,,,,
"✨ <b,Be Bodywise,,Skin,skin",urea,heels,bestseller,bestseller_body,roll on,Be Bodywise,"skin,TRUE,Title,Default Title,20-urea-roll-on-50ml,0,shopify,100,continue,manual,349,,TRUE,TRUE,https://i.mscwlns.co/media/misc/others/AppThumbnail_UFRO_f5ttds.jpg?tr=w-600,1,20% Urea Foot and Heel Roll On,FALSE,20% Urea Foot and Heel Roll On,,,,,,new,FALSE,,,,,,,g,,,TRUE,349,,active",,,,,,,,,,,,,,,,,,,,,,,,,,,,,,,,,,,,,,,,,,
brow-lash-serum-deal,Brow & Lash Enhancing Serum - 5ml,"<p>Dual-purpose, <b>100% eye-safe serum</b> to improve density and thickness of brows and eyelashes for fuller-looking eyes<br/><br/>",,,,,,,,,,,,,,,,,,,,,,,,,,,,,,,,,,,,,,,,,,,skin,female,"female-18-25,female-25-35,female-35-plus",70,"undereye treatment,normal | combination skin,dry skin,oily skin"
👉<b>Promotes growth</b>: A potent mix of Anagain,Aminexil,"and Rede</p>,Be Bodywise,,Skin,skin",undereye treatment,normal | combination skin,dry skin,oily skin,Be Bodywise,"skin,TRUE,Title,Default Title,brow-lash-serum-deal,0,shopify,100,continue,manual,299,398,TRUE,TRUE,https://i.mscwlns.co/media/misc/pdp_rcl/brow-lash-serum/Brow%20and%20lash%20serum_esy410.jpg?tr=w-600,1,Brow & Lash Enhancing Serum - 5ml,FALSE,Brow & Lash Enhancing Serum - 5ml,,,,,,new,FALSE,,,,,,,g,,,TRUE,299,398,active",,,,,,,,,,,,,,,,,,,,,,,,,,,,,,,,,,,,,,,,,
body-odour-heel-repair-kit,Body Odour and Heel Repair Kit,"<b>Our 20% Urea roll on is 0% Lanolein wax & 0% Petroleum</b>. It helps to:<br/><br/>🌟 <b>Repair Cracked Heels</b>: 20% Urea helps exfoliate dead skin, repair cracked heels and nourish it.<br/>🌟 <b>Ke",Be Bodywise,,Skin,"skin, oily, sensitive, combination, dullness, oil control, body, Be Bodywise, skin",TRUE,Title,Default Title,body-odour-heel-repair-kit,0,shopify,100,continue,manual,599,696,TRUE,TRUE,https://i.mscwlns.co/media/misc/pdp_rcl/body-odour-heel-repair-kit/IntroPage_94uf9s.jpg?tr=w-600,1,Body Odour and Heel Repair Kit,FALSE,Body Odour and Heel Repair Kit,,,,,,new,FALSE,,,,,,,g,,,TRUE,599,696,active,skin,female,"female-18-25,female-25-35,female-35-plus",70,"oily,sensitive,combination,dullness,oil control,body"
collagen-skin-gummies-free,Vegan Collagen Builder Gummies,"<p>No more fishy-after taste! Say hello to India’s first Vegan Collagen Builder Gummies✨<br/><br/>Be Bodywise Collagen Gummies contain 115 mg of Collagen Boosting Blend with Sea Buckthorn, Curcumin Extra</p>",Be Bodywise,,Skin,"skin, Be Bodywise, skin",TRUE,Title,Default Title,collagen-skin-gummies-free,0,shopify,100,continue,manual,899,998,TRUE,TRUE,https://i.mscwlns.co/mosaic-wellness/image/upload/v1636378364/staging/products/collagen-skin-gummies/CAROUSEL/00.jpg?tr=w-800,1,Vegan Collagen Builder Gummies,FALSE,Vegan Collagen Builder Gummies,,,,,,new,FALSE,,,,,,,g,,,TRUE,899,998,active,skin,female,"female-18-25,female-25-35,female-35-plus",78,
skin-health-gummies-60,Skin Health Gummies (60N),"<p>No more fishy-after taste! Say hello to India’s first Vegan Collagen Builder Gummies✨<br/><br/>Be Bodywise Collagen Gummies contain 115 mg of Collagen Boosting Blend with Sea Buckthorn, Curcumin Extra</p>",Be Bodywise,,Skin,"skin, collagen, gummies, kit, Be Bodywise, skin",TRUE,Title,Default Title,skin-health-gummies-60,0,shopify,100,continue,manual,998,1188,TRUE,TRUE,https://i.mscwlns.co/media/misc/pdp_rcl/skin-health-gummies-60/2%20%287%29_baqrat.jpg?tr=w-600,1,Skin Health Gummies (60N),FALSE,Skin Health Gummies (60N),,,,,,new,FALSE,,,,,,,g,,,TRUE,998,1188,active,skin,female,"female-18-25,female-25-35,female-35-plus",78,"collagen,gummies,kit"
hair-growth-serum-roll-on-xp,Advanced Hair Growth Roll-On,"<b>Hair growth serum with 23% Hair Growth Actives and a roll on applicator for mess-free application. </b> <br/><br/>If you are facing hair thinning, use this to:<br/>📈 Boost Hair Growth<br/>💯 Promote",Be Bodywise,,Hair,"hair, straight, wavy, curly, coloured, chemically treated, hair fall & thinning, Be Bodywise, hair",TRUE,Title,Default Title,hair-growth-serum-roll-on-xp,0,shopify,100,continue,manual,599,,TRUE,TRUE,https://i.mscwlns.co/media/misc/pdp_rcl/hair-growth-serum-pp-roll-on/Hair%20Growth%20Roll%20On_2i8io4.jpg?tr=w-600,1,Advanced Hair Growth Roll-On,FALSE,Advanced Hair Growth Roll-On,,,,,,new,FALSE,,,,,,,g,,,TRUE,599,,active,hair,female,"female-18-25,female-25-35,female-35-plus",70,"straight,wavy,curly,coloured,chemically treated,hair fall & thinning"
10-urea-lotion,10% Urea Body Lotion - 200 ml,<p>Your search for the Ultimate Hydrating Lotion ends here! Say hello to the 10% Urea Lotion by BeBodywise ✨ <b>#1 Recommended solution</b> for Dry skin <br/> <br/>Made with <b>Science-backed actives</b></p>,Be Bodywise,,Skin,"skin, urea, dull-dry-skin, body lotion, Be Bodywise, skin",TRUE,Title,Default Title,10-urea-lotion,0,shopify,100,continue,manual,349,,TRUE,TRUE,https://i.mscwlns.co/media/misc/others/AppThumbnail_UreaLotion_itk4m2.jpg?tr=w-600,1,10% Urea Body Lotion - 200 ml,FALSE,10% Urea Body Lotion - 200 ml,,,,,,new,FALSE,,,,,,,g,,,TRUE,349,,active,skin,female,"female-18-25,female-25-35,female-35-plus",70,"urea,dull-dry-skin,body lotion"
05-ceramide-lotion,0.5% Ceramide Body Lotion - 200 ml,<p>Pamper your skin with the love and care it deserves! 🌸 Introducing Be Bodywise's 0.5% Ceramide Lotion - a luxurious lotion that wraps your skin in deep hydration and nourishment.<br/> <br/>Made with <</p>,Be Bodywise,,Skin,"skin, ceramide, lotion, dull-dry-skin, Be Bodywise, skin",TRUE,Title,Default Title,05-ceramide-lotion,0,shopify,100,continue,manual,399,,TRUE,TRUE,https://i.mscwlns.co/media/misc/others/AppThumbnail_CeramideLotion_4cmdwx.jpg?tr=w-600,1,0.5% Ceramide Body Lotion - 200 ml,FALSE,0.5% Ceramide Body Lotion - 200 ml,,,,,,new,FALSE,,,,,,,g,,,TRUE,399,,active,skin,female,"female-18-25,female-25-35,female-35-plus",70,"ceramide,lotion,dull-dry-skin"
10-magnesium-lotion,10% Magnesium Body Lotion - 200 ml,<p>Need a quick recovery after an intense workout or just relief from the fatigue of a long day? ? Melt away your tiredness with Be Bodywise's 10% Magnesium Lotion 💪✨<br/> <br/>Made with <b>science-backe</p>,Be Bodywise,,Skin,"skin, magnesium, lotion, mango seed butter, cocoa butter, muscle recovery, Be Bodywise, skin",TRUE,Title,Default Title,10-magnesium-lotion,0,shopify,100,continue,manual,549,,TRUE,TRUE,https://i.mscwlns.co/media/misc/others/AppThumbnail_MagLotion_j3f2bv.jpg?tr=w-600,1,10% Magnesium Body Lotion - 200 ml,FALSE,10% Magnesium Body Lotion - 200 ml,,,,,,new,FALSE,,,,,,,g,,,TRUE,549,,active,skin,female,"female-18-25,female-25-35,female-35-plus",70,"magnesium,lotion,mango seed butter,cocoa butter,muscle recovery"
salicylic-acid-cleansing-balm,2% Salicylic Acid Cleansing Balm - 50 g,<p>Melt away your day's makeup with just a little twist! Introducing the <b>Be Bodywise Salicylic Acid Cleansing Balm.</b></br></br>,,,,,,,,,,,,,,,,,,,,,,,,,,,,,,,,,,,,,,,,,,,skin,female,"female-18-25,female-25-35,female-35-plus",70,acne
🌿 <b>Dissolve Dirt,Sunscreen & Makeup: </b>A lightweight,"velvety ba</p>,Be Bodywise,,Skin,skin",acne,Be Bodywise,"skin,TRUE,Title,Default Title,salicylic-acid-cleansing-balm,0,shopify,100,continue,manual,599,,TRUE,TRUE,https://i.mscwlns.co/media/misc/pdp_rcl/salicylic-acid-cleansing-balm/Cleansing%20Balm_h2rkno.jpg?tr=w-600,1,2% Salicylic Acid Cleansing Balm - 50 g,FALSE,2% Salicylic Acid Cleansing Balm - 50 g,,,,,,new,FALSE,,,,,,,g,,,TRUE,599,,active",,,,,,,,,,,,,,,,,,,,,,,,,,,,,,,,,,,,,,,,,,,,
biotin-hair-gummies-breastfeeding-moms-deal,Biotin Hair Gummies for Postpartum Hair Fall,"<br/>These Be Bodywise Hair Gummies, <b>specially made for breastfeeding mothers suffering from post-pregnancy hair fall</b>, are enriched with Biotin, Zinc & essential Multivitamins, giving you the r",Be Bodywise,,Hair,"hair, straight, wavy, curly, coloured, chemically treated, tangled hair, Be Bodywise, hair",TRUE,Title,Default Title,biotin-hair-gummies-breastfeeding-moms-deal,0,shopify,100,continue,manual,499,998,TRUE,TRUE,https://i.mscwlns.co/media/misc/pdp_rcl/biotin-hair-gummies-breastfeeding-moms-deal/Artboard%201%20copy%20%281%29_ip09s0.jpg?tr=w-600,1,Biotin Hair Gummies for Postpartum Hair Fall,FALSE,Biotin Hair Gummies for Postpartum Hair Fall,,,,,,new,FALSE,,,,,,,g,,,TRUE,499,998,active,hair,female,"female-18-25,female-25-35,female-35-plus",78,"straight,wavy,curly,coloured,chemically treated,tangled hair"
4-aha-bha-underarm-rollon-frag-free-75,4% AHA BHA Underarm Roll On - Fragrance Free - 75 ml,<p>Want to feel fresh & <b>odour-free</b> all day?🤩 <br/><br/>Our 4% AHA BHA Underarm Roll On is <b>100% safe</b> with <b>0% Alcohol</b> & <b>0% Aluminium</b>. It helps to:<br/><br/>🌟 <b> Control body od</p>,Be Bodywise,,Skin,"skin, aha bha, roll on, underarms, Be Bodywise, skin",TRUE,Title,Default Title,4-aha-bha-underarm-rollon-frag-free-75,0,shopify,100,continue,manual,499,,TRUE,TRUE,https://i.mscwlns.co/media/misc/others/AppThumbnail_UARO_FF_75ml_er6o2a.jpg?tr=w-600,1,4% AHA BHA Underarm Roll On - Fragrance Free - 75 ml,FALSE,4% AHA BHA Underarm Roll On - Fragrance Free - 75 ml,,,,,,new,FALSE,,,,,,,g,,,TRUE,499,,active,skin,female,"female-18-25,female-25-35,female-35-plus",79,"aha bha,roll on,underarms"
hair-growth-serum-roll-on-scalp-massager,Hair Growth Roll-On Serum & Scalp Massager,<p>Activate your hair's natural growth cycle with our dual action Advanced Hair growth Roll On and Scalp Massager Kit.<br/><br/>Scalp Massager is a <b>powerful tool</b> that:<br/>1. Helps distribute natu</p>,Be Bodywise,,Hair,"hair, Be Bodywise, hair",TRUE,Title,Default Title,hair-growth-serum-roll-on-scalp-massager,0,shopify,100,continue,manual,1098,,TRUE,TRUE,https://i.mscwlns.co/media/misc/pdp_rcl/hair-growth-serum-roll-on-scalp-massager/IntroPageb_dftma1.jpg?tr=w-600,1,Hair Growth Roll-On Serum & Scalp Massager,FALSE,Hair Growth Roll-On Serum & Scalp Massager,,,,,,new,FALSE,,,,,,,g,,,TRUE,1098,,active,hair,female,"female-18-25,female-25-35,female-35-plus",70,
20-urea-roll-on-50ml-xp,20% Urea Roll On | 50 ml,"<b>Struggling with cracked, rough, and dry heels?</b> <br/><br/>",,,,,,,,,,,,,,,,,,,,,,,,,,,,,,,,,,,,,,,,,,,skin,female,"female-18-25,female-25-35,female-35-plus",70,
Experience the transformation with our <b>20% Urea Foot & Heel Roll On</b>😍 —the ultimate remedy for soft,smooth heels!<br/><br/>,,,,,,,,,,,,,,,,,,,,,,,,,,,,,,,,,,,,,,,,,,,,,,,,
"✨ <b,Be Bodywise,,Skin,skin",Be Bodywise,"skin,TRUE,Title,Default Title,20-urea-roll-on-50ml-xp,0,shopify,100,continue,manual,349,,TRUE,TRUE,https://i.mscwlns.co/media/misc/pdp_rcl/20-urea-roll-on-50ml/20%25UreaRoll-On_h6f1sl.jpg?tr=w-600,1,20% Urea Roll On | 50 ml,FALSE,20% Urea Roll On | 50 ml,,,,,,new,FALSE,,,,,,,g,,,TRUE,349,,active",,,,,,,,,,,,,,,,,,,,,,,,,,,,,,,,,,,,,,,,,,,,,,,
hair-health-gummies-for-teens-30,Hair Health Gummies for Teens (30 N),<i>Hair Fall Solution for <b> Teenagers!</b></i><br/><br/>,,,,,,,,,,,,,,,,,,,,,,,,,,,,,,,,,,,,,,,,,,,hair,female,"female-18-25,female-25-35,female-35-plus",79,"straight,wavy,curly,coloured,chemically treated,tangled hair"
Specially made for <b> Teenagers</b> experiencing <b> Hair fall</b> Be Bodywise Hair Gummies are packed with <b> Biotin,"Zinc & essential h,Be Bodywise,,Hair,hair",straight,wavy,curly,coloured,chemically treated,tangled hair,Be Bodywise,"hair,TRUE,Title,Default Title,hair-health-gummies-for-teens-30,0,shopify,100,continue,manual,499,,TRUE,TRUE,https://i.mscwlns.co/media/misc/pdp_rcl/hair-health-gummies-for-teens-30/For%20%287%29_1i9gvv.png?tr=w-600,1,Hair Health Gummies for Teens (30 N),FALSE,Hair Health Gummies for Teens (30 N),,,,,,new,FALSE,,,,,,,g,,,TRUE,499,,active",,,,,,,,,,,,,,,,,,,,,,,,,,,,,,,,,,,,,,,,
collagen-skin-gummies-30n,Collagen Builder Gummies,"<p>No more fishy-after taste! Say hello to India’s first Vegan Collagen Builder Gummies✨<br/><br/>Be Bodywise Collagen Gummies contain 115 mg of Collagen Boosting Blend with Sea Buckthorn, Curcumin Extra</p>",Be Bodywise,,Skin,"skin, collagen, gummies, vitamins & supplements, Be Bodywise, skin",TRUE,Title,Default Title,collagen-skin-gummies-30n,0,shopify,100,continue,manual,549,,TRUE,TRUE,https://i.mscwlns.co/media/misc/others/AppThumbnail_Collagen30_a08cuw.jpg?tr=w-600,1,Collagen Builder Gummies,FALSE,Collagen Builder Gummies,,,,,,new,FALSE,,,,,,,g,,,TRUE,549,,active,skin,female,"female-18-25,female-25-35,female-35-plus",78,"collagen,gummies,vitamins & supplements"
10-urea-lotion-x2,10% Urea Lotion - 200ml,<p>Your search for the Ultimate Hydrating Lotion ends here! Say hello to the 10% Urea Lotion by BeBodywise ✨ <b>#1 Recommended solution</b> for Dry skin <br/> <br/>Made with <b>Science-backed actives</b></p>,Be Bodywise,,Skin,"skin, Be Bodywise, skin",TRUE,Title,Default Title,10-urea-lotion-x2,0,shopify,100,continue,manual,349,,TRUE,TRUE,https://i.mscwlns.co/media/misc/pdp_rcl/10-urea-lotion/IntroPage%20%284%29_lqismn.jpg?tr=w-600,1,10% Urea Lotion - 200ml,FALSE,10% Urea Lotion - 200ml,,,,,,new,FALSE,,,,,,,g,,,TRUE,349,,active,skin,female,"female-18-25,female-25-35,female-35-plus",70,
urea-lotion-sabodywash-sampler,10% Urea Lotion & 1% Salicylic Acid Body Wash Mini,<b>Did you know? 🤔<br/>,,,,,,,,,,,,,,,,,,,,,,,,,,,,,,,,,,,,,,,,,,,skin,female,"female-18-25,female-25-35,female-35-plus",70,
Strawberry skin often comes hand-in-hand with dry skin. 🍓</b><br/>,,,,,,,,,,,,,,,,,,,,,,,,,,,,,,,,,,,,,,,,,,,,,,,,,
Here's how: <br/>,,,,,,,,,,,,,,,,,,,,,,,,,,,,,,,,,,,,,,,,,,,,,,,,,
1️⃣Dry skin causes dead skin buildup,clogging pores & hair follicles,"leading to rough bu,Be Bodywise,,Skin,skin",Be Bodywise,"skin,TRUE,Title,Default Title,urea-lotion-sabodywash-sampler,0,shopify,100,continue,manual,399,448,TRUE,TRUE,https://i.mscwlns.co/media/misc/pdp_rcl/urea-lotion-sabodywash-sampler/IntroPage%20sampler_a2gimf.jpg?tr=w-600,1,10% Urea Lotion & 1% Salicylic Acid Body Wash Mini,FALSE,10% Urea Lotion & 1% Salicylic Acid Body Wash Mini,,,,,,new,FALSE,,,,,,,g,,,TRUE,399,448,active",,,,,,,,,,,,,,,,,,,,,,,,,,,,,,,,,,,,,,,,,,,,,
lip-treatment-balm,Lip Treatment Balm,"<p>Say goodbye to dry, chapped lips this winter! ❄️✨<br/> <br/>Nourish and renew with our <b>Lip Treatment Balm</b>, a rich formula brimming with hydrating oils and butters.<br/> Infused with skin-loving</p>",Be Bodywise,,Skin,"skin, lips, Be Bodywise, skin",TRUE,Title,Default Title,lip-treatment-balm,0,shopify,100,continue,manual,399,,TRUE,TRUE,https://i.mscwlns.co/media/misc/others/AppThumbnail_LipBalm_grin84.jpg?tr=w-600,1,Lip Treatment Balm,FALSE,Lip Treatment Balm,,,,,,new,FALSE,,,,,,,g,,,TRUE,399,,active,skin,female,"female-18-25,female-25-35,female-35-plus",70,lips
10-magnesium-lotion-mini,10% Magnesium Body Lotion Mini  (30 ml),<p>Need a quick recovery after an intense workout or just relief from the fatigue of a long day? ? Melt away your tiredness with Be Bodywise's 10% Magnesium Lotion 💪✨<br/> <br/>Made with <b>science-backe</p>,Be Bodywise,,Skin,"skin, magnesium, lotion, trial, mango seed butter, cocoa butter, Be Bodywise, skin",TRUE,Title,Default Title,10-magnesium-lotion-mini,0,shopify,100,continue,manual,99,,TRUE,TRUE,https://i.mscwlns.co/media/misc/pdp_rcl/10-magnesium-lotion-mini/IntroPage%20mg_a5syez.jpg?tr=w-600,1,10% Magnesium Body Lotion Mini  (30 ml),FALSE,10% Magnesium Body Lotion Mini  (30 ml),,,,,,new,FALSE,,,,,,,g,,,TRUE,99,,active,skin,female,"female-18-25,female-25-35,female-35-plus",70,"magnesium,lotion,trial,mango seed butter,cocoa butter"
10-urea-lotion-mini,10% Urea Body Lotion Mini (30 ml),<p>Your search for the Ultimate Hydrating Lotion ends here! Say hello to the 10% Urea Lotion by BeBodywise ✨ <b>#1 Recommended solution</b> for Dry skin <br/> <br/>Made with <b>Science-backed actives</b></p>,Be Bodywise,,Skin,"skin, Be Bodywise, skin",TRUE,Title,Default Title,10-urea-lotion-mini,0,shopify,100,continue,manual,99,,TRUE,TRUE,https://i.mscwlns.co/media/misc/pdp_rcl/10-urea-lotion-mini/IntroPage%20urea_lwabwf.jpg?tr=w-600,1,10% Urea Body Lotion Mini (30 ml),FALSE,10% Urea Body Lotion Mini (30 ml),,,,,,new,FALSE,,,,,,,g,,,TRUE,99,,active,skin,female,"female-18-25,female-25-35,female-35-plus",70,
05-ceramide-lotion-mini,0.5% Ceramide Body Lotion Mini (30 ml),<p>Pamper your skin with the love and care it deserves! 🌸 Introducing Be Bodywise's 0.5% Ceramide Lotion - a luxurious lotion that wraps your skin in deep hydration and nourishment.<br/> <br/>Made with <</p>,Be Bodywise,,Skin,"skin, Be Bodywise, skin",TRUE,Title,Default Title,05-ceramide-lotion-mini,0,shopify,100,continue,manual,99,,TRUE,TRUE,https://i.mscwlns.co/media/misc/pdp_rcl/05-ceramide-lotion-mini/key-image_8ovo0z.jpg?tr=w-600,1,0.5% Ceramide Body Lotion Mini (30 ml),FALSE,0.5% Ceramide Body Lotion Mini (30 ml),,,,,,new,FALSE,,,,,,,g,,,TRUE,99,,active,skin,female,"female-18-25,female-25-35,female-35-plus",70,
4-aha-bha-underarm-roll-on-aqua,4% AHA BHA Underarm Roll On - 50 mL - Aqua,<p>Want to feel fresh & <b>odour-free</b> all day?🤩 <br/><br/>Our 4% AHA BHA Underarm Roll On is <b>100% safe</b> with <b>0% Alcohol</b> & <b>0% Aluminium</b>. It helps to: <br/><br/>🌟 <b> Control body o</p>,Be Bodywise,,Skin,"skin, aqua, roll on, aha bha, underarms, Be Bodywise, skin",TRUE,Title,Default Title,4-aha-bha-underarm-roll-on-aqua,0,shopify,100,continue,manual,329,346,TRUE,TRUE,https://i.mscwlns.co/media/misc/others/AppThumbnail_UARO_Aqua_hwcd86.jpg?tr=w-600,1,4% AHA BHA Underarm Roll On - 50 mL - Aqua,FALSE,4% AHA BHA Underarm Roll On - 50 mL - Aqua,,,,,,new,FALSE,,,,,,,g,,,TRUE,329,346,active,skin,female,"female-18-25,female-25-35,female-35-plus",79,"aqua,roll on,aha bha,underarms"
4-aha-bha-underarm-roll-on-oudh,4% AHA BHA Underarm Roll On - 50 mL - Oudh,<p>Want to feel fresh & <b>odour-free</b> all day?🤩 <br/><br/>Our 4% AHA BHA Underarm Roll On is <b>100% safe</b> with <b>0% Alcohol</b> & <b>0% Aluminium</b>. It helps to: <br/><br/>🌟 <b> Control body o</p>,Be Bodywise,,Skin,"skin, oudh, aha bha, roll on, underarms, Be Bodywise, skin",TRUE,Title,Default Title,4-aha-bha-underarm-roll-on-oudh,0,shopify,100,continue,manual,329,346,TRUE,TRUE,https://i.mscwlns.co/media/misc/others/AppThumbnail_UARO_Oudh_6sl59k.jpg?tr=w-600,1,4% AHA BHA Underarm Roll On - 50 mL - Oudh,FALSE,4% AHA BHA Underarm Roll On - 50 mL - Oudh,,,,,,new,FALSE,,,,,,,g,,,TRUE,329,346,active,skin,female,"female-18-25,female-25-35,female-35-plus",79,"oudh,aha bha,roll on,underarms"
skin-smoothing-kit,Skin Smoothing Kit,"<p>✨ Transform your skincare routine with the <b> Skin Smoothing Pack </b>- An expertly curated combo, designed to tackle dryness, rough patches, and uneven texture. </br></br>",,,,,,,,,,,,,,,,,,,,,,,,,,,,,,,,,,,,,,,,,,,skin,female,"female-18-25,female-25-35,female-35-plus",70,"kit of 4,aha bha,kit,bodywash,scrub,lotion"
"This kit contains : </br></p>,Be Bodywise,,Skin,skin",kit of 4,aha bha,kit,bodywash,scrub,lotion,Be Bodywise,"skin,TRUE,Title,Default Title,skin-smoothing-kit,0,shopify,100,continue,manual,1,99,TRUE,TRUE,https://i.mscwlns.co/media/misc/pdp_rcl/skin-smoothing-kit/1_2_6posaq.jpg?tr=w-600,1,Skin Smoothing Kit,FALSE,Skin Smoothing Kit,,,,,,new,FALSE,,,,,,,g,,,TRUE,1,99,active",,,,,,,,,,,,,,,,,,,,,,,,,,,,,,,,,,,,,,,,,
urea-skin-heel-repair-kit-75ml-xp,Urea Skin & Heel Repair Kit,<p>Give your dry skin the love it deserves with the <b>Urea Skin & Heel Repair Kit</b> – A Clinically Proven solution for Deep Hydration from Head to Heel! </br> </br>,,,,,,,,,,,,,,,,,,,,,,,,,,,,,,,,,,,,,,,,,,,skin,female,"female-18-25,female-25-35,female-35-plus",70,
✨ <b>Why Urea?</b> </br>,,,,,,,,,,,,,,,,,,,,,,,,,,,,,,,,,,,,,,,,,,,,,,,,,
"Urea is a </p>,Be Bodywise,,Skin,skin",Be Bodywise,"skin,TRUE,Title,Default Title,urea-skin-heel-repair-kit-75ml-xp,0,shopify,100,continue,manual,899,946,TRUE,TRUE,https://i.mscwlns.co/media/misc/pdp_rcl/urea-skin-heel-repair-kit-75ml/4%25AHABHARollOn%20copy%208%20%281%29_624cgm.jpg?tr=w-600,1,Urea Skin & Heel Repair Kit,FALSE,Urea Skin & Heel Repair Kit,,,,,,new,FALSE,,,,,,,g,,,TRUE,899,946,active",,,,,,,,,,,,,,,,,,,,,,,,,,,,,,,,,,,,,,,,,,,,,,,
magnesium-gummies-and-lotion-kit,Magnesium Care Kit for deep sleep & recovery,"<b>Body tired, mind restless - yet sleep won't come?</b><br/><br/>",,,,,,,,,,,,,,,,,,,,,,,,,,,,,,,,,,,,,,,,,,,sleep,female,"female-18-25,female-25-35,female-35-plus",70,"kit of 2,magnesium,gummies,lotion,kit,muscle recovery"
We have got you covered with the ultimate Magnesium Kit for <b>deep sleep,stress relief,and muscle recovery!</b><br/><br/>,,,,,,,,,,,,,,,,,,,,,,,,,,,,,,,,,,,,,,,,,,,,,,,
"🌿 Fact,Be Bodywise,,Sleep,sleep",kit of 2,magnesium,gummies,lotion,kit,muscle recovery,Be Bodywise,"sleep,TRUE,Title,Default Title,magnesium-gummies-and-lotion-kit,0,shopify,100,continue,manual,1299,1493,TRUE,TRUE,https://i.mscwlns.co/media/misc/others/AppThumbnail_MgKit_1yy5wt.jpg?tr=w-600,1,Magnesium Care Kit for deep sleep & recovery,FALSE,Magnesium Care Kit for deep sleep & recovery,,,,,,new,FALSE,,,,,,,g,,,TRUE,1299,1493,active",,,,,,,,,,,,,,,,,,,,,,,,,,,,,,,,,,,,,,,,,
6-aha-bha-underarm-roll-on,6% AHA BHA Underarm Roll On,<p>Introducing the <b>6% AHA BHA Underarm Roll-On ✨</b>—Our most effective formula yet for odour control & undeararm pigmentation.<br/><br/>,,,,,,,,,,,,,,,,,,,,,,,,,,,,,,,,,,,,,,,,,,,skin,female,"female-18-25,female-25-35,female-35-plus",70,"aha bha,underarms,bestseller,bestseller_body,roll-on"
Made with science-backed actives,"this <b>advanced formulatio</p>,Be Bodywise,,Skin,skin",aha bha,underarms,bestseller,bestseller_body,roll-on,Be Bodywise,"skin,TRUE,Title,Default Title,6-aha-bha-underarm-roll-on,0,shopify,100,continue,manual,399,,TRUE,TRUE,https://i.mscwlns.co/media/misc/others/AppThumbnail_6_UARO_Flora_kihum2.jpg?tr=w-600,1,6% AHA BHA Underarm Roll On,FALSE,6% AHA BHA Underarm Roll On,,,,,,new,FALSE,,,,,,,g,,,TRUE,399,,active",,,,,,,,,,,,,,,,,,,,,,,,,,,,,,,,,,,,,,,,,
magnesium-glycinate-gummies-60n-xp1,Magnesium Glycinate Gummies 30N,"<b>Stressed, Anxious & Struggling to Sleep? </b> <br/> You might need MAGNESIUM! <br/> <br/>✨<b>Magnesium:  The Overlooked Key to Sleep, Stress & Anxiety Relief</b> ✨ <br/> Your body depends on it for",Be Bodywise,,Sleep,"sleep, Be Bodywise, sleep",TRUE,Title,Default Title,magnesium-glycinate-gummies-60n-xp1,0,shopify,100,continue,manual,599,,TRUE,TRUE,https://i.mscwlns.co/media/misc/others/AppThumbnail_MgGummies60N_bbpixy.jpg?tr=w-600,1,Magnesium Glycinate Gummies 30N,FALSE,Magnesium Glycinate Gummies 30N,,,,,,new,FALSE,,,,,,,g,,,TRUE,599,,active,sleep,female,"female-18-25,female-25-35,female-35-plus",70,
magnesium-glycinate-gummies-60n-2-months,Magnesium Glycinate Gummies - 2 Months Pack,"<b>Stressed, Anxious & Struggling to Sleep? </b> <br/> You might need MAGNESIUM! <br/> <br/>✨<b>Magnesium:  The Overlooked Key to Sleep, Stress & Anxiety Relief</b> ✨ <br/> Your body depends on it for",Be Bodywise,,Sleep,"sleep, kit of 2, magnesium, gummies, sleep, stress, muscle recovery, Be Bodywise, sleep",TRUE,Title,Default Title,magnesium-glycinate-gummies-60n-2-months,0,shopify,100,continue,manual,1589,1986,TRUE,TRUE,https://i.mscwlns.co/media/misc/others/AppThumbnail_MgGummies60N_x2_41pwfd.jpg?tr=w-600,1,Magnesium Glycinate Gummies - 2 Months Pack,FALSE,Magnesium Glycinate Gummies - 2 Months Pack,,,,,,new,FALSE,,,,,,,g,,,TRUE,1589,1986,active,sleep,female,"female-18-25,female-25-35,female-35-plus",70,"kit of 2,magnesium,gummies,sleep,stress,muscle recovery"
keratin-shampoo-sampler-free,Keratin Shampoo Mini,"<br/> Contains 25 ml <br/><br/>Be Bodywise shampoo is enriched with keratin, biotin, caffeine & other nutrients, carefully developed to make your hair stronger, healthier & hair fall resistant<br/><br",Be Bodywise,,Hair,"hair, Be Bodywise, hair",TRUE,Title,Default Title,keratin-shampoo-sampler-free,0,shopify,100,continue,manual,59,98,TRUE,TRUE,https://i.mscwlns.co/media/misc/pdp_rcl/keratin-shampoo-sampler/Sample_fv_DQmEMkGPB.png?tr=w-600,1,Keratin Shampoo Mini,FALSE,Keratin Shampoo Mini,,,,,,new,FALSE,,,,,,,g,,,TRUE,59,98,active,hair,female,"female-18-25,female-25-35,female-35-plus",79,
glycolic-acid-stick,7% Glycolic Acid Exfoliating Body Stick - 30g,<b>India’s First Glycolic Acid Body Stick</b> For Effortless Exfoliation 😍</br></br>,,,,,,,,,,,,,,,,,,,,,,,,,,,,,,,,,,,,,,,,,,,skin,female,"female-18-25,female-25-35,female-35-plus",70,"glycolic acid,stick,bestseller,roll on,strawberry"
Say goodbye to KP bumps,ingrown hairs,and strawberry skin without the mess of liquid toners!</br></br>,,,,,,,,,,,,,,,,,,,,,,,,,,,,,,,,,,,,,,,,,,,,,,,
"✨ Why Yo,Be Bodywise,,Skin,skin",glycolic acid,stick,bestseller,roll on,strawberry,Be Bodywise,"skin,TRUE,Title,Default Title,glycolic-acid-stick,0,shopify,100,continue,manual,549,596,TRUE,TRUE,https://i.mscwlns.co/media/misc/others/AppThumbnail_GlycolicStick_510b8q.jpg?tr=w-600,1,7% Glycolic Acid Exfoliating Body Stick - 30g,FALSE,7% Glycolic Acid Exfoliating Body Stick - 30g,,,,,,new,FALSE,,,,,,,g,,,TRUE,549,596,active",,,,,,,,,,,,,,,,,,,,,,,,,,,,,,,,,,,,,,,,,,
advanced-underarm-pigmentation-kit,Advanced Underarm Pigmentation Kit,"<p>Say hello to the <b>Advanced Underarm Pigmentation Kit</b> - now with a stronger, more effective formula!<br/>",,,,,,,,,,,,,,,,,,,,,,,,,,,,,,,,,,,,,,,,,,,skin,female,"female-18-25,female-25-35,female-35-plus",70,"kit of 2,aha bha,roll on,bestseller,bestseller_body,cream"
With a higher concentration of actives,"this <b> advanced formula</b> delivers <b> better</p>,Be Bodywise,,Skin,skin",kit of 2,aha bha,roll on,bestseller,bestseller_body,cream,Be Bodywise,"skin,TRUE,Title,Default Title,advanced-underarm-pigmentation-kit,0,shopify,100,continue,manual,859,1047,TRUE,TRUE,https://i.mscwlns.co/media/misc/others/AppThumbnail_APRK_91ljnf.jpg?tr=w-600,1,Advanced Underarm Pigmentation Kit,FALSE,Advanced Underarm Pigmentation Kit,,,,,,new,FALSE,,,,,,,g,,,TRUE,859,1047,active",,,,,,,,,,,,,,,,,,,,,,,,,,,,,,,,,,,,,,,,
hair-gummies-60-pack-of-2,Hair Gummies Pack of 2,"<p>Recommended solution for <b> Stage 1 Hair Loss</b><br/><br/>Be Bodywise Hair Gummies are packed with <b> Biotin, Zinc & essential hair Multivitamins, </b> which will give you the right nutrition🥦 to r</p>",Be Bodywise,,Hair,"hair, kit of 2, biotin, gummies, kit, hairfall, Be Bodywise, hair",TRUE,Title,Default Title,hair-gummies-60-pack-of-2,0,shopify,100,continue,manual,1698,1997,TRUE,TRUE,https://i.mscwlns.co/media/misc/pdp_rcl/hair-gummies-60-pack-of-2/BB-60-pack-of-2-hero_3zzvcr.jpg?tr=w-600,1,Hair Gummies Pack of 2,FALSE,Hair Gummies Pack of 2,,,,,,new,FALSE,,,,,,,g,,,TRUE,1698,1997,active,hair,female,"female-18-25,female-25-35,female-35-plus",81,"kit of 2,biotin,gummies,kit,hairfall"
10-aha-scrub-deal,10% AHA Scrub - 300g,"<p>Our 10% AHA Body Scrub combines the power of chemical and physical exfoliation to target stubborn skin concerns.<br/>💪 Lactic acid, an alpha-hydroxy acid (AHA), gently dissolves dead skin cells 💫,whil</p>",Be Bodywise,,Skin,"skin, Be Bodywise, skin",TRUE,Title,Default Title,10-aha-scrub-deal,0,shopify,100,continue,manual,479,694,TRUE,TRUE,https://i.mscwlns.co/media/misc/pdp_rcl/10-aha-body-scrub-300/IntroPage%20%282%29_jx3ql7.jpg?tr=w-600,1,10% AHA Scrub - 300g,FALSE,10% AHA Scrub - 300g,,,,,,new,FALSE,,,,,,,g,,,TRUE,479,694,active,skin,female,"female-18-25,female-25-35,female-35-plus",70,
underarm-roll-on-watermelon-deal,4% AHA BHA Underarm Roll On - 50 mL - Watermelon,<p>Want to feel fresh & <b>odour-free</b> all day?🤩 <br/><br/>Our 4% AHA BHA Underarm Roll On is <b>100% safe</b> with <b>0% Alcohol</b> & <b>0% Aluminium</b>. It helps to: <br/><br/>🌟 <b> Control body o</p>,Be Bodywise,,Skin,"skin, Be Bodywise, skin",TRUE,Title,Default Title,underarm-roll-on-watermelon-deal,0,shopify,100,continue,manual,299,347,TRUE,TRUE,https://i.mscwlns.co/media/misc/pdp_rcl/4-aha-bha-underarm-roll-on-watermelon/UARO%20watermelon%20Thumbnail_m5jsn3.jpg?tr=w-600,1,4% AHA BHA Underarm Roll On - 50 mL - Watermelon,FALSE,4% AHA BHA Underarm Roll On - 50 mL - Watermelon,,,,,,new,FALSE,,,,,,,g,,,TRUE,299,347,active,skin,female,"female-18-25,female-25-35,female-35-plus",70,
5-aha-bha-bodywash,5% AHA BHA Exfoliating Body Wash - 250 mL,<p>Looking for <b>one body wash that does it all?</b></br>,,,,,,,,,,,,,,,,,,,,,,,,,,,,,,,,,,,,,,,,,,,skin,female,"female-18-25,female-25-35,female-35-plus",70,"aha bha,lactic acid,salicylic acid,glycolic acid,bacne,strawberry"
Meet the <b>Be Bodywise 5% AHA BHA Exfoliating Body Wash</b> for all your needs!`</br></br>,,,,,,,,,,,,,,,,,,,,,,,,,,,,,,,,,,,,,,,,,,,,,,,,,
✨ Why You’ll Love It?</br>,,,,,,,,,,,,,,,,,,,,,,,,,,,,,,,,,,,,,,,,,,,,,,,,,
"🔹<b>De-tans:</b> Helps r</p>,Be Bodywise,,Skin,skin",aha bha,lactic acid,salicylic acid,glycolic acid,bacne,strawberry,Be Bodywise,"skin,TRUE,Title,Default Title,5-aha-bha-bodywash,0,shopify,100,continue,manual,399,,TRUE,TRUE,https://i.mscwlns.co/media/misc/others/AppThumbnail_EBW_ggg4l2.jpg?tr=w-600,1,5% AHA BHA Exfoliating Body Wash - 250 mL,FALSE,5% AHA BHA Exfoliating Body Wash - 250 mL,,,,,,new,FALSE,,,,,,,g,,,TRUE,399,,active",,,,,,,,,,,,,,,,,,,,,,,,,,,,,,,,,,,,,,,,,
1-salicylic-acid-body-wash-30ml-free-xp,1% Salicylic Acid Body Wash Mini (30 ml),<br><b>▶ Exfoliates & removes dead skin cells</b><br><b>▶Prevents body acne by unclogging pores </b><br><b>▶Improves strawberry legs appearance over time when used with Lactic Acid Lotion</b><br><,Be Bodywise,,Skin,"skin, Be Bodywise, skin",TRUE,Title,Default Title,1-salicylic-acid-body-wash-30ml-free-xp,0,shopify,100,continue,manual,59,98,TRUE,TRUE,https://i.mscwlns.co/media/misc/pdp_rcl/1-salicylic-acid-body-wash-30ml/BW---BodyWash-30-ml---PNG_xtClr8oYJ.png?tr=w-600,1,1% Salicylic Acid Body Wash Mini (30 ml),FALSE,1% Salicylic Acid Body Wash Mini (30 ml),,,,,,new,FALSE,,,,,,,g,,,TRUE,59,98,active,skin,female,"female-18-25,female-25-35,female-35-plus",79,
urea-skin-heel-repair-kit-75ml,Urea Skin & Heel Repair Kit - 75 ml,<p>Give your dry skin the love it deserves with the <b>Urea Skin & Heel Repair Kit</b> – A Clinically Proven solution for Deep Hydration from Head to Heel! </br> </br>,,,,,,,,,,,,,,,,,,,,,,,,,,,,,,,,,,,,,,,,,,,skin,female,"female-18-25,female-25-35,female-35-plus",70,"kit of 2,urea,roll on,lotion,kit"
✨ <b>Why Urea?</b> </br>,,,,,,,,,,,,,,,,,,,,,,,,,,,,,,,,,,,,,,,,,,,,,,,,,
"Urea is a </p>,Be Bodywise,,Skin,skin",kit of 2,urea,roll on,lotion,kit,Be Bodywise,"skin,TRUE,Title,Default Title,urea-skin-heel-repair-kit-75ml,0,shopify,100,continue,manual,948,,TRUE,TRUE,https://i.mscwlns.co/media/misc/others/AppThumbnail_UreaKit75ml_elxhr6.jpg?tr=w-600,1,Urea Skin & Heel Repair Kit - 75 ml,FALSE,Urea Skin & Heel Repair Kit - 75 ml,,,,,,new,FALSE,,,,,,,g,,,TRUE,948,,active",,,,,,,,,,,,,,,,,,,,,,,,,,,,,,,,,,,,,,,,,,
ceramide-lotion-deal,0.5% Ceramide Lotion - 200 ml,<p>Pamper your skin with the love and care it deserves! 🌸 Introducing Be Bodywise's 0.5% Ceramide Lotion - a luxurious lotion that wraps your skin in deep hydration and nourishment.<br/> <br/>Made with <</p>,Be Bodywise,,Skin,"skin, Be Bodywise, skin",TRUE,Title,Default Title,ceramide-lotion-deal,0,shopify,100,continue,manual,329,396,TRUE,TRUE,https://i.mscwlns.co/media/misc/pdp_rcl/05-ceramide-lotion/Ceramide%20Lotion_eaakcc.jpg?tr=w-600,1,0.5% Ceramide Lotion - 200 ml,FALSE,0.5% Ceramide Lotion - 200 ml,,,,,,new,FALSE,,,,,,,g,,,TRUE,329,396,active,skin,female,"female-18-25,female-25-35,female-35-plus",70,
6-aha-bha-underarm-roll-on-xp,6% AHA BHA Underarm Roll On - Flora,<p>Introducing the <b>6% AHA BHA Underarm Roll-On ✨</b>—Our most effective formula yet for odour control & undeararm pigmentation.<br/><br/>,,,,,,,,,,,,,,,,,,,,,,,,,,,,,,,,,,,,,,,,,,,skin,female,"female-18-25,female-25-35,female-35-plus",70,
Made with science-backed actives,"this <b>advanced formulatio</p>,Be Bodywise,,Skin,skin",Be Bodywise,"skin,TRUE,Title,Default Title,6-aha-bha-underarm-roll-on-xp,0,shopify,100,continue,manual,399,,TRUE,TRUE,https://i.mscwlns.co/media/misc/pdp_rcl/4-aha-bha-underarm-roll-on/UARO%20Flora%20Thumbnail_j8ooi5.jpg?tr=w-600,1,6% AHA BHA Underarm Roll On - Flora,FALSE,6% AHA BHA Underarm Roll On - Flora,,,,,,new,FALSE,,,,,,,g,,,TRUE,399,,active",,,,,,,,,,,,,,,,,,,,,,,,,,,,,,,,,,,,,,,,,,,,,,
hair-growth-serum-roll-on-50ml-pack2,Advanced Hair Growth Roll On (Pack of 2),<b>Real hair growth starts at 8-12 weeks with consistent use of hair serum.</b><br/><br/><b>Advanced hair growth serum with 23% Hair Growth Actives and roll on applicator for mess-free application.</b,Be Bodywise,,Hair,"hair, Be Bodywise, hair",TRUE,Title,Default Title,hair-growth-serum-roll-on-50ml-pack2,0,shopify,100,continue,manual,1698,,TRUE,TRUE,https://i.mscwlns.co/media/misc/pdp_rcl/hair-growth-serum-pp-roll-on/Hair%20Growth%20Roll%20On_2i8io4.jpg?tr=w-600,1,Advanced Hair Growth Roll On (Pack of 2),FALSE,Advanced Hair Growth Roll On (Pack of 2),,,,,,new,FALSE,,,,,,,g,,,TRUE,1698,,active,hair,female,"female-18-25,female-25-35,female-35-plus",70,
hair-growth-serum-roll-on-50ml-pack3,Advanced Hair Growth Roll-On (Pack of 3),<p>Hair Growth Serum Roll-On is <b>India's first hair treatment with a roll-on applicator for mess-free application</b><br/><br/>With 23% Hair Growth Actives<br/>This serum is infused with <b>3% Rosemary</p>,Be Bodywise,,Hair,"hair, straight, wavy, curly, coloured, chemically treated, hair fall & thinning, Be Bodywise, hair",TRUE,Title,Default Title,hair-growth-serum-roll-on-50ml-pack3,0,shopify,100,continue,manual,2547,,TRUE,TRUE,https://i.mscwlns.co/media/misc/pdp_rcl/hair-growth-serum-pp-roll-on/Hair%20Growth%20Roll%20On_2i8io4.jpg?tr=w-600,1,Advanced Hair Growth Roll-On (Pack of 3),FALSE,Advanced Hair Growth Roll-On (Pack of 3),,,,,,new,FALSE,,,,,,,g,,,TRUE,2547,,active,hair,female,"female-18-25,female-25-35,female-35-plus",70,"straight,wavy,curly,coloured,chemically treated,hair fall & thinning"
hair-growth-serum-roll-on-50ml,Advanced Hair Growth Roll On 50mL,"<b> Did you know 8/10 women experience hair fall in addition to hair thinning? <br/> If you are struggling with the same, we have a better solution for you: <u><a href= https://bebodywise.com/product/",Be Bodywise,,Hair,"hair, rosemary, serum, roll on, thinning, Be Bodywise, hair",TRUE,Title,Default Title,hair-growth-serum-roll-on-50ml,0,shopify,100,continue,manual,849,,TRUE,TRUE,https://i.mscwlns.co/media/misc/others/AppThumbnail_HGRO50ml_3vl37n.jpg?tr=w-600,1,Advanced Hair Growth Roll On 50mL,FALSE,Advanced Hair Growth Roll On 50mL,,,,,,new,FALSE,,,,,,,g,,,TRUE,849,,active,hair,female,"female-18-25,female-25-35,female-35-plus",70,"rosemary,serum,roll on,thinning"
12-aha-scrub,12% AHA Scrub - 300gm,"<p>Meet the <b>12% AHA Body Scrub</b> – your expert-formulated fix for strawberry skin, rough bumps, and tanning. Now boosted with <b>2% Glycolic Acid</b>, it deeply exfoliates and reveals visibly smooth</p>",Be Bodywise,,Skin,"skin, aha, scrub, strawberry, Be Bodywise, skin",TRUE,Title,Default Title,12-aha-scrub,0,shopify,100,continue,manual,699,,TRUE,TRUE,https://i.mscwlns.co/media/misc/others/AppThumbnail_12_AHAScrub_7qciqc.jpg?tr=w-600,1,12% AHA Scrub - 300gm,FALSE,12% AHA Scrub - 300gm,,,,,,new,FALSE,,,,,,,g,,,TRUE,699,,active,skin,female,"female-18-25,female-25-35,female-35-plus",70,"aha,scrub,strawberry"
magnesium-gummies-and-lotion-kit-xp,Complete Magnesium Care,<p>India's 1st <b>Complete Magnesium Care</b> Kit <br/>,,,,,,,,,,,,,,,,,,,,,,,,,,,,,,,,,,,,,,,,,,,sleep,female,"female-18-25,female-25-35,female-35-plus",70,
For <b>faster recovery,improved sleep quality & muscle relaxation</b> <br/><br/>,,,,,,,,,,,,,,,,,,,,,,,,,,,,,,,,,,,,,,,,,,,,,,,,
"Our carefully curated Magnesium kit restores balance and relaxat</p>,Be Bodywise,,Sleep,sleep",Be Bodywise,"sleep,TRUE,Title,Default Title,magnesium-gummies-and-lotion-kit-xp,0,shopify,100,continue,manual,899,946,TRUE,TRUE,https://i.mscwlns.co/media/misc/pdp_rcl/magnesium-gummies-and-lotion-kit-xp/thumb%20%281%29_id6r9l.jpg?tr=w-600,1,Complete Magnesium Care,FALSE,Complete Magnesium Care,,,,,,new,FALSE,,,,,,,g,,,TRUE,899,946,active",,,,,,,,,,,,,,,,,,,,,,,,,,,,,,,,,,,,,,,,,,,,,,,
hair-growth-serum-roll-on-influencer,Advanced Hair Growth Serum Roll On (25ml),"<p>8 out of 10 women experience hair fall along with visible hair thinning.If you’re noticing hair fall, widening partition, reduced density, or thinner hair over time - you need a solution that works at</p>",Be Bodywise,,Hair,"hair, Be Bodywise, hair",TRUE,Title,Default Title,hair-growth-serum-roll-on-influencer,0,shopify,100,continue,manual,569,598,TRUE,TRUE,https://i.mscwlns.co/media/misc/pdp_rcl/hair-growth-serum-roll-on/Hair%20Growth%20Roll%20On_af6ryi.jpg?tr=w-600,1,Advanced Hair Growth Serum Roll On (25ml),FALSE,Advanced Hair Growth Serum Roll On (25ml),,,,,,new,FALSE,,,,,,,g,,,TRUE,569,598,active,hair,female,"female-18-25,female-25-35,female-35-plus",70,
magnesium-glycinate-gummies-menopause,Magnesium Glycinate Gummies for Perimenopause Care,"<b>Stressed, Anxious & Struggling to Sleep? </b> <br/> You might need MAGNESIUM! <br/> <br/>✨<b>Magnesium:  The Overlooked Key to Sleep, Stress & Anxiety Relief</b> ✨ <br/> Your body depends on it for",Be Bodywise,,Sleep,"sleep, Be Bodywise, sleep",TRUE,Title,Default Title,magnesium-glycinate-gummies-menopause,0,shopify,100,continue,manual,899,998,TRUE,TRUE,https://i.mscwlns.co/media/misc/pdp_rcl/magnesium-glycinate-gummies-60n/Mg%20gummies%20thumbnail_4icbpe.jpg?tr=w-600,1,Magnesium Glycinate Gummies for Perimenopause Care,FALSE,Magnesium Glycinate Gummies for Perimenopause Care,,,,,,new,FALSE,,,,,,,g,,,TRUE,899,998,active,sleep,female,"female-18-25,female-25-35,female-35-plus",70,
hair-growth-serum-roll-on-xp4-3,Advanced Hair Growth Roll On 25mL Pack of 3,"<b> Did you know 8/10 women experience hair fall in addition to hair thinning? <br/> If you are struggling with the same, we have a better solution for you: <u><a href= https://bebodywise.com/product/",Be Bodywise,,Hair,"hair, kit of 2, rosemary, serum, roll on, kit, thinning, Be Bodywise, hair",TRUE,Title,Default Title,hair-growth-serum-roll-on-xp4-3,0,shopify,100,continue,manual,1399,1793,TRUE,TRUE,https://i.mscwlns.co/media/misc/pdp_rcl/hair-growth-serum-roll-on/Hair%20Growth%20Roll%20On_af6ryi.jpg?tr=w-600,1,Advanced Hair Growth Roll On 25mL Pack of 3,FALSE,Advanced Hair Growth Roll On 25mL Pack of 3,,,,,,new,FALSE,,,,,,,g,,,TRUE,1399,1793,active,hair,female,"female-18-25,female-25-35,female-35-plus",70,"kit of 2,rosemary,serum,roll on,kit,thinning"
hair-growth-serum-roll-on-keto-150ml,Dandruff Control and Hair Growth Kit,"<b>For women facing thinning hair, frizz and dry strands.<br/><br/> A flaky, itchy scalp can block nutrients and lead to hair thinning over time. This kit is designed to clear dandruff at the root and",Be Bodywise,,Hair,"hair, Be Bodywise, hair",TRUE,Title,Default Title,hair-growth-serum-roll-on-keto-150ml,0,shopify,100,continue,manual,1049,1092,TRUE,TRUE,https://i.mscwlns.co/media/misc/pdp_rcl/hair-growth-serum-roll-on-keto-150ml/Untitled%20%281%29_bn8sl7.jpg?tr=w-600,1,Dandruff Control and Hair Growth Kit,FALSE,Dandruff Control and Hair Growth Kit,,,,,,new,FALSE,,,,,,,g,,,TRUE,1049,1092,active,hair,female,"female-18-25,female-25-35,female-35-plus",70,
hair-growth-serum-roll-on-peptide-shampoo,Hair Breakage Control and Growth Kit,"<b>For women facing hair thinning, breakage & damaged bonds<br/><br/>Thinning hair is often a sign of deeper damage like broken bonds and weak strands. This kit is designed to work at the root and str",Be Bodywise,,Hair,"hair, Be Bodywise, hair",TRUE,Title,Default Title,hair-growth-serum-roll-on-peptide-shampoo,0,shopify,100,continue,manual,1049,1092,TRUE,TRUE,https://i.mscwlns.co/media/misc/pdp_rcl/hair-growth-serum-roll-on-peptide-shampoo/3%20%283%29_5zf5oo.jpg?tr=w-600,1,Hair Breakage Control and Growth Kit,FALSE,Hair Breakage Control and Growth Kit,,,,,,new,FALSE,,,,,,,g,,,TRUE,1049,1092,active,hair,female,"female-18-25,female-25-35,female-35-plus",70,
hair-growth-serum-roll-on-xp4-2,Advanced Hair Growth Roll On 25mL Pack of 2,"<b> Did you know 8/10 women experience hair fall in addition to hair thinning? <br/> If you are struggling with the same, we have a better solution for you: <u><a href= https://bebodywise.com/product/",Be Bodywise,,Hair,"hair, kit of 2, rosemary, serum, roll on, kit, thinning, Be Bodywise, hair",TRUE,Title,Default Title,hair-growth-serum-roll-on-xp4-2,0,shopify,100,continue,manual,999,1189,TRUE,TRUE,https://i.mscwlns.co/media/misc/pdp_rcl/hair-growth-serum-roll-on/Hair%20Growth%20Roll%20On_af6ryi.jpg?tr=w-600,1,Advanced Hair Growth Roll On 25mL Pack of 2,FALSE,Advanced Hair Growth Roll On 25mL Pack of 2,,,,,,new,FALSE,,,,,,,g,,,TRUE,999,1189,active,hair,female,"female-18-25,female-25-35,female-35-plus",70,"kit of 2,rosemary,serum,roll on,kit,thinning"
4-aha-bha-underarm-roll-on-pack-one,4% AHA BHA Underarm Roll on - Flora,<p>Want to feel fresh & <b>odour-free</b> all day?🤩 <br/><br/>Our 4% AHA BHA Underarm Roll On is <b>100% safe</b> with <b>0% Alcohol</b> & <b>0% Aluminium</b>. It helps to: <br/><br/>🌟 <b> Control body o</p>,Be Bodywise,,Skin,"skin, Be Bodywise, skin",TRUE,Title,Default Title,4-aha-bha-underarm-roll-on-pack-one,0,shopify,100,continue,manual,329,346,TRUE,TRUE,https://i.mscwlns.co/media/misc/pdp_rcl/4-aha-bha-underarm-roll-on/UARO%20Flora%20Thumbnail_j8ooi5.jpg?tr=w-600,1,4% AHA BHA Underarm Roll on - Flora,FALSE,4% AHA BHA Underarm Roll on - Flora,,,,,,new,FALSE,,,,,,,g,,,TRUE,329,346,active,skin,female,"female-18-25,female-25-35,female-35-plus",79,
4-aha-bha-underarm-roll-on-flora-xp,4% AHA BHA Underarm Roll On - 50 mL - Flora,<p>Want to feel fresh & <b>odour-free</b> all day?🤩 <br/><br/>Our 4% AHA BHA Underarm Roll On is <b>100% safe</b> with <b>0% Alcohol</b> & <b>0% Aluminium</b>. It helps to: <br/><br/>🌟 <b> Control body o</p>,Be Bodywise,,Skin,"skin, Be Bodywise, skin",TRUE,Title,Default Title,4-aha-bha-underarm-roll-on-flora-xp,0,shopify,100,continue,manual,329,346,TRUE,TRUE,https://i.mscwlns.co/media/misc/pdp_rcl/4-aha-bha-underarm-roll-on/UARO%20Flora%20Thumbnail_j8ooi5.jpg?tr=w-600,1,4% AHA BHA Underarm Roll On - 50 mL - Flora,FALSE,4% AHA BHA Underarm Roll On - 50 mL - Flora,,,,,,new,FALSE,,,,,,,g,,,TRUE,329,346,active,skin,female,"female-18-25,female-25-35,female-35-plus",79,
hair-growth-roll-on-new,Hair Growth Roll On,"<b> Did you know 8/10 women experience hair fall in addition to hair thinning? <br/> If you are struggling with the same, we have a better solution for you: <u><a href= https://bebodywise.com/product/",Be Bodywise,,Hair,"hair, Be Bodywise, hair",TRUE,Title,Default Title,hair-growth-roll-on-new,0,shopify,100,continue,manual,569,598,TRUE,TRUE,https://i.mscwlns.co/media/misc/pdp_rcl/hair-growth-serum-roll-on/Hair%20Growth%20Roll%20On_af6ryi.jpg?tr=w-600,1,Hair Growth Roll On,FALSE,Hair Growth Roll On,,,,,,new,FALSE,,,,,,,g,,,TRUE,569,598,active,hair,female,"female-18-25,female-25-35,female-35-plus",70,
4-aha-bha-underarm-roll-on-pack-two,4% AHA BHA Underarm Roll on (Pack of 2),<p>Want to feel fresh & <b>odour-free</b> all day?🤩 <br/><br/>Our 4% AHA BHA Underarm Roll On is <b>100% safe</b> with <b>0% Alcohol</b> & <b>0% Aluminium</b>. It helps to: <br/><br/>🌟 <b> Control body o</p>,Be Bodywise,,Skin,"skin, kit of 2, aha bha, roll on, kit, underarms, Be Bodywise, skin",TRUE,Title,Default Title,4-aha-bha-underarm-roll-on-pack-two,0,shopify,100,continue,manual,649,697,TRUE,TRUE,https://i.mscwlns.co/media/misc/others/AppThumbnail_UARO_Flora_2x_ffze2n.jpg?tr=w-600,1,4% AHA BHA Underarm Roll on (Pack of 2),FALSE,4% AHA BHA Underarm Roll on (Pack of 2),,,,,,new,FALSE,,,,,,,g,,,TRUE,649,697,active,skin,female,"female-18-25,female-25-35,female-35-plus",79,"kit of 2,aha bha,roll on,kit,underarms"
4-aha-bha-underarm-roll-on-pack-three,4% AHA BHA Underarm Roll on (Pack of 3),<p>Want to feel fresh & <b>odour-free</b> all day?🤩 <br/><br/>Our 4% AHA BHA Underarm Roll On is <b>100% safe</b> with <b>0% Alcohol</b> & <b>0% Aluminium</b>. It helps to: <br/><br/>🌟 <b> Control body o</p>,Be Bodywise,,Skin,"skin, kit of 3, aha bha, underarms, roll on, kit, Be Bodywise, skin",TRUE,Title,Default Title,4-aha-bha-underarm-roll-on-pack-three,0,shopify,100,continue,manual,899,1045,TRUE,TRUE,https://i.mscwlns.co/media/misc/others/AppThumbnail_UARO_Flora_3x_hbp2hb.jpg?tr=w-600,1,4% AHA BHA Underarm Roll on (Pack of 3),FALSE,4% AHA BHA Underarm Roll on (Pack of 3),,,,,,new,FALSE,,,,,,,g,,,TRUE,899,1045,active,skin,female,"female-18-25,female-25-35,female-35-plus",79,"kit of 3,aha bha,underarms,roll on,kit"
2-aha-body-wash-mini-free,2% AHA bodywash - 30 ml,<br><b>▶Deep cleanses skin</b>: Glycolic Acid in this AHA body wash deep cleanses pores by gently exfoliating dead skin cells and removing impurities. <br><b>▶Improves skin cell turnover</b>: Lactic A,Be Bodywise,,Skin,"skin, Be Bodywise, skin",TRUE,Title,Default Title,2-aha-body-wash-mini-free,0,shopify,100,continue,manual,59,98,TRUE,TRUE,https://i.mscwlns.co/media/misc/pdp_rcl/2-aha-body-wash-mini/Bottle%20fv%20%284%29%20%281%29_l4xw4l.png?tr=w-600,1,2% AHA bodywash - 30 ml,FALSE,2% AHA bodywash - 30 ml,,,,,,new,FALSE,,,,,,,g,,,TRUE,59,98,active,skin,female,"female-18-25,female-25-35,female-35-plus",79,
30-urea-foot-roll-on,30% Urea Foot Roll On - 50ml,"<p>Meet our 30% Urea Foot & Heel Roll-On — the advanced solution for severe dryness and deep cracks, with the highest Urea concentration in the market! ✨<br/><br/>",,,,,,,,,,,,,,,,,,,,,,,,,,,,,,,,,,,,,,,,,,,skin,female,"female-18-25,female-25-35,female-35-plus",70,"urea,roll on,heels,foot"
Why You'll Love It:<br/><br/>,,,,,,,,,,,,,,,,,,,,,,,,,,,,,,,,,,,,,,,,,,,,,,,,,
"🔹 Softe</p>,Be Bodywise,,Skin,skin",urea,roll on,heels,foot,Be Bodywise,"skin,TRUE,Title,Default Title,30-urea-foot-roll-on,0,shopify,100,continue,manual,549,,TRUE,TRUE,https://i.mscwlns.co/media/misc/pdp_rcl/30-urea-foot-roll-on/image%20%2853%29_ic4tyd.png?tr=w-600,1,30% Urea Foot Roll On - 50ml,FALSE,30% Urea Foot Roll On - 50ml,,,,,,new,FALSE,,,,,,,g,,,TRUE,549,,active",,,,,,,,,,,,,,,,,,,,,,,,,,,,,,,,,,,,,,,,,,,
20-urea-lotion-xp,20% Urea Lotion - 300ml,<b>Your search for long-lasting hydration ends here! 💧</b><br/><br/>,,,,,,,,,,,,,,,,,,,,,,,,,,,,,,,,,,,,,,,,,,,skin,female,"female-18-25,female-25-35,female-35-plus",70,"urea,lotion,dull-dry-skin,bestseller"
Meet <b>Be Bodywise 20% Urea Lotion</b> — India’s 1st <b>Triple Action Hydrating Lotion</b> for dry to very dry skin,"powered by <,Be Bodywise,,Skin,skin",urea,lotion,dull-dry-skin,bestseller,Be Bodywise,"skin,TRUE,Title,Default Title,20-urea-lotion-xp,0,shopify,100,continue,manual,549,596,TRUE,TRUE,https://i.mscwlns.co/media/misc/pdp_rcl/20-urea-lotion-xp/AppThumbnail_20%25UreaLotion300ml_4nhfot.jpg?tr=w-600,1,20% Urea Lotion - 300ml,FALSE,20% Urea Lotion - 300ml,,,,,,new,FALSE,,,,,,,g,,,TRUE,549,596,active",,,,,,,,,,,,,,,,,,,,,,,,,,,,,,,,,,,,,,,,,,
1-zpto-anti-dandruff-shampoo,1% ZPTO Anti-Dandruff Shampoo (200ml),"<p>Most anti-dandruff shampoos clear flakes but leave your <b>hair dry, frizzy, and dull. </b></br></br>Be Bodywise <b>1% ZPTO Anti Dandruff Shampoo </b>is clinically formulated to <b>eliminate flakes</b</p>",Be Bodywise,,Hair,"hair, zpto, climbazole, piroctone, olamine, shampoo, dandruff, Be Bodywise, hair",TRUE,Title,Default Title,1-zpto-anti-dandruff-shampoo,0,shopify,100,continue,manual,499,548,TRUE,TRUE,https://i.mscwlns.co/media/misc/pdp_rcl/1-zpto-anti-dandruff-shampoo/AppThumbnail_ZPTO_Shampoo_fuuj4l.jpg?tr=w-600,1,1% ZPTO Anti-Dandruff Shampoo (200ml),FALSE,1% ZPTO Anti-Dandruff Shampoo (200ml),,,,,,new,FALSE,,,,,,,g,,,TRUE,499,548,active,hair,female,"female-18-25,female-25-35,female-35-plus",70,"zpto,climbazole,piroctone,olamine,shampoo,dandruff"
body-exfoliation-pigmentation-kit,Body Exfoliation & Pigmentation Kit,"<p>This <b>Body Exfoliation & Pigmentation Kit </b>combines gentle exfoliation for <b>strawberry / chicken skin</b> with targeted repair for <b>pigmented elbows, neck & knees</b> to give you smoother, mo</p>",Be Bodywise,,Skin,"skin, Be Bodywise, skin",TRUE,Title,Default Title,body-exfoliation-pigmentation-kit,0,shopify,100,continue,manual,999,1097,TRUE,TRUE,https://i.mscwlns.co/media/misc/pdp_rcl/body-exfoliation-pigmentation-kit/AppThumbnail_PRC_Glycolic%20%281%29_i8034d.jpg?tr=w-600,1,Body Exfoliation & Pigmentation Kit,FALSE,Body Exfoliation & Pigmentation Kit,,,,,,new,FALSE,,,,,,,g,,,TRUE,999,1097,active,skin,female,"female-18-25,female-25-35,female-35-plus",70,
triple-milk-deep-hydrating-bodywash-xp1,Triple Milk Deep Hydrating Body wash,<b>Dryness that just won’t quit?</b></br>,,,,,,,,,,,,,,,,,,,,,,,,,,,,,,,,,,,,,,,,,,,skin,female,"female-18-25,female-25-35,female-35-plus",81,
Meet Be Bodywise’s <b>Triple Milk Deep Hydrating Body Wash</b> for dry,tight skin.</br></br>,,,,,,,,,,,,,,,,,,,,,,,,,,,,,,,,,,,,,,,,,,,,,,,,
✨ <b>What makes it different?</b></br>,,,,,,,,,,,,,,,,,,,,,,,,,,,,,,,,,,,,,,,,,,,,,,,,,
"🔹<b>6% Triple Milk: </b>,Be Bodywise,,Skin,skin",Be Bodywise,"skin,TRUE,Title,Default Title,triple-milk-deep-hydrating-bodywash-xp1,0,shopify,100,continue,manual,499,548,TRUE,TRUE,https://i.mscwlns.co/media/misc/pdp_rcl/triple-milk-deep-hydrating-bodywash/AppThumbnail_TripleMilkDeepHydrating_BW_hwyvut.jpg?tr=w-600,1,Triple Milk Deep Hydrating Body wash,FALSE,Triple Milk Deep Hydrating Body wash,,,,,,new,FALSE,,,,,,,g,,,TRUE,499,548,active",,,,,,,,,,,,,,,,,,,,,,,,,,,,,,,,,,,,,,,,,,,,,,,
daily-hydration-kit,Daily Hydration Kit,"<p>Give your skin everyday nourishment with the <b>Daily Hydration Kit</b> — a dermatologist-designed duo that gently cleanses, replenishes moisture, and supports a healthy skin barrier.</br></br>",,,,,,,,,,,,,,,,,,,,,,,,,,,,,,,,,,,,,,,,,,,skin,female,"female-18-25,female-25-35,female-35-plus",70,"dull-dry-skin,urea"
"✨<b>W</p>,Be Bodywise,,Skin,skin",dull-dry-skin,urea,Be Bodywise,"skin,TRUE,Title,Default Title,daily-hydration-kit,0,shopify,100,continue,manual,899,1096,TRUE,TRUE,https://i.mscwlns.co/media/misc/pdp_rcl/daily-hydration-kit/AppThumbnail_10%25UreaLotion300ml_TripleMilk_bv9w5v.jpg?tr=w-600,1,Daily Hydration Kit,FALSE,Daily Hydration Kit,,,,,,new,FALSE,,,,,,,g,,,TRUE,899,1096,active",,,,,,,,,,,,,,,,,,,,,,,,,,,,,,,,,,,,,,,,,,,,,
advanced-urea-skin-heel-repair-kit-50ml,Advanced Urea Skin & Heel Repair Kit - 50ml,<p>Give your dry skin & cracked Heels the next level of care with the <b>Advanced Urea Skin & Heel Repair Kit</b> for long-lasting hydration & superior barrier repair! </br> </br>,,,,,,,,,,,,,,,,,,,,,,,,,,,,,,,,,,,,,,,,,,,skin,female,"female-18-25,female-25-35,female-35-plus",70,
"✨<b>Why Urea?</b> </br</p>,Be Bodywise,,Skin,skin",Be Bodywise,"skin,TRUE,Title,Default Title,advanced-urea-skin-heel-repair-kit-50ml,0,shopify,100,continue,manual,899,987,TRUE,TRUE,https://i.mscwlns.co/media/misc/others/AppThumbnail_UreaKit_ce00s9.jpg?tr=w-600,1,Advanced Urea Skin & Heel Repair Kit - 50ml,FALSE,Advanced Urea Skin & Heel Repair Kit - 50ml,,,,,,new,FALSE,,,,,,,g,,,TRUE,899,987,active",,,,,,,,,,,,,,,,,,,,,,,,,,,,,,,,,,,,,,,,,,,,,,,
salicylic-ceramide-bodywash-xp,1% Salicylic Ceramide Body Wash,<b>Body acne and dry skin?</b> Now you don’t have to choose.<br/>,,,,,,,,,,,,,,,,,,,,,,,,,,,,,,,,,,,,,,,,,,,skin,female,"female-18-25,female-25-35,female-35-plus",70,
"Introducing <b>India’s first 2-in-1 bodywash</b> that treats body acne and dry skin. The dual pump exfoliates & repairs your skin',Be Bodywise,,Skin,skin",Be Bodywise,"skin,TRUE,Title,Default Title,salicylic-ceramide-bodywash-xp,0,shopify,100,continue,manual,499,548,TRUE,TRUE,https://i.mscwlns.co/media/misc/pdp_rcl/salicylic-ceramide-bodywash/AppThumbnail_SalicylicCeramideBW%20NEW_2go7yi.jpg?tr=w-600,1,1% Salicylic Ceramide Body Wash,FALSE,1% Salicylic Ceramide Body Wash,,,,,,new,FALSE,,,,,,,g,,,TRUE,499,548,active",,,,,,,,,,,,,,,,,,,,,,,,,,,,,,,,,,,,,,,,,,,,,,,
advanced-urea-skin-heel-repair-kit-xp1,Advanced Urea Skin & Heel Repair Kit,<p>Give your dry skin & cracked Heels the next level of care with the <b>Advanced Urea Skin & Heel Repair Kit</b> for long-lasting hydration & superior barrier repair! </br> </br>,,,,,,,,,,,,,,,,,,,,,,,,,,,,,,,,,,,,,,,,,,,skin,female,"female-18-25,female-25-35,female-35-plus",70,
"✨<b>Why Urea?</b> </br</p>,Be Bodywise,,Skin,skin",Be Bodywise,"skin,TRUE,Title,Default Title,advanced-urea-skin-heel-repair-kit-xp1,0,shopify,100,continue,manual,999,1135,TRUE,TRUE,https://i.mscwlns.co/media/misc/pdp_rcl/advanced-urea-skin-heel-repair-kit-xp1/AppThumbnail_UreaKit_20UL_20Urea50_abxh3r.jpg?tr=w-600,1,Advanced Urea Skin & Heel Repair Kit,FALSE,Advanced Urea Skin & Heel Repair Kit,,,,,,new,FALSE,,,,,,,g,,,TRUE,999,1135,active",,,,,,,,,,,,,,,,,,,,,,,,,,,,,,,,,,,,,,,,,,,,,,,
body-acne-dry-skin-repair-kit,Body Acne & Dry Skin Repair Kit,"<p>Give your skin complete care with the <b> Body Acne & Dry Skin Repair Kit</b>- designed to clear bumps and deeply repair dry, rough skin. </br> </br>",,,,,,,,,,,,,,,,,,,,,,,,,,,,,,,,,,,,,,,,,,,skin,female,"female-18-25,female-25-35,female-35-plus",70,
✨<b>Why This Combo?</b></br>,,,,,,,,,,,,,,,,,,,,,,,,,,,,,,,,,,,,,,,,,,,,,,,,,
"Body acne often coex</p>,Be Bodywise,,Skin,skin",Be Bodywise,"skin,TRUE,Title,Default Title,body-acne-dry-skin-repair-kit,0,shopify,100,continue,manual,899,987,TRUE,TRUE,https://i.mscwlns.co/media/misc/pdp_rcl/body-acne-dry-skin-repair-kit/1%20Hero_eu1mjq.jpg?tr=w-600,1,Body Acne & Dry Skin Repair Kit,FALSE,Body Acne & Dry Skin Repair Kit,,,,,,new,FALSE,,,,,,,g,,,TRUE,899,987,active",,,,,,,,,,,,,,,,,,,,,,,,,,,,,,,,,,,,,,,,,,,,,,,
6-aha-bha-underarm-roll-on-aqua,6% AHA BHA Underarm Roll On - 50 ml - Aqua,<p>Introducing the <b>6% AHA BHA Underarm Roll-On ✨</b>—Our most effective formula yet for odour control & undeararm pigmentation.<br/><br/>,,,,,,,,,,,,,,,,,,,,,,,,,,,,,,,,,,,,,,,,,,,skin,female,"female-18-25,female-25-35,female-35-plus",70,
Made with science-backed actives,"this <b>advanced formulatio</p>,Be Bodywise,,Skin,skin",Be Bodywise,"skin,TRUE,Title,Default Title,6-aha-bha-underarm-roll-on-aqua,0,shopify,100,continue,manual,399,,TRUE,TRUE,https://i.mscwlns.co/media/misc/pdp_rcl/6-aha-bha-underarm-roll-on-aqua/AppThumbnail_6%25UARO_Aqua_clekqk.jpg?tr=w-600,1,6% AHA BHA Underarm Roll On - 50 ml - Aqua,FALSE,6% AHA BHA Underarm Roll On - 50 ml - Aqua,,,,,,new,FALSE,,,,,,,g,,,TRUE,399,,active",,,,,,,,,,,,,,,,,,,,,,,,,,,,,,,,,,,,,,,,,,,,,,
anti-dandruff-kit-250ml,Anti Dandruff Kit (250 ml),"<p>Upgrade your scalp care routine with the <b>Dandruff Pro Kit</b><br/>A complete solution for dealing with <b>stubborn dandruff</b><br/><br/>This 2-step kit <b> deeply cleanses, removes buildup, and re</p>",Be Bodywise,,Hair,"hair, Be Bodywise, hair",TRUE,Title,Default Title,anti-dandruff-kit-250ml,0,shopify,100,continue,manual,899,987,TRUE,TRUE,https://i.mscwlns.co/media/misc/pdp_rcl/anti-dandruff-kit/SM%20ADS_87d9q1.jpg?tr=w-600,1,Anti Dandruff Kit (250 ml),FALSE,Anti Dandruff Kit (250 ml),,,,,,new,FALSE,,,,,,,g,,,TRUE,899,987,active,hair,female,"female-18-25,female-25-35,female-35-plus",79,
10-niacinamide-body-lotion-sample-free,10% Niacinamide Lotion (30ml),<b>▶ Repairs moisture barrier: </b>Niacinamide & aloe assist in keeping the natural barrier of the skin healthy & repairing compromised barrier<br/><br/><b>▶ Reduces acne marks & blemishes: </b> 10% N,Be Bodywise,,Skin,"skin, Be Bodywise, skin",TRUE,Title,Default Title,10-niacinamide-body-lotion-sample-free,0,shopify,100,continue,manual,59,98,TRUE,TRUE,https://i.mscwlns.co/media/misc/pdp_rcl/10-niacinamide-body-lotion-sample/8__1__guU8Y_LOq.png?tr=w-600,1,10% Niacinamide Lotion (30ml),FALSE,10% Niacinamide Lotion (30ml),,,,,,new,FALSE,,,,,,,g,,,TRUE,59,98,active,skin,female,"female-18-25,female-25-35,female-35-plus",78,
30-urea-foot-roll-on-75ml,30% Urea Foot Roll On 75 ml,"<p>Meet our 30% Urea Foot & Heel Roll-On — the advanced solution for severe dryness and deep cracks, with the highest Urea concentration in the market! ✨<br/><br/>",,,,,,,,,,,,,,,,,,,,,,,,,,,,,,,,,,,,,,,,,,,skin,female,"female-18-25,female-25-35,female-35-plus",70,
Why You'll Love It:<br/><br/>,,,,,,,,,,,,,,,,,,,,,,,,,,,,,,,,,,,,,,,,,,,,,,,,,
"🔹 Softe</p>,Be Bodywise,,Skin,skin",Be Bodywise,"skin,TRUE,Title,Default Title,30-urea-foot-roll-on-75ml,0,shopify,100,continue,manual,549,,TRUE,TRUE,https://i.mscwlns.co/media/misc/pdp_rcl/30-urea-foot-roll-on-75ml/AppThumbnail_30%25UFRO75ml_1a4h88.jpg?tr=w-600,1,30% Urea Foot Roll On 75 ml,FALSE,30% Urea Foot Roll On 75 ml,,,,,,new,FALSE,,,,,,,g,,,TRUE,549,,active",,,,,,,,,,,,,,,,,,,,,,,,,,,,,,,,,,,,,,,,,,,,,,,
5-aha-bha-bodywash-700ml,5% AHA BHA Exfoliating Body Wash (700ml),<p>Looking for <b>one body wash that does it all?</b></br>,,,,,,,,,,,,,,,,,,,,,,,,,,,,,,,,,,,,,,,,,,,skin,female,"female-18-25,female-25-35,female-35-plus",70,
Meet the <b>Be Bodywise 5% AHA BHA Exfoliating Body Wash</b> for all your needs!`</br></br>,,,,,,,,,,,,,,,,,,,,,,,,,,,,,,,,,,,,,,,,,,,,,,,,,
✨ Why You’ll Love It?</br>,,,,,,,,,,,,,,,,,,,,,,,,,,,,,,,,,,,,,,,,,,,,,,,,,
"🔹<b>De-tans:</b> Helps r</p>,Be Bodywise,,Skin,skin",Be Bodywise,"skin,TRUE,Title,Default Title,5-aha-bha-bodywash-700ml,0,shopify,100,continue,manual,699,794,TRUE,TRUE,https://i.mscwlns.co/media/misc/others/AppThumbnail_EBW_ggg4l2.jpg?tr=w-600,1,5% AHA BHA Exfoliating Body Wash (700ml),FALSE,5% AHA BHA Exfoliating Body Wash (700ml),,,,,,new,FALSE,,,,,,,g,,,TRUE,699,794,active",,,,,,,,,,,,,,,,,,,,,,,,,,,,,,,,,,,,,,,,,,,,,,,
sun-care-duo-head-to-toe,Sun Care Duo for Face and Body,<p>Head-to-toe SPF 50+ protection in one pack. Built with new-gen filters so you're protected end to end. </br></br><b>Why the duo</b></br> •SPF 50+ PA++++ broad-spectrum protection for face and body</br</p>,Be Bodywise,,Skin,"skin, Be Bodywise, skin",TRUE,Title,Default Title,sun-care-duo-head-to-toe,0,shopify,100,continue,manual,1098,,TRUE,TRUE,https://i.mscwlns.co/media/misc/others/AppThumbnail_SPF_ULSS%20%281%29_cv0igh.png?tr=w-600,1,Sun Care Duo for Face and Body,FALSE,Sun Care Duo for Face and Body,,,,,,new,FALSE,,,,,,,g,,,TRUE,1098,,active,skin,female,"female-18-25,female-25-35,female-35-plus",77,
body-de-tan-kit,De-Tan Kit,<b>Tired of tan that keeps coming back?</b> Meet the <b>Be Bodywise De-Tan Kit</b> - your 2-step routine to correct and protect stubborn tan.</br></br>,,,,,,,,,,,,,,,,,,,,,,,,,,,,,,,,,,,,,,,,,,,skin,female,"female-18-25,female-25-35,female-35-plus",77,
☀️<b>Why you’ll love it:</b> </br></br>,,,,,,,,,,,,,,,,,,,,,,,,,,,,,,,,,,,,,,,,,,,,,,,,,
"💎<b>De-t,Be Bodywise,,Skin,skin",Be Bodywise,"skin,TRUE,Title,Default Title,body-de-tan-kit,0,shopify,100,continue,manual,900,,TRUE,TRUE,https://i.mscwlns.co/media/misc/pdp_rcl/body-de-tan-kit/AppThumbnail_EBW_SPF_700ml_g5bvm5.jpg?tr=w-600,1,De-Tan Kit,FALSE,De-Tan Kit,,,,,,new,FALSE,,,,,,,g,,,TRUE,900,,active",,,,,,,,,,,,,,,,,,,,,,,,,,,,,,,,,,,,,,,,,,,,,,,
pain-relief-roll-on,Pain Relief Roll On,<p>😩 <b>Still reaching for the same balm or ice pack and still in pain?</b><br/><br/><ul><li>❄️ <b>Instant Cooling Relief</b><br/>8% Menthol kicks in within seconds. It cools the area fast so you feel re</p>,Be Bodywise,,Skin,"skin, urea, heels, bestseller, bestseller_body, roll on, Be Bodywise, skin",TRUE,Title,Default Title,pain-relief-roll-on,0,shopify,100,continue,manual,599,,TRUE,TRUE,https://i.mscwlns.co/media/misc/others/AppThumbnail_UFRO_f5ttds.jpg?tr=w-600,1,Pain Relief Roll On,FALSE,Pain Relief Roll On,,,,,,new,FALSE,,,,,,,g,,,TRUE,599,,active,skin,female,"female-18-25,female-25-35,female-35-plus",70,"urea,heels,bestseller,bestseller_body,roll on"
20-urea-roll-on-75ml,20% Urea Foot Roll On - 75 ml,"<b>Struggling with cracked, rough, and dry heels?</b> <br/><br/>",,,,,,,,,,,,,,,,,,,,,,,,,,,,,,,,,,,,,,,,,,,skin,female,"female-18-25,female-25-35,female-35-plus",70,"urea,roll on"
Experience the transformation with our <b>20% Urea Foot & Heel Roll On</b>😍 —the ultimate remedy for soft,smooth heels!<br/><br/>,,,,,,,,,,,,,,,,,,,,,,,,,,,,,,,,,,,,,,,,,,,,,,,,
"✨ <b,Be Bodywise,,Skin,skin",urea,roll on,Be Bodywise,"skin,TRUE,Title,Default Title,20-urea-roll-on-75ml,0,shopify,100,continue,manual,549,,TRUE,TRUE,https://i.mscwlns.co/media/misc/others/AppThumbnail_UFRO75ml_8tcspk.jpg?tr=w-600,1,20% Urea Foot Roll On - 75 ml,FALSE,20% Urea Foot Roll On - 75 ml,,,,,,new,FALSE,,,,,,,g,,,TRUE,549,,active",,,,,,,,,,,,,,,,,,,,,,,,,,,,,,,,,,,,,,,,,,,,,
6-aha-bha-underarm-roll-on-flora-75ml,6% AHA BHA Underarm Roll On - 75ml - Flora,<p>Introducing the <b>6% AHA BHA Underarm Roll-On ✨</b>—Our most effective formula yet for odour control & undeararm pigmentation.<br/><br/>,,,,,,,,,,,,,,,,,,,,,,,,,,,,,,,,,,,,,,,,,,,skin,female,"female-18-25,female-25-35,female-35-plus",70,
Made with science-backed actives,"this <b>advanced formulatio</p>,Be Bodywise,,Skin,skin",Be Bodywise,"skin,TRUE,Title,Default Title,6-aha-bha-underarm-roll-on-flora-75ml,0,shopify,100,continue,manual,399,,TRUE,TRUE,https://i.mscwlns.co/media/misc/pdp_rcl/6-aha-bha-underarm-roll-on-flora-75ml/AppThumbnail_6%25UARO_Flora_75ml_9u2iwy.jpg?tr=w-600,1,6% AHA BHA Underarm Roll On - 75ml - Flora,FALSE,6% AHA BHA Underarm Roll On - 75ml - Flora,,,,,,new,FALSE,,,,,,,g,,,TRUE,399,,active",,,,,,,,,,,,,,,,,,,,,,,,,,,,,,,,,,,,,,,,,,,,,,
post-partum-hair-gummies,Hair Gummies for Post-Pregnancy Hair Fall (30N),"<p>Recommended solution for <b> Post Partum Hair Fall.</b> <br/><br/>Be Bodywise Post Partum Hair Gummies are packed with <b> Biotin, Folic Acid, Zinc & essential hair Multivitamins, </b> which will give</p>",Be Bodywise,,Hair,"hair, Be Bodywise, hair",TRUE,Title,Default Title,post-partum-hair-gummies,0,shopify,100,continue,manual,499,594,TRUE,TRUE,https://i.mscwlns.co/media/misc/others/AppThumbnail_HG30_d1ffzy.jpg?tr=w-600,1,Hair Gummies for Post-Pregnancy Hair Fall (30N),FALSE,Hair Gummies for Post-Pregnancy Hair Fall (30N),,,,,,new,FALSE,,,,,,,g,,,TRUE,499,594,active,hair,female,"female-18-25,female-25-35,female-35-plus",84,
lj-multivitamin-gummies,Multivitamin Gummies 2+ (30N),,Little Joys,,Gummies,"energy, nutrition, vitamins, immunity, Little Joys, gummies",TRUE,Title,Default Title,lj-multivitamin-gummies,0,shopify,100,continue,manual,499,,TRUE,TRUE,https://i.mscwlns.co/media/misc/others/Multivitamin%20Gummies%202%2B%20%2830%20Days%20Pack%29_lwfoq5.jpg?tr=w-600,1,Multivitamin Gummies 2+ (30N),FALSE,Multivitamin Gummies 2+ (30N),,,,,,new,FALSE,,,,,,,g,,,TRUE,499,,active,,,,,
multivitamin-gummies-7plus-30,Multivitamin Gummies 7+ (30N),,Little Joys,,Gummies,"energy, nutrition, vitamins, immunity, Little Joys, gummies",TRUE,Title,Default Title,multivitamin-gummies-7plus-30,0,shopify,100,continue,manual,499,549,TRUE,TRUE,https://i.mscwlns.co/media/misc/pdp/multivitamin-gummies-7/MVG7%2B_WBG_9y4hy9.jpg?tr=w-600,1,Multivitamin Gummies 7+ (30N),FALSE,Multivitamin Gummies 7+ (30N),,,,,,new,FALSE,,,,,,,g,,,TRUE,499,549,active,,,,,
multivitamin-gummies-13-18,Multivitamin Gummies 13+ (30N),,Little Joys,,Gummies,"energy, nutrition, vitamins, immunity, teen, Little Joys, gummies",TRUE,Title,Default Title,multivitamin-gummies-13-18,0,shopify,100,continue,manual,499,549,TRUE,TRUE,https://i.mscwlns.co/media/misc/pdp/multivitamin-gummies-13-18/Thumbnail_2_f6gx6f.jpg?tr=w-600,1,Multivitamin Gummies 13+ (30N),FALSE,Multivitamin Gummies 13+ (30N),,,,,,new,FALSE,,,,,,,g,,,TRUE,499,549,active,,,,,
brain-booster-gummies,Brain Health Gummies 2+ (30N),,Little Joys,,Gummies,"energy, brain, dha, omega3, focus, learning, Little Joys, gummies",TRUE,Title,Default Title,brain-booster-gummies,0,shopify,100,continue,manual,499,549,TRUE,TRUE,https://i.mscwlns.co/media/misc/others/DHA%20Omega3%20Brain%20Gummies%202%2B%20%2830N%29_47ta0n.jpg?tr=w-600,1,Brain Health Gummies 2+ (30N),FALSE,Brain Health Gummies 2+ (30N),,,,,,new,FALSE,,,,,,,g,,,TRUE,499,549,active,,,,,
brain-gummies-7-packof60,Brain Health Gummies 7+ (60N),,Little Joys,,Gummies,"energy, brain, dha, omega3, focus, learning, Little Joys, gummies",TRUE,Title,Default Title,brain-gummies-7-packof60,0,shopify,100,continue,manual,849,1049,TRUE,TRUE,https://i.mscwlns.co/media/misc/pdp/brain-gummies-7-packof60/brain-gummies-7-packof60_ld8bii.jpg?tr=w-600,1,Brain Health Gummies 7+ (60N),FALSE,Brain Health Gummies 7+ (60N),,,,,,new,FALSE,,,,,,,g,,,TRUE,849,1049,active,,,,,
calcium-gummies,Calcium Gummies (30N),,Little Joys,,Gummies,"energy, calcium, bone, growth, teeth, Little Joys, gummies",TRUE,Title,Default Title,calcium-gummies,0,shopify,100,continue,manual,499,549,TRUE,TRUE,https://i.mscwlns.co/media/misc/others/Calcium%20Gummies%20Mango%20%2830N%29_cv3gye.jpg?tr=w-600,1,Calcium Gummies (30N),FALSE,Calcium Gummies (30N),,,,,,new,FALSE,,,,,,,g,,,TRUE,499,549,active,,,,,
magnesium-gummies-30-2,Magnesium Gummies 4+ (30N),,Little Joys,,Gummies,"sleep, sleep, calm, magnesium, relaxation, Little Joys, gummies",TRUE,Title,Default Title,magnesium-gummies-30-2,0,shopify,100,continue,manual,499,549,TRUE,TRUE,https://i.mscwlns.co/media/misc/pdp/magnesium-gummies-30/Website-Thumbnail%20%281%29_fk6xic.jpg?tr=w-600,1,Magnesium Gummies 4+ (30N),FALSE,Magnesium Gummies 4+ (30N),,,,,,new,FALSE,,,,,,,g,,,TRUE,499,549,active,,,,,
magnesium-gummies-30-7,Magnesium Gummies 13+ (30N),,Little Joys,,Gummies,"sleep, sleep, calm, magnesium, stress, teen, Little Joys, gummies",TRUE,Title,Default Title,magnesium-gummies-30-7,0,shopify,100,continue,manual,499,549,TRUE,TRUE,https://i.mscwlns.co/media/misc/pdp/magnesium-gummies-30/Website-Thumbnail%20%281%29_fk6xic.jpg?tr=w-600,1,Magnesium Gummies 13+ (30N),FALSE,Magnesium Gummies 13+ (30N),,,,,,new,FALSE,,,,,,,g,,,TRUE,499,549,active,,,,,
hair-gummies,Biotin Hair Gummies (30N),,Little Joys,,Gummies,"hair, hair, biotin, hair fall, teen, Little Joys, gummies",TRUE,Title,Default Title,hair-gummies,0,shopify,100,continue,manual,499,,TRUE,TRUE,https://i.mscwlns.co/media/misc/pdp/hair-gummies/Hair-gummies_1000X750___1__Tx5NnxxbzN.jpg?tr=w-600,1,Biotin Hair Gummies (30N),FALSE,Biotin Hair Gummies (30N),,,,,,new,FALSE,,,,,,,g,,,TRUE,499,,active,,,,,
nutrimix-nutrition-powder-min,NutriMix Chocolate 2+ (350g),,Little Joys,,Nutrition,"energy, nutrition, protein, growth, milk, Little Joys, nutrition",TRUE,Title,Default Title,nutrimix-nutrition-powder-min,0,shopify,100,continue,manual,599,699,TRUE,TRUE,https://i.mscwlns.co/media/misc/pdp/nutrimix-nutrition-powder/Nutrimiz_WBG_5gjc5h.jpg?tr=w-600,1,NutriMix Chocolate 2+ (350g),FALSE,NutriMix Chocolate 2+ (350g),,,,,,new,FALSE,,,,,,,g,,,TRUE,599,699,active,,,,,
nutrimix-nutrition-powder-vanilla,NutriMix Vanilla 2+ (350g),,Little Joys,,Nutrition,"energy, nutrition, protein, growth, milk, Little Joys, nutrition",TRUE,Title,Default Title,nutrimix-nutrition-powder-vanilla,0,shopify,100,continue,manual,649,699,TRUE,TRUE,https://i.mscwlns.co/media/misc/others/Nutrimix%20Vanilla%20Nutrition%20Powder%202%2B%20%28350g%29_e90omx.jpg?tr=w-600,1,NutriMix Vanilla 2+ (350g),FALSE,NutriMix Vanilla 2+ (350g),,,,,,new,FALSE,,,,,,,g,,,TRUE,649,699,active,,,,,
nutrimix-nutrition-powder-strawberry,NutriMix Strawberry (350g),,Little Joys,,Nutrition,"energy, nutrition, protein, growth, milk, Little Joys, nutrition",TRUE,Title,Default Title,nutrimix-nutrition-powder-strawberry,0,shopify,100,continue,manual,699,,TRUE,TRUE,https://i.mscwlns.co/media/misc/others/Nutrimix%20Strawberry%20Nutrition%20Powder_3yhb0p.jpg?tr=w-600,1,NutriMix Strawberry (350g),FALSE,NutriMix Strawberry (350g),,,,,,new,FALSE,,,,,,,g,,,TRUE,699,,active,,,,,
nutrimix-nutrition-powder-7,NutriMix 7+ Chocolate (300g),,Little Joys,,Nutrition,"energy, nutrition, protein, growth, school, Little Joys, nutrition",TRUE,Title,Default Title,nutrimix-nutrition-powder-7,0,shopify,100,continue,manual,649,,TRUE,TRUE,https://i.mscwlns.co/media/misc/others/Nutrimix%207%2B%20Chocolate%20Nutrition%20Powder_11lndz.jpg?tr=w-600,1,NutriMix 7+ Chocolate (300g),FALSE,NutriMix 7+ Chocolate (300g),,,,,,new,FALSE,,,,,,,g,,,TRUE,649,,active,,,,,
neem-bodywash-new,Neem Bodywash (250ml),,Little Joys,,Personal Care,"skin, skin, bodywash, neem, natural, Little Joys, personal-care",TRUE,Title,Default Title,neem-bodywash-new,0,shopify,100,continue,manual,249,349,TRUE,TRUE,https://i.mscwlns.co/media/misc/others/Neem%20Bodywash_g4k2xe.jpg?tr=w-600,1,Neem Bodywash (250ml),FALSE,Neem Bodywash (250ml),,,,,,new,FALSE,,,,,,,g,,,TRUE,249,349,active,,,,,
aloe-shampoo-new,Aloe Vera Shampoo (200ml),,Little Joys,,Personal Care,"hair, hair, shampoo, aloe, gentle, Little Joys, personal-care",TRUE,Title,Default Title,aloe-shampoo-new,0,shopify,100,continue,manual,324,399,TRUE,TRUE,https://i.mscwlns.co/media/misc/others/Aloe%20Vera%20Shampoo%20%28250ml%29_jyp0ok.jpg?tr=w-600,1,Aloe Vera Shampoo (200ml),FALSE,Aloe Vera Shampoo (200ml),,,,,,new,FALSE,,,,,,,g,,,TRUE,324,399,active,,,,,
amla-shampoo,Amla Shampoo (250ml),,Little Joys,,Personal Care,"hair, hair, shampoo, amla, natural, Little Joys, personal-care",TRUE,Title,Default Title,amla-shampoo,0,shopify,100,continue,manual,399,,TRUE,TRUE,https://i.mscwlns.co/media/misc/pdp/amla-shampoo/2901_CR__1__BGa9EDsCC.jpg?tr=w-600,1,Amla Shampoo (250ml),FALSE,Amla Shampoo (250ml),,,,,,new,FALSE,,,,,,,g,,,TRUE,399,,active,,,,,
multivitamin-toothpaste,Multivitamin Toothpaste (80g),,Little Joys,,Personal Care,"energy, teeth, oral, toothpaste, fluoride, Little Joys, personal-care",TRUE,Title,Default Title,multivitamin-toothpaste,0,shopify,100,continue,manual,199,,TRUE,TRUE,https://i.mscwlns.co/media/misc/others/Multivitamin%20Toothpaste%205%2B_eefdgc.jpg?tr=w-600,1,Multivitamin Toothpaste (80g),FALSE,Multivitamin Toothpaste (80g),,,,,,new,FALSE,,,,,,,g,,,TRUE,199,,active,,,,,
peppa-body-lotion-for-kids,Moisturizing Body Lotion (200ml),,Little Joys,,Personal Care,"skin, skin, lotion, moisturiser, dry skin, Little Joys, personal-care",TRUE,Title,Default Title,peppa-body-lotion-for-kids,0,shopify,100,continue,manual,349,,TRUE,TRUE,https://i.mscwlns.co/media/misc/pdp/peppa-body-lotion-for-kids/2850%20Cr%206_5jxs82.jpg?tr=w-800,1,Moisturizing Body Lotion (200ml),FALSE,Moisturizing Body Lotion (200ml),,,,,,new,FALSE,,,,,,,g,,,TRUE,349,,active,,,,,
millet-chocos,Millet Choco Crunch (250g),,Little Joys,,Healthysnacks,"energy, snack, millet, healthy snack, Little Joys, healthysnacks",TRUE,Title,Default Title,millet-chocos,0,shopify,100,continue,manual,299,,TRUE,TRUE,https://i.mscwlns.co/media/misc/pdp/millet-chocos/Millet%20Chocos_j0d2yj.jpg?tr=w-600,1,Millet Choco Crunch (250g),FALSE,Millet Choco Crunch (250g),,,,,,new,FALSE,,,,,,,g,,,TRUE,299,,active,,,,,
chocolate-spread,Healthy Chocolate Spread (300g),,Little Joys,,Healthysnacks,"energy, snack, spread, chocolate, healthy, Little Joys, healthysnacks",TRUE,Title,Default Title,chocolate-spread,0,shopify,100,continue,manual,449,499,TRUE,TRUE,https://i.mscwlns.co/media/misc/others/Chocolate%20Hazelnut%20Spread%20%28300g%29_c2dcg7.jpg?tr=w-600,1,Healthy Chocolate Spread (300g),FALSE,Healthy Chocolate Spread (300g),,,,,,new,FALSE,,,,,,,g,,,TRUE,449,499,active,,,,,
peanut-butter-chocolate,Chocolate Peanut Butter (500g),,Little Joys,,Healthysnacks,"energy, snack, peanut butter, protein, healthy, Little Joys, healthysnacks",TRUE,Title,Default Title,peanut-butter-chocolate,0,shopify,100,continue,manual,399,,TRUE,TRUE,https://i.mscwlns.co/media/misc/others/Chocolate%20Peanut%20Butter%20-%20500%20g_ao9euh.jpg?tr=w-600,1,Chocolate Peanut Butter (500g),FALSE,Chocolate Peanut Butter (500g),,,,,,new,FALSE,,,,,,,g,,,TRUE,399,,active,,,,,
millet-pancake,Millet Pancake Mix,,Little Joys,,Healthysnacks,"energy, snack, millet, breakfast, healthy, Little Joys, healthysnacks",TRUE,Title,Default Title,millet-pancake,0,shopify,100,continue,manual,199,,TRUE,TRUE,https://i.mscwlns.co/media/misc/pdp/millet-pancake/Slide%201.1_2v686j.jpg?tr=w-600,1,Millet Pancake Mix,FALSE,Millet Pancake Mix,,,,,,new,FALSE,,,,,,,g,,,TRUE,199,,active,,,,,
fruit-jam,Strawberry Honey Jam,,Little Joys,,Healthysnacks,"energy, snack, jam, no sugar, natural, Little Joys, healthysnacks",TRUE,Title,Default Title,fruit-jam,0,shopify,100,continue,manual,249,,TRUE,TRUE,https://i.mscwlns.co/media/misc/pdp/jam-glass/Strawberry%20Honey%20Jam%20Glass%20Jar%20copy_2v2sy1.jpg?tr=w-600,1,Strawberry Honey Jam,FALSE,Strawberry Honey Jam,,,,,,new,FALSE,,,,,,,g,,,TRUE,249,,active,,,,,